time,latitude,longitude,depth,mag,magType,place
2025-12-30T23:51:36.674Z,39.4639,142.7562,35.0,4.8,mb,"69 km E of Yamada, Japan"
2025-12-30T22:36:09.826Z,3.0448,128.8654,10.0,4.5,mb,"173 km NNE of Tobelo, Indonesia"
2025-12-30T22:19:46.317Z,39.5984,143.3045,27.735,4.8,mww,"117 km E of Miyako, Japan"
2025-12-30T20:55:06.344Z,1.1328,123.344,10.0,4.5,mb,"72 km NNE of Gorontalo, Indonesia"
2025-12-30T20:26:04.069Z,-20.6323,-63.1477,553.819,5.3,mww,"26 km SSE of Boyuibe, Bolivia"
2025-12-30T16:45:05.128Z,6.2037,126.8425,80.527,4.5,mb,"75 km ESE of Pondaguitan, Philippines"
2025-12-30T13:43:09.584Z,4.6976,96.901,10.182,4.6,mb,"60 km SSW of Lhokseumawe, Indonesia"
2025-12-30T13:40:00.917Z,10.7262,125.3714,10.0,4.6,mb,"25 km NE of Hingatungan, Philippines"
2025-12-30T11:22:07.914Z,-7.0521,155.195,10.0,5.1,mb,"87 km SSW of Panguna, Papua New Guinea"
2025-12-30T10:58:04.541Z,-18.1477,-178.3075,536.568,4.5,mb,"251 km E of Levuka, Fiji"
2025-12-30T10:17:19.055Z,60.4206,-139.56,5.0,5.1,mww,"97 km N of Yakutat, Alaska"
2025-12-30T08:12:24.579Z,27.549,128.7241,11.0,5.5,mww,"19 km NNE of Wadomari, Japan"
2025-12-30T08:10:41.241Z,-31.415,-67.7291,10.0,4.5,mb,"58 km ENE of Caucete, Argentina"
2025-12-30T06:08:06.856Z,-17.9318,-178.3497,561.357,4.6,mb,"247 km E of Levuka, Fiji"
2025-12-30T06:04:12.828Z,31.4462,140.1365,10.0,4.6,mb,"Izu Islands, Japan region"
2025-12-30T04:16:17.852Z,-42.7194,83.6078,10.0,5.1,mww,Mid-Indian Ridge
2025-12-30T03:44:00.944Z,18.2852,145.5755,208.946,4.6,mb,"Pagan region, Northern Mariana Islands"
2025-12-29T23:39:05.861Z,-55.7521,-26.1327,10.0,4.5,mb,South Sandwich Islands region
2025-12-29T22:47:22.825Z,44.0626,147.506,35.0,4.5,mb,"69 km ENE of Shikotan, Russia"
2025-12-29T21:50:33.423Z,-20.347,-178.4716,600.131,4.8,mb,Fiji region
2025-12-29T16:39:00.969Z,-23.5565,69.5042,10.0,4.9,mb,Mid-Indian Ridge
2025-12-29T14:43:00.650Z,0.9508,126.1289,39.214,4.6,mb,"123 km ESE of Bitung, Indonesia"
2025-12-29T14:16:12.759Z,32.3307,140.8236,69.344,4.5,mb,"Izu Islands, Japan region"
2025-12-29T11:40:07.886Z,-5.2545,152.2946,51.498,5.1,mb,"100 km S of Kokopo, Papua New Guinea"
2025-12-29T09:51:40.385Z,-5.3127,34.9465,10.0,4.6,mb,"28 km SE of Ikungi, Tanzania"
2025-12-29T05:39:26.841Z,52.0277,160.2995,19.736,4.7,mb,"161 km SE of Petropavlovsk-Kamchatsky, Russia"
2025-12-29T05:17:56.954Z,0.211,126.6873,111.21,4.5,mb,"100 km SW of Ternate, Indonesia"
2025-12-29T02:18:18.001Z,-17.4834,-172.1175,10.0,4.6,mb,"236 km ENE of Neiafu, Tonga"
2025-12-29T00:41:14.360Z,40.547,-120.70083333333,6.78,4.7,mw,"15 km NNW of Susanville, CA"
2025-12-28T23:19:55.859Z,-9.0199,-79.0454,72.731,5.0,mb,"43 km W of Puerto Santa, Peru"
2025-12-28T18:03:49.198Z,-17.076,-174.1664,120.593,4.6,mb,"130 km SSW of Hihifo, Tonga"
2025-12-28T13:40:01.628Z,49.3395,156.1103,59.872,4.5,mb,"148 km S of Severo-Kuril’sk, Russia"
2025-12-28T13:09:37.498Z,-13.5455,-76.9197,10.0,4.5,mb,"77 km SW of San Vicente de Cañete, Peru"
2025-12-28T10:46:25.091Z,49.6174,155.5281,50.359,4.6,mb,"125 km SSW of Severo-Kuril’sk, Russia"
2025-12-28T08:16:33.398Z,-20.3451,-177.7382,540.196,4.5,mb,"269 km WNW of Houma, Tonga"
2025-12-28T08:06:21.857Z,-20.2519,-178.5925,628.026,4.6,mb,Fiji region
2025-12-28T04:36:21.740Z,-59.7567,-26.8249,37.676,5.1,mb,South Sandwich Islands region
2025-12-28T02:51:49.922Z,-8.9834,-79.039,58.0,6.2,mww,"43 km W of Puerto Santa, Peru"
2025-12-28T02:15:44.299Z,-0.1295,99.9834,10.0,4.6,mb,"47 km WNW of Bukittinggi, Indonesia"
2025-12-28T02:11:34.699Z,-0.0886,100.1054,10.0,4.6,mb,"38 km NW of Bukittinggi, Indonesia"
2025-12-27T22:11:46.715Z,-20.9109,-178.572,590.807,4.8,mb,Fiji region
2025-12-27T19:06:02.156Z,-50.2489,130.0473,10.0,4.5,mb,western Indian-Antarctic Ridge
2025-12-27T18:26:23.646Z,15.3857,120.1378,64.159,4.9,mb,"13 km NE of San Juan, Philippines"
2025-12-27T17:44:32.948Z,29.6473,142.1455,22.472,4.9,mb,"Izu Islands, Japan region"
2025-12-27T15:05:55.388Z,24.6841,122.0354,63.0,6.6,mww,"29 km ESE of Yilan, Taiwan"
2025-12-27T12:42:49.553Z,26.7466,92.3604,41.698,4.5,mb,"12 km WNW of Dhekiajuli, India"
2025-12-27T10:40:49.838Z,-28.2562,-63.1342,593.431,5.6,mww,"37 km NW of Añatuya, Argentina"
2025-12-27T08:18:17.769Z,-6.357,147.6044,66.178,4.7,mb,"34 km NW of Finschhafen, Papua New Guinea"
2025-12-27T05:45:43.004Z,-20.1899,-177.6541,502.591,4.5,mb,"267 km WNW of Houma, Tonga"
2025-12-27T03:00:16.979Z,-5.5489,102.247,10.0,4.9,mb,"193 km S of Bengkulu, Indonesia"
2025-12-27T02:25:16.091Z,49.6988,158.8076,10.0,5.1,mb,"220 km ESE of Severo-Kuril’sk, Russia"
2025-12-27T01:10:11.630Z,-5.5338,102.2674,10.0,5.1,mww,"191 km S of Bengkulu, Indonesia"
2025-12-27T00:35:17.256Z,-11.0621,-77.9333,48.19,4.6,mb,"31 km W of Végueta, Peru"
2025-12-27T00:22:34.022Z,-5.5456,102.3691,25.0,5.4,mww,"193 km S of Bengkulu, Indonesia"
2025-12-26T23:02:24.826Z,-4.5433,153.2228,84.163,5.2,mb,"108 km ESE of Kokopo, Papua New Guinea"
2025-12-26T19:27:54.701Z,-20.5344,-178.9538,623.051,4.6,mb,Fiji region
2025-12-26T19:22:46.899Z,-5.3111,152.3367,43.703,4.5,mb,"107 km S of Kokopo, Papua New Guinea"
2025-12-26T19:05:12.619Z,-22.5252,-68.5918,108.198,4.6,mb,"34 km ESE of Calama, Chile"
2025-12-26T16:41:06.805Z,-26.2091,178.7099,575.919,4.8,mb,south of the Fiji Islands
2025-12-26T16:41:01.856Z,-56.3438,-26.7254,66.373,4.6,mb,South Sandwich Islands region
2025-12-26T16:31:39.392Z,-8.4443,-75.2197,128.399,4.8,mb,"42 km N of San Alejandro, Peru"
2025-12-26T15:31:40.823Z,57.8398,155.8146,10.0,4.5,mb,"170 km W of Tigil’, Russia"
2025-12-26T15:29:51.891Z,-4.9555,144.7364,92.655,4.5,mb,"114 km NNE of Mount Hagen, Papua New Guinea"
2025-12-26T14:38:26.350Z,-15.173,-175.2777,17.564,4.7,mb,"180 km WNW of Hihifo, Tonga"
2025-12-26T14:19:38.675Z,-8.568,112.9143,136.963,4.5,mb,"43 km SSE of Dampit, Indonesia"
2025-12-26T12:33:55.761Z,-6.2398,151.8498,10.0,4.7,mb,"204 km ESE of Kimbe, Papua New Guinea"
2025-12-26T10:44:53.791Z,29.0344,138.6988,492.848,4.7,mb,"Izu Islands, Japan region"
2025-12-26T09:34:59.328Z,31.9766,141.0053,10.0,4.5,mb,"Izu Islands, Japan region"
2025-12-26T08:36:07.520Z,-14.5577,-176.9372,10.0,5.6,mww,"129 km ESE of Alo, Wallis and Futuna"
2025-12-26T07:45:39.252Z,-21.0771,168.6603,10.0,4.9,mb,"96 km ENE of Tadine, New Caledonia"
2025-12-26T07:14:06.513Z,-16.2898,66.8529,10.0,4.7,mb,Mid-Indian Ridge
2025-12-26T07:12:33.963Z,-20.8871,68.3582,10.0,4.5,mb,Mid-Indian Ridge
2025-12-26T05:25:52.737Z,-3.3888,143.6484,10.0,4.6,mb,"17 km N of Wewak, Papua New Guinea"
2025-12-26T04:44:01.248Z,-60.2506,-61.856,10.0,5.1,mb,Drake Passage
2025-12-26T03:29:17.836Z,-0.4948,-20.0117,10.0,4.6,mb,central Mid-Atlantic Ridge
2025-12-25T23:00:05.553Z,23.7096,70.4196,10.0,4.6,mb,"27 km WNW of Rāpar, India"
2025-12-25T22:29:11.265Z,-12.1351,167.293,288.191,4.8,mb,"194 km N of Sola, Vanuatu"
2025-12-25T20:26:16.333Z,0.1711,129.64,10.0,4.5,mb,"106 km WNW of Waisai, Indonesia"
2025-12-25T19:39:36.800Z,57.8588,155.7394,10.0,4.9,mb,"175 km W of Tigil’, Russia"
2025-12-25T19:30:23.192Z,52.4255,163.6086,10.0,4.5,mb,"off the east coast of the Kamchatka Peninsula, Russia"
2025-12-25T18:16:50.284Z,-40.6856,176.1199,26.146,4.5,mwr,"25 km NNW of Castlepoint, New Zealand"
2025-12-25T17:15:43.098Z,-56.0161,-26.5191,34.327,4.6,mb,South Sandwich Islands region
2025-12-25T17:01:45.586Z,0.5079,123.6649,260.89,4.7,mb,"67 km E of Gorontalo, Indonesia"
2025-12-25T16:25:51.382Z,41.2616,142.4348,56.471,4.6,mb,"101 km E of Yokohama, Japan"
2025-12-25T16:17:41.763Z,41.2106,142.4687,54.143,5.6,mww,"103 km E of Yokohama, Japan"
2025-12-25T15:48:58.913Z,11.7644,143.2277,10.0,4.7,mb,"228 km SW of Merizo Village, Guam"
2025-12-25T13:17:00.600Z,44.3631,149.0615,35.0,4.8,mb,"134 km SE of Kuril’sk, Russia"
2025-12-25T09:57:14.894Z,-26.6316,-176.2731,10.0,5.0,mww,south of the Fiji Islands
2025-12-25T09:24:37.367Z,-61.1533,-35.4998,10.0,4.7,mb,Scotia Sea
2025-12-25T09:13:27.947Z,-61.2585,-35.6231,10.0,4.5,mb,Scotia Sea
2025-12-25T08:39:39.282Z,-61.2144,-36.2321,10.0,4.6,mb,Scotia Sea
2025-12-25T08:23:06.876Z,15.0232,147.7715,10.0,4.5,mb,"217 km E of Saipan, Northern Mariana Islands"
2025-12-25T08:14:47.433Z,-61.1332,-36.3328,10.0,5.0,mb,Scotia Sea
2025-12-25T05:11:21.741Z,-26.6063,-114.6182,10.0,4.6,mb,Easter Island region
2025-12-24T23:00:11.481Z,43.6603,147.8058,47.63,4.9,mb,"88 km E of Shikotan, Russia"
2025-12-24T22:37:32.484Z,11.7823,143.1062,10.0,5.1,mww,"236 km SW of Merizo Village, Guam"
2025-12-24T22:37:31.211Z,72.1242,1.1624,10.0,5.0,mww,Norwegian Sea
2025-12-24T21:37:51.068Z,58.3341,-32.1459,10.0,4.8,mww,Reykjanes Ridge
2025-12-24T21:03:14.487Z,-57.3621,148.6989,10.0,4.7,mb,west of Macquarie Island
2025-12-24T20:18:25.623Z,-33.461,78.0184,10.0,4.5,mb,Mid-Indian Ridge
2025-12-24T18:54:44.961Z,58.3774,-32.1618,10.0,4.5,mb,Reykjanes Ridge
2025-12-24T18:00:18.009Z,-14.9984,-176.4803,10.0,4.5,mb,"191 km ESE of Alo, Wallis and Futuna"
2025-12-24T15:00:35.494Z,11.7846,143.3634,12.0,5.7,mww,"216 km SW of Merizo Village, Guam"
2025-12-24T13:34:31.289Z,-2.862,101.1384,62.216,4.5,mb,"93 km SSW of Sungai Penuh, Indonesia"
2025-12-24T13:33:57.678Z,13.0227,144.6297,45.95,5.0,mb,"27 km S of Merizo Village, Guam"
2025-12-24T10:56:59.609Z,51.221,-174.898,10.0,4.8,mb,"118 km SSW of Atka, Alaska"
2025-12-24T09:47:06.669Z,22.8982,121.2494,8.0,6.0,mww,"2025 Taitung, Taiwan Earthquake"
2025-12-24T05:50:52.267Z,8.3133,127.463,10.0,4.7,mb,"114 km E of Barcelona, Philippines"
2025-12-24T05:30:32.027Z,-4.5297,102.6053,59.001,4.8,mb,"89 km SSE of Bengkulu, Indonesia"
2025-12-24T04:09:47.901Z,12.6319,92.7492,35.0,4.8,mb,"103 km N of Bamboo Flat, India"
2025-12-24T01:55:53.268Z,19.2908,39.2095,10.0,4.5,mb,"183 km ENE of Tokār, Sudan"
2025-12-24T01:05:20.681Z,-32.3643,-71.4542,51.045,4.5,mwr,"23 km WNW of La Ligua, Chile"
2025-12-24T00:53:13.678Z,16.5468,-59.651,13.05,4.5,mb,"154 km E of Beauséjour, Guadeloupe"
2025-12-23T20:41:57.853Z,-14.5564,167.1377,157.0,5.6,mww,"54 km N of Port-Olry, Vanuatu"
2025-12-23T20:32:22.538Z,-24.96,179.8016,520.296,4.5,mb,south of the Fiji Islands
2025-12-23T20:03:28.380Z,51.1048,159.4435,10.0,4.6,mb,"209 km ESE of Ozernovskiy, Russia"
2025-12-23T19:49:17.378Z,49.6991,157.8171,10.0,4.7,mb,"162 km SE of Severo-Kuril’sk, Russia"
2025-12-23T14:19:38.101Z,-19.5181,-173.0066,10.0,4.5,mb,"140 km E of Fangale’ounga, Tonga"
2025-12-23T13:20:56.124Z,-18.1414,-175.1362,182.375,4.5,mb,"134 km WNW of Neiafu, Tonga"
2025-12-23T12:16:25.803Z,-58.3364,-23.3069,10.0,5.0,mb,South Sandwich Islands region
2025-12-23T11:22:09.435Z,-4.1381,128.7192,10.0,4.5,mb,"77 km SE of Ambon, Indonesia"
2025-12-23T09:54:54.368Z,-5.6145,147.3239,208.225,5.2,mww,"119 km NNW of Finschhafen, Papua New Guinea"
2025-12-23T09:44:22.202Z,33.1242,137.7749,334.154,5.2,mww,"160 km SSE of Shima, Japan"
2025-12-23T04:32:34.098Z,40.7155,51.8267,49.334,5.1,mb,"122 km NW of Türkmenbaşy, Turkmenistan"
2025-12-23T04:31:27.513Z,-41.3993,-84.7589,10.0,4.8,mww,West Chile Rise
2025-12-23T03:54:56.001Z,-27.5263,-176.2467,10.0,4.7,mb,Kermadec Islands region
2025-12-22T23:45:32.525Z,-56.4199,-26.4736,75.469,4.5,mb,South Sandwich Islands region
2025-12-22T22:28:28.411Z,59.8337,-30.0607,10.0,4.5,mb,Reykjanes Ridge
2025-12-22T22:04:48.440Z,-21.0754,-68.3246,129.109,4.8,mb,"18 km NNW of Ollagüe, Chile"
2025-12-22T19:16:04.027Z,-30.785,-178.5347,10.0,4.6,mb,"Kermadec Islands, New Zealand"
2025-12-22T18:45:41.373Z,0.9916,120.5479,596.654,4.6,mb,"223 km NNE of Palu, Indonesia"
2025-12-22T18:03:23.345Z,-6.2539,149.149,55.607,4.6,mb,"44 km W of Kandrian, Papua New Guinea"
2025-12-22T17:29:00.512Z,-6.1773,131.1885,65.107,4.6,mb,"183 km WSW of Tual, Indonesia"
2025-12-22T16:02:33.175Z,-21.0645,-177.9776,445.052,4.8,mb,"278 km W of Houma, Tonga"
2025-12-22T14:59:47.560Z,60.5229,-139.8536,5.0,4.5,mwr,"108 km N of Yakutat, Alaska"
2025-12-22T14:00:22.634Z,-6.2303,151.7778,10.0,4.9,mb,"196 km ESE of Kimbe, Papua New Guinea"
2025-12-22T12:38:09.654Z,26.0146,126.0921,89.971,4.9,mb,"155 km NNE of Hirara, Japan"
2025-12-22T12:31:20.493Z,39.3391,114.4477,10.0,4.6,mb,"92 km N of Beitanzhuang, China"
2025-12-22T10:31:27.918Z,-5.7036,145.5368,107.0,6.5,mww,"45 km NNE of Goroka, Papua New Guinea"
2025-12-22T02:23:24.870Z,14.3484,-93.1752,35.0,4.6,mb,"91 km WSW of Puerto Madero, Mexico"
2025-12-22T02:20:23.312Z,14.3738,-93.1789,35.0,5.3,mww,"90 km WSW of Puerto Madero, Mexico"
2025-12-22T01:14:13.055Z,8.448,127.6638,10.0,4.6,mb,"139 km ENE of Barcelona, Philippines"
2025-12-22T01:07:54.393Z,-55.2488,-27.4874,10.0,4.6,mb,South Sandwich Islands region
2025-12-21T23:11:58.238Z,-5.646,151.7832,35.0,4.5,mb,"153 km SSW of Kokopo, Papua New Guinea"
2025-12-21T23:07:31.508Z,-5.5178,151.7579,48.587,5.3,mww,"141 km SSW of Kokopo, Papua New Guinea"
2025-12-21T22:26:59.957Z,17.6585,146.1456,153.099,4.7,mb,"273 km N of Saipan, Northern Mariana Islands"
2025-12-21T22:25:37.235Z,-55.3529,-27.4001,15.923,4.8,mb,South Sandwich Islands region
2025-12-21T21:45:03.768Z,-53.5331,24.905,10.0,4.5,mb,south of Africa
2025-12-21T21:40:40.916Z,13.3812,146.3363,10.0,4.5,mb,"157 km E of Yigo Village, Guam"
2025-12-21T17:53:56.743Z,8.3759,127.6817,9.0,5.6,mww,"139 km E of Barcelona, Philippines"
2025-12-21T17:10:30.328Z,-10.385,160.8038,13.993,4.9,mb,"122 km W of Kirakira, Solomon Islands"
2025-12-21T14:23:33.447Z,-5.63,151.8978,53.45,4.9,mb,"148 km SSW of Kokopo, Papua New Guinea"
2025-12-21T13:12:47.995Z,-61.9909,161.4223,10.0,5.0,mww,Balleny Islands region
2025-12-21T12:21:45.837Z,1.4457,126.392,44.0,5.5,mww,"132 km WNW of Ternate, Indonesia"
2025-12-21T10:17:41.838Z,14.3872,146.9368,10.0,4.5,mb,"155 km ESE of San Jose Village, Northern Mariana Islands"
2025-12-21T09:57:17.768Z,43.8649,-127.6328,10.0,4.7,mww,"273 km WNW of Bandon, Oregon"
2025-12-21T09:46:29.902Z,-28.9279,-176.8872,10.0,4.5,mb,Kermadec Islands region
2025-12-21T07:02:23.224Z,-30.8379,-65.4287,189.332,4.8,mb,"22 km S of Serrezuela, Argentina"
2025-12-21T06:58:47.794Z,34.7697,141.8354,10.0,5.1,mb,"140 km SE of Hasaki, Japan"
2025-12-21T05:41:58.397Z,-7.3365,128.9356,151.05,4.5,mb,"250 km ENE of Lospalos, Timor Leste"
2025-12-21T05:25:25.421Z,-5.5625,151.8606,33.352,5.2,mww,"142 km SSW of Kokopo, Papua New Guinea"
2025-12-21T05:15:04.388Z,38.8378,70.6248,10.0,4.8,mb,"30 km SE of Rasht, Tajikistan"
2025-12-21T04:47:09.318Z,43.5908,147.6524,35.0,4.7,mb,"78 km ESE of Shikotan, Russia"
2025-12-21T04:03:42.576Z,43.4097,147.835,35.0,5.0,mb,"99 km ESE of Shikotan, Russia"
2025-12-21T04:02:09.714Z,-6.7507,131.2933,44.811,5.1,mb,"203 km SW of Tual, Indonesia"
2025-12-21T03:52:40.794Z,43.4104,147.8847,35.0,5.0,mb,"103 km ESE of Shikotan, Russia"
2025-12-21T03:47:59.694Z,43.382,148.0115,10.0,5.2,mww,"114 km ESE of Shikotan, Russia"
2025-12-21T03:33:44.321Z,43.5394,147.7812,35.0,4.8,mb,"90 km ESE of Shikotan, Russia"
2025-12-21T02:05:38.318Z,43.5958,147.717,35.0,5.1,mb,"83 km ESE of Shikotan, Russia"
2025-12-21T01:29:03.535Z,40.8014,142.0514,57.224,5.4,mww,"57 km ENE of Misawa, Japan"
2025-12-21T01:12:10.804Z,-58.3225,-24.8998,24.446,4.5,mb,South Sandwich Islands region
2025-12-21T00:26:01.790Z,43.5603,147.7479,35.0,4.9,mb,"86 km ESE of Shikotan, Russia"
2025-12-21T00:22:24.035Z,43.601,147.8963,35.0,5.0,mb,"97 km ESE of Shikotan, Russia"
2025-12-21T00:19:01.633Z,43.5316,147.9119,10.0,4.9,mb,"100 km ESE of Shikotan, Russia"
2025-12-20T23:46:28.368Z,43.6347,147.8298,10.0,4.8,mb,"91 km ESE of Shikotan, Russia"
2025-12-20T20:50:40.652Z,-63.8354,173.0182,11.159,4.5,mb,Balleny Islands region
2025-12-20T20:31:52.554Z,-52.3544,28.0513,10.0,4.5,mb,south of Africa
2025-12-20T20:30:24.856Z,-20.1183,-68.1067,151.442,5.3,mww,"108 km SSE of Colchane, Chile"
2025-12-20T19:08:24.570Z,-22.001,-175.6772,73.286,4.9,mb,"99 km SSW of Houma, Tonga"
2025-12-20T13:13:26.934Z,-5.2321,102.4614,34.436,4.6,mb,"159 km SSW of Pagar Alam, Indonesia"
2025-12-20T12:58:54.590Z,42.752,145.9512,35.0,5.2,mb,"70 km SSE of Nemuro, Japan"
2025-12-20T12:33:54.746Z,42.7784,146.1329,30.408,4.8,mb,"75 km SE of Nemuro, Japan"
2025-12-20T12:30:27.992Z,42.7096,146.0547,10.0,5.2,mww,"78 km SSE of Nemuro, Japan"
2025-12-20T10:33:26.018Z,0.4908,121.9251,121.632,5.0,mww,"126 km W of Gorontalo, Indonesia"
2025-12-20T10:25:03.976Z,-63.7108,172.3365,10.0,5.3,mww,Balleny Islands region
2025-12-20T07:31:40.449Z,-30.9679,-179.3514,199.19,4.6,mb,Kermadec Islands region
2025-12-20T06:57:09.754Z,-63.8087,172.771,10.0,5.6,mww,Balleny Islands region
2025-12-20T05:52:31.330Z,10.1964,126.1748,10.0,4.5,mb,"24 km NE of Santa Monica, Philippines"
2025-12-20T00:24:53.729Z,51.7074,160.1951,22.427,4.9,mb,"182 km SE of Vilyuchinsk, Russia"
2025-12-19T21:59:54.472Z,-0.7716,-77.9623,10.0,5.1,mww,"22 km NW of Archidona, Ecuador"
2025-12-19T21:40:07.401Z,39.7195,143.2649,36.166,4.7,mb,"113 km E of Miyako, Japan"
2025-12-19T19:49:17.372Z,-15.2859,-174.9259,243.231,4.6,mb,"141 km WNW of Hihifo, Tonga"
2025-12-19T16:55:21.240Z,20.1066,148.0444,10.0,4.5,mb,Mariana Islands region
2025-12-19T14:50:10.842Z,-63.6798,173.3616,10.0,4.6,mb,Balleny Islands region
2025-12-19T13:51:19.689Z,-63.6835,172.6283,10.0,4.5,mb,Balleny Islands region
2025-12-19T13:29:03.779Z,-29.2831,-177.8099,10.0,4.7,mb,"Kermadec Islands, New Zealand"
2025-12-19T12:54:19.856Z,51.338,159.159,37.534,4.6,mb,"184 km SSE of Vilyuchinsk, Russia"
2025-12-19T12:54:19.425Z,32.4181,140.0522,145.105,4.7,mb,"270 km SSE of Shimoda, Japan"
2025-12-19T09:13:10.433Z,14.3234,-92.6674,35.0,4.6,mb,"51 km SSW of Puerto Madero, Mexico"
2025-12-19T06:34:53.631Z,36.2217,69.2333,37.263,4.6,mb,"19 km NNE of Nahrīn, Afghanistan"
2025-12-19T05:39:10.142Z,36.2913,69.2473,35.0,5.3,mww,"27 km NNE of Nahrīn, Afghanistan"
2025-12-19T05:25:52.803Z,7.7554,126.7636,64.549,4.9,mb,"24 km ENE of Kinablangan, Philippines"
2025-12-19T05:00:18.291Z,-15.7203,-179.5763,10.0,5.7,mww,"138 km NE of Labasa, Fiji"
2025-12-19T04:35:54.118Z,26.1958,125.128,185.198,4.6,mb,"155 km N of Hirara, Japan"
2025-12-19T04:04:48.899Z,-17.9614,-178.9021,544.976,4.5,mb,"188 km E of Levuka, Fiji"
2025-12-19T04:02:35.982Z,8.7018,126.9099,35.0,5.2,mb,"68 km E of Marihatag, Philippines"
2025-12-19T00:45:37.529Z,-3.1423,127.5118,35.484,4.7,mb,"96 km NW of Ambon, Indonesia"
2025-12-18T23:43:06.965Z,15.7751,119.3171,10.0,4.6,mb,"52 km WSW of Ilioilio, Philippines"
2025-12-18T22:52:09.014Z,48.5464,157.2603,10.0,4.8,mb,"250 km SSE of Severo-Kuril’sk, Russia"
2025-12-18T22:35:29.403Z,-6.1334,154.5809,416.609,4.6,mb,"102 km WNW of Panguna, Papua New Guinea"
2025-12-18T21:19:36.111Z,6.883,127.2192,10.0,4.7,mb,"83 km ESE of Manay, Philippines"
2025-12-18T20:09:34.139Z,-61.9503,162.8643,10.0,5.2,mww,Balleny Islands region
2025-12-18T18:07:06.523Z,14.8483,119.8742,42.577,4.8,mb,"24 km WSW of San Nicolas, Philippines"
2025-12-18T14:56:19.399Z,-55.9161,-26.0767,10.0,4.5,mb,South Sandwich Islands region
2025-12-18T14:42:38.891Z,43.5116,147.8876,35.0,4.9,mb,"99 km ESE of Shikotan, Russia"
2025-12-18T12:37:19.411Z,52.8123,159.953,38.0,5.9,mww,"93 km ESE of Petropavlovsk-Kamchatsky, Russia"
2025-12-18T11:32:50.036Z,24.0702,121.7741,32.176,4.6,mwr,"20 km ENE of Hualien City, Taiwan"
2025-12-18T07:33:31.681Z,19.8566,121.3308,39.251,4.5,mb,"93 km SW of Basco, Philippines"
2025-12-18T07:27:44.896Z,19.9353,121.2672,18.0,5.5,mww,"92 km SW of Basco, Philippines"
2025-12-18T05:30:17.659Z,1.3857,125.7798,65.736,5.0,mb,"72 km E of Bitung, Indonesia"
2025-12-18T05:20:11.019Z,39.8128,143.098,41.582,4.6,mb,"100 km E of Miyako, Japan"
2025-12-18T03:54:16.247Z,-20.4745,-175.3687,173.019,4.9,mb,"75 km NNW of Nuku‘alofa, Tonga"
2025-12-18T03:40:35.919Z,4.9696,95.9887,10.0,4.6,mb,"42 km SW of Reuleuet, Indonesia"
2025-12-18T01:59:32.447Z,-20.3697,169.2956,61.494,5.2,mww,"91 km S of Isangel, Vanuatu"
2025-12-18T00:50:42.467Z,39.9039,143.0208,42.192,4.6,mb,"96 km ENE of Miyako, Japan"
2025-12-18T00:34:32.270Z,26.1352,97.1858,10.0,4.6,mb,"38 km ESE of Sarupathar, India"
2025-12-17T23:07:46.062Z,6.7182,-82.5956,10.0,5.6,mww,"148 km SSE of Burica, Panama"
2025-12-17T22:30:07.077Z,-18.4434,168.5671,95.772,5.0,mww,"82 km SSE of Port-Vila, Vanuatu"
2025-12-17T21:42:35.141Z,38.3638,-26.6536,11.492,4.5,mb,"49 km SE of Porto Martins, Portugal"
2025-12-17T19:01:47.805Z,41.0658,83.2521,10.0,4.5,mb,"77 km SSE of Kuqa, China"
2025-12-17T17:58:34.016Z,-63.4005,-167.8857,10.0,4.6,mb,Pacific-Antarctic Ridge
2025-12-17T17:23:28.291Z,-16.7324,-177.4109,400.264,5.4,mww,"278 km SSE of Alo, Wallis and Futuna"
2025-12-17T17:05:57.315Z,-58.6643,-25.2234,35.0,5.6,mww,South Sandwich Islands region
2025-12-17T15:48:05.723Z,-0.6773,97.1344,10.0,4.5,mb,"157 km SSW of Teluk Dalam, Indonesia"
2025-12-17T15:34:09.585Z,-10.5475,91.5157,10.0,4.6,mb,South Indian Ocean
2025-12-17T13:27:16.784Z,-23.8942,179.6029,568.441,4.5,mb,south of the Fiji Islands
2025-12-17T10:30:47.283Z,18.6559,145.5107,227.258,4.5,mb,"Pagan region, Northern Mariana Islands"
2025-12-17T09:50:18.556Z,41.2916,142.346,51.965,5.0,mb,"94 km E of Mutsu, Japan"
2025-12-17T06:00:54.362Z,-5.3724,68.6478,10.0,4.6,mb,Chagos Archipelago region
2025-12-17T05:27:47.286Z,43.4286,148.1529,10.0,4.6,mb,"122 km ESE of Shikotan, Russia"
2025-12-17T02:43:37.474Z,27.8628,131.2057,10.0,4.7,mb,"170 km ESE of Tatsugō, Japan"
2025-12-17T01:48:02.534Z,45.2558,149.7259,75.248,4.6,mb,"145 km E of Kuril’sk, Russia"
2025-12-17T01:44:10.829Z,43.5441,148.0251,10.0,5.2,mww,"108 km ESE of Shikotan, Russia"
2025-12-16T23:35:25.281Z,56.3789,-148.6739,9.697,5.0,mww,"258 km ESE of Chiniak, Alaska"
2025-12-16T23:34:14.658Z,44.3837,149.5287,35.0,5.1,mb,"160 km SE of Kuril’sk, Russia"
2025-12-16T17:27:39.569Z,43.3963,148.0922,10.0,4.6,mb,"119 km ESE of Shikotan, Russia"
2025-12-16T17:19:23.930Z,-15.5576,-172.8108,10.0,4.7,mb,"114 km ENE of Hihifo, Tonga"
2025-12-16T15:49:24.206Z,-6.9036,155.6917,35.0,4.6,mb,"68 km SSE of Panguna, Papua New Guinea"
2025-12-16T13:52:42.264Z,-43.5631,-16.1095,10.0,4.6,mb,southern Mid-Atlantic Ridge
2025-12-16T13:45:24.885Z,-43.7809,-16.2259,10.0,5.0,mb,southern Mid-Atlantic Ridge
2025-12-16T13:44:15.042Z,-43.6591,-16.3214,10.0,5.1,mb,southern Mid-Atlantic Ridge
2025-12-16T13:21:58.585Z,-22.2808,-176.4127,10.0,4.8,mb,"168 km SW of Houma, Tonga"
2025-12-16T11:39:33.426Z,-25.9649,179.6835,508.72,4.9,mb,south of the Fiji Islands
2025-12-16T10:08:49.465Z,48.1893,153.2737,140.047,4.5,mb,Kuril Islands
2025-12-16T09:30:44.895Z,51.3192,159.3399,29.101,4.7,mb,"190 km SSE of Vilyuchinsk, Russia"
2025-12-16T09:18:45.057Z,-11.6932,163.4164,10.0,5.2,mww,"213 km SE of Kirakira, Solomon Islands"
2025-12-16T05:38:51.412Z,40.9265,143.0232,35.0,5.1,mww,"133 km S of Honchō, Japan"
2025-12-16T04:55:52.171Z,11.6461,-86.4167,87.746,4.5,mb,"15 km SSW of El Rosario, Nicaragua"
2025-12-16T03:42:36.884Z,0.8882,-29.6473,10.0,4.5,mb,central Mid-Atlantic Ridge
2025-12-16T02:45:35.766Z,38.8057,141.7486,94.269,4.5,mb,"29 km S of Ōfunato, Japan"
2025-12-15T23:41:47.437Z,37.4097,20.1314,16.436,5.4,mww,"70 km WSW of Lithakiá, Greece"
2025-12-15T23:06:12.207Z,14.17,145.8188,80.0,5.6,mww,"90 km SSE of San Jose Village, Northern Mariana Islands"
2025-12-15T19:50:59.270Z,25.405,66.512,10.0,4.8,mb,"38 km NW of Gadani, Pakistan"
2025-12-15T19:48:31.030Z,-28.3037,62.7506,10.0,5.0,mb,Southwest Indian Ridge
2025-12-15T19:33:07.552Z,51.7312,161.2012,34.0,5.7,mww,"229 km SE of Petropavlovsk-Kamchatsky, Russia"
2025-12-15T18:03:51.843Z,51.383,-176.3758,42.421,4.9,mww,"57 km SSE of Adak, Alaska"
2025-12-15T14:52:07.188Z,-60.7713,-51.9006,10.0,4.7,mb,Scotia Sea
2025-12-15T11:11:04.560Z,-46.9301,-13.7452,10.0,4.8,mb,southern Mid-Atlantic Ridge
2025-12-15T10:42:55.758Z,-47.2927,-13.4534,10.0,4.5,mb,southern Mid-Atlantic Ridge
2025-12-15T09:31:14.596Z,48.8886,154.8832,85.256,4.5,mb,"217 km SSW of Severo-Kuril’sk, Russia"
2025-12-15T08:51:34.533Z,-30.6442,-71.7215,27.556,4.7,mwr,"50 km W of Ovalle, Chile"
2025-12-15T08:11:16.123Z,51.8362,160.4527,10.0,5.3,mww,"184 km SE of Petropavlovsk-Kamchatsky, Russia"
2025-12-15T07:43:58.718Z,-20.673,-178.5956,603.163,4.9,mb,Fiji region
2025-12-15T06:50:34.262Z,6.3466,127.3576,10.0,4.6,mb,"126 km SE of Lukatan, Philippines"
2025-12-15T05:53:19.419Z,-47.2853,97.2931,10.0,4.6,mb,southeast Indian Ridge
2025-12-15T05:23:06.729Z,-47.4548,97.5199,10.0,4.6,mb,southeast Indian Ridge
2025-12-15T00:43:14.974Z,-58.7745,-25.6748,71.668,5.3,mb,South Sandwich Islands region
2025-12-14T20:35:09.271Z,19.7774,121.4049,36.623,4.5,mwr,"94 km SW of Basco, Philippines"
2025-12-14T20:23:42.032Z,-1.7675,-78.0415,155.618,4.5,mb,"11 km SW of Palora, Ecuador"
2025-12-14T19:03:36.348Z,37.0518,136.6567,7.591,4.9,mb,"21 km NNW of Hakui, Japan"
2025-12-14T18:09:28.080Z,41.1977,142.6177,45.719,4.7,mb,"106 km SSW of Honchō, Japan"
2025-12-14T15:54:18.757Z,-59.3012,-60.2417,10.0,4.8,mb,Drake Passage
2025-12-14T14:26:51.061Z,37.0702,136.649,10.0,4.8,mww,"23 km NNW of Hakui, Japan"
2025-12-14T12:03:27.070Z,1.9913,126.4277,54.045,5.1,mb,"156 km ENE of Bitung, Indonesia"
2025-12-14T11:55:42.575Z,-7.1995,125.6981,504.307,4.6,mb,"147 km N of Metinaro, Timor Leste"
2025-12-14T10:50:25.277Z,49.5245,155.7098,87.713,4.8,mb,"131 km SSW of Severo-Kuril’sk, Russia"
2025-12-14T09:44:42.164Z,-35.8507,-102.4356,10.0,5.4,mww,southeast of Easter Island
2025-12-14T09:23:10.581Z,-58.9791,-149.8336,10.0,4.6,mb,Pacific-Antarctic Ridge
2025-12-14T09:18:35.356Z,-43.7903,-16.0949,10.0,4.6,mb,southern Mid-Atlantic Ridge
2025-12-14T09:04:37.257Z,-59.9209,-151.1211,10.0,4.8,mb,Pacific-Antarctic Ridge
2025-12-14T07:58:11.223Z,39.8072,143.6256,10.0,5.0,mb,"145 km E of Miyako, Japan"
2025-12-14T07:00:17.501Z,-4.8068,134.1588,10.0,4.5,mb,"180 km ENE of Tual, Indonesia"
2025-12-14T06:50:38.296Z,27.945,140.802,10.0,4.7,mb,"Bonin Islands, Japan region"
2025-12-14T05:51:47.361Z,-43.0653,-82.4902,10.0,4.6,mb,West Chile Rise
2025-12-14T00:58:15.106Z,-3.2368,101.3683,58.687,5.2,mb,"117 km WNW of Bengkulu, Indonesia"
2025-12-13T21:49:37.131Z,40.5846,143.6757,31.769,4.5,mb,"166 km ENE of Noda, Japan"
2025-12-13T21:21:40.811Z,13.2092,-91.2553,10.0,4.7,mww,"92 km SSW of Puerto San José, Guatemala"
2025-12-13T20:09:41.623Z,0.1486,121.9721,199.306,4.7,mb,"128 km WSW of Gorontalo, Indonesia"
2025-12-13T19:09:39.912Z,16.6492,119.729,10.0,4.6,mb,"33 km NW of Binabalian, Philippines"
2025-12-13T18:53:54.255Z,-12.5365,167.0174,201.186,4.7,mb,"159 km NNW of Sola, Vanuatu"
2025-12-13T16:34:08.704Z,5.6678,126.4752,99.491,4.5,mb,"83 km SSE of Pondaguitan, Philippines"
2025-12-13T14:30:38.295Z,57.3297,-32.9584,10.0,4.5,mb,Reykjanes Ridge
2025-12-13T14:04:33.132Z,-59.0011,-25.6684,72.555,5.0,mb,South Sandwich Islands region
2025-12-13T12:18:45.823Z,-21.2293,-68.984,90.292,5.4,mww,"75 km W of Ollagüe, Chile"
2025-12-13T11:13:06.082Z,-22.581,171.0902,62.341,4.6,mb,southeast of the Loyalty Islands
2025-12-13T10:51:00.036Z,52.1512,178.3529,108.0,5.5,mww,"Rat Islands, Aleutian Islands, Alaska"
2025-12-13T05:59:44.006Z,41.0241,142.1743,66.79,4.6,mb,"76 km ENE of Misawa, Japan"
2025-12-12T20:13:55.024Z,8.2613,127.4213,10.0,4.9,mb,"109 km E of Barcelona, Philippines"
2025-12-12T19:03:12.415Z,32.3881,137.523,367.01,5.3,mww,"202 km SE of Kushimoto, Japan"
2025-12-12T18:14:57.495Z,52.0654,-169.3422,13.442,4.8,mb,"102 km SSW of Nikolski, Alaska"
2025-12-12T17:43:14.444Z,50.8904,156.8617,78.899,5.2,mww,"57 km ENE of Severo-Kuril’sk, Russia"
2025-12-12T15:34:27.382Z,-31.4451,78.9003,10.0,5.0,mb,Mid-Indian Ridge
2025-12-12T14:49:56.070Z,-3.0501,130.262,26.245,4.6,mb,"146 km E of Masohi, Indonesia"
2025-12-12T13:56:01.327Z,-59.6091,-26.2882,104.606,5.1,mb,South Sandwich Islands region
2025-12-12T10:09:20.299Z,-26.7074,-175.8669,10.0,4.9,mb,south of Tonga
2025-12-12T10:05:36.569Z,-26.6535,-175.638,10.0,4.5,mb,south of Tonga
2025-12-12T10:05:20.466Z,36.1736,140.0399,62.92,4.8,mww,"6 km WSW of Tsukuba, Japan"
2025-12-12T08:47:08.505Z,-26.9572,-176.4619,42.53,4.5,mb,south of the Fiji Islands
2025-12-12T07:55:43.106Z,41.1488,142.516,60.68,4.6,mb,"106 km E of Yokohama, Japan"
2025-12-12T04:58:22.803Z,40.8435,142.9824,35.0,4.6,mb,"126 km NE of Kuji, Japan"
2025-12-12T04:29:22.093Z,0.2625,122.0601,180.452,4.8,mb,"115 km WSW of Gorontalo, Indonesia"
2025-12-12T03:26:12.443Z,40.944,143.0009,38.881,4.7,mb,"131 km S of Honchō, Japan"
2025-12-12T03:21:39.359Z,40.997,142.937,32.637,5.3,mww,"125 km S of Honchō, Japan"
2025-12-12T03:06:35.563Z,40.9483,142.877,35.0,4.6,mb,"126 km NE of Kuji, Japan"
2025-12-12T03:04:57.603Z,42.5481,88.1162,10.0,4.5,mb,"97 km WSW of Turpan, China"
2025-12-12T02:53:21.985Z,22.8936,143.7755,40.888,4.6,mb,"Volcano Islands, Japan region"
2025-12-12T02:44:12.841Z,40.8899,142.8131,19.0,6.7,mww,"117 km NE of Kuji, Japan"
2025-12-12T00:46:18.153Z,-16.3051,-73.8752,24.142,4.5,mb,"29 km WSW of Atico, Peru"
2025-12-12T00:25:26.009Z,48.4112,157.2249,10.0,5.0,mb,"264 km SSE of Severo-Kuril’sk, Russia"
2025-12-11T22:09:19.485Z,41.1264,142.8124,28.976,5.0,mww,"111 km S of Honchō, Japan"
2025-12-11T22:08:08.665Z,-18.1107,-178.2408,575.904,5.1,mb,"258 km E of Levuka, Fiji"
2025-12-11T20:56:21.686Z,-6.9338,148.4706,27.434,4.9,mb,"80 km ESE of Finschhafen, Papua New Guinea"
2025-12-11T20:02:08.910Z,-34.803,-109.2545,10.0,4.7,mb,southern East Pacific Rise
2025-12-11T18:11:05.710Z,41.2718,142.6321,43.073,4.8,mb,"98 km SSW of Honchō, Japan"
2025-12-11T17:18:32.657Z,28.2195,103.9971,10.0,4.7,mb,"42 km SW of Shuanglong, China"
2025-12-11T17:18:30.588Z,12.794,-89.9743,10.0,4.8,mww,"89 km S of Acajutla, El Salvador"
2025-12-11T14:49:01.231Z,23.1373,120.5369,7.035,4.5,mb,"7 km E of Yujing, Taiwan"
2025-12-11T11:59:21.849Z,32.9472,88.6555,10.0,5.1,mb,western Xizang
2025-12-11T11:13:58.245Z,35.2157,-34.7911,10.0,4.6,mb,Azores Islands region
2025-12-11T11:01:12.803Z,-61.2388,-36.4468,10.0,4.9,mb,Scotia Sea
2025-12-11T10:37:51.392Z,-20.1512,-174.1952,17.325,4.9,mb,"40 km SSE of Pangai, Tonga"
2025-12-11T07:06:14.533Z,39.2885,28.3186,10.0,4.5,mwr,"13 km ENE of Sındırgı, Turkey"
2025-12-11T01:22:57.863Z,40.8561,143.057,42.754,4.5,mb,"131 km NE of Kuji, Japan"
2025-12-10T20:06:59.123Z,36.6426,115.6142,10.0,4.5,mb,"23 km SSW of Qingnian, China"
2025-12-10T14:53:27.994Z,-27.6633,-177.8685,192.961,4.5,mb,Kermadec Islands region
2025-12-10T14:52:24.118Z,40.9018,142.6725,33.0,5.7,mww,"108 km ENE of Hachinohe, Japan"
2025-12-10T14:09:19.257Z,6.0139,127.5901,10.0,4.5,mb,"160 km ESE of Pondaguitan, Philippines"
2025-12-10T14:01:30.025Z,41.219,142.4005,50.834,4.5,mb,"97 km E of Yokohama, Japan"
2025-12-10T13:30:15.673Z,-6.3904,154.8914,87.791,5.1,mb,"66 km W of Panguna, Papua New Guinea"
2025-12-10T11:28:32.988Z,60.6249,-139.9973,5.942,4.7,mwr,"121 km N of Yakutat, Alaska"
2025-12-10T10:55:12.096Z,39.3511,143.602,10.0,4.7,mb,"142 km E of Yamada, Japan"
2025-12-10T09:35:35.862Z,22.5952,96.0249,10.0,4.7,mb,"33 km E of Shwebo, Burma (Myanmar)"
2025-12-10T08:27:08.561Z,6.7742,-73.0156,164.124,5.5,mww,"5 km WNW of Cepitá, Colombia"
2025-12-10T07:42:59.419Z,5.3113,94.4019,42.621,4.9,mb,"106 km WSW of Banda Aceh, Indonesia"
2025-12-10T07:41:00.084Z,8.4837,125.9407,10.0,4.5,mb,"5 km E of Borbon, Philippines"
2025-12-10T06:38:26.810Z,-28.8423,-71.3853,44.747,5.2,mww,"67 km WSW of Vallenar, Chile"
2025-12-10T06:23:49.788Z,41.0148,142.6678,51.628,4.5,mb,"113 km ENE of Misawa, Japan"
2025-12-10T05:18:49.584Z,23.2217,143.6223,42.436,4.8,mb,"Volcano Islands, Japan region"
2025-12-09T23:19:53.960Z,50.3691,157.1711,49.468,4.5,mb,"81 km ESE of Severo-Kuril’sk, Russia"
2025-12-09T23:04:36.605Z,41.2729,142.3925,53.775,4.6,mb,"98 km ENE of Yokohama, Japan"
2025-12-09T22:20:05.736Z,40.9883,142.7584,49.285,4.5,mb,"119 km ENE of Hachinohe, Japan"
2025-12-09T21:00:19.784Z,-26.7021,-176.5252,26.267,5.3,mww,south of the Fiji Islands
2025-12-09T20:31:15.801Z,-26.7347,-176.0959,10.0,5.0,mb,south of the Fiji Islands
2025-12-09T19:48:26.724Z,-0.9033,100.8527,10.0,4.9,mb,"24 km ESE of Solok, Indonesia"
2025-12-09T19:43:38.901Z,50.472,159.9345,10.0,4.9,mww,"266 km ESE of Ozernovskiy, Russia"
2025-12-09T18:02:29.579Z,1.6191,126.4763,44.813,4.7,mb,"136 km NW of Ternate, Indonesia"
2025-12-09T17:54:43.997Z,-22.8036,-66.1865,250.22,4.5,mb,"51 km W of Abra Pampa, Argentina"
2025-12-09T17:16:06.824Z,34.3203,45.5786,10.0,4.5,mb,"30 km WSW of Sarpol-e Z̄ahāb, Iran"
2025-12-09T13:14:57.102Z,-33.1068,-179.1803,43.184,4.5,mb,south of the Kermadec Islands
2025-12-09T12:30:59.966Z,-34.802,-108.325,10.0,4.7,mb,southern East Pacific Rise
2025-12-09T11:25:37.343Z,-12.5471,166.4468,67.116,4.7,mb,"189 km NW of Sola, Vanuatu"
2025-12-09T11:15:07.795Z,-26.6917,-176.0101,10.0,4.9,mb,south of the Fiji Islands
2025-12-09T10:54:36.947Z,52.9309,160.621,35.0,4.6,mb,"134 km E of Petropavlovsk-Kamchatsky, Russia"
2025-12-09T10:12:35.083Z,62.0873,-26.5302,10.0,5.0,mww,"284 km SW of Grindavík, Iceland"
2025-12-09T09:20:03.412Z,41.1731,142.9607,43.493,4.5,mb,"106 km S of Honchō, Japan"
2025-12-09T09:09:47.904Z,41.3127,142.2857,60.104,5.0,mww,"89 km E of Mutsu, Japan"
2025-12-09T07:02:53.594Z,2.5932,96.0351,10.0,5.2,mww,"40 km WNW of Sinabang, Indonesia"
2025-12-09T06:54:53.556Z,-27.4856,-177.2562,404.6,4.5,mb,Kermadec Islands region
2025-12-09T05:44:30.750Z,-11.0904,165.9177,35.0,4.5,mb,"42 km SSE of Lata, Solomon Islands"
2025-12-09T05:15:51.034Z,41.3365,142.8344,52.931,4.6,mb,"88 km S of Honchō, Japan"
2025-12-09T04:29:59.508Z,51.1565,178.5551,18.812,4.7,mb,"Rat Islands, Aleutian Islands, Alaska"
2025-12-09T03:33:14.590Z,-6.2552,147.2248,64.997,4.6,mb,"57 km NNE of Lae, Papua New Guinea"
2025-12-09T03:08:56.832Z,-32.6071,-177.5916,10.0,5.2,mb,south of the Kermadec Islands
2025-12-09T00:37:07.377Z,-27.0266,-176.063,10.0,5.3,mb,Kermadec Islands region
2025-12-09T00:18:27.748Z,41.2096,142.1449,54.88,4.9,mb,"76 km E of Yokohama, Japan"
2025-12-08T23:59:06.545Z,40.8255,142.7591,47.786,5.6,mb,"109 km NE of Kuji, Japan"
2025-12-08T22:57:17.185Z,-26.6899,-176.2602,35.0,4.6,mb,south of the Fiji Islands
2025-12-08T22:07:18.802Z,41.117,143.0169,49.582,5.0,mb,"112 km S of Honchō, Japan"
2025-12-08T21:52:41.325Z,40.9761,143.1504,19.0,6.6,mww,"129 km S of Honchō, Japan"
2025-12-08T21:24:31.234Z,40.9969,143.2197,48.902,4.6,mb,"128 km S of Honchō, Japan"
2025-12-08T21:15:47.881Z,-14.7622,166.8638,10.0,4.6,mb,"38 km NW of Port-Olry, Vanuatu"
2025-12-08T20:39:39.354Z,-7.1004,129.3514,147.947,4.5,mb,"Kepulauan Babar, Indonesia"
2025-12-08T20:31:36.800Z,11.1719,138.5544,10.0,5.0,mb,"189 km NNE of Colonia, Micronesia"
2025-12-08T19:01:10.789Z,40.902,143.2141,31.27,5.1,mb,"138 km S of Honchō, Japan"
2025-12-08T18:56:28.302Z,40.9878,143.1226,22.788,6.0,mww,"127 km S of Honchō, Japan"
2025-12-08T18:41:15.496Z,-58.8007,-25.4875,29.994,5.5,mb,South Sandwich Islands region
2025-12-08T17:58:28.011Z,41.0271,143.0895,44.935,4.8,mb,"123 km S of Honchō, Japan"
2025-12-08T17:45:35.956Z,60.5438,-140.1009,7.366,4.5,mb,"112 km N of Yakutat, Alaska"
2025-12-08T15:57:56.368Z,40.9443,143.0631,39.127,5.0,mb,"132 km S of Honchō, Japan"
2025-12-08T14:42:48.792Z,11.5238,144.0401,10.0,4.5,mb,"204 km SSW of Merizo Village, Guam"
2025-12-08T14:33:39.631Z,40.8889,142.4766,35.0,5.5,mb,"93 km ENE of Hachinohe, Japan"
2025-12-08T14:15:09.896Z,40.9984,142.1836,40.72,7.6,mww,"2025 Aomori Prefecture, Japan Earthquake"
2025-12-08T13:18:26.796Z,-24.0769,69.4561,10.0,5.0,mww,Mid-Indian Ridge
2025-12-08T12:19:46.311Z,-2.7764,28.6988,10.0,4.7,mb,"32 km SSW of Kabare, Democratic Republic of the Congo"
2025-12-08T12:19:42.975Z,-7.9926,126.6309,10.0,4.5,mb,"56 km NNE of Baukau, Timor Leste"
2025-12-08T11:59:13.338Z,13.3226,121.0611,10.0,4.6,mb,"4 km WSW of Evangelista, Philippines"
2025-12-08T11:24:54.434Z,23.8315,121.7444,10.0,5.2,mww,"21 km SE of Hualien City, Taiwan"
2025-12-08T10:21:33.892Z,37.1026,30.7856,113.694,5.1,mww,"23 km NNE of Antalya, Turkey"
2025-12-08T07:19:02.101Z,-26.2598,-175.913,10.0,4.9,mb,south of Tonga
2025-12-08T02:27:14.174Z,12.0222,-69.6299,10.0,4.5,mb,"32 km ENE of Pueblo Nuevo, Venezuela"
2025-12-08T01:32:21.643Z,51.485,159.2599,35.0,5.0,mww,"171 km SSE of Vilyuchinsk, Russia"
2025-12-08T00:56:50.321Z,60.3454,-139.6253,10.0,5.8,mww,"89 km N of Yakutat, Alaska"
2025-12-08T00:31:56.351Z,36.7393,30.4636,10.0,4.6,mb,"11 km NW of Göynük, Turkey"
2025-12-07T23:55:02.638Z,60.5187,-139.9359,5.0,4.8,mwr,"108 km N of Yakutat, Alaska"
2025-12-07T23:50:34.471Z,60.5259,-139.9162,5.0,5.1,mww,"109 km N of Yakutat, Alaska"
2025-12-07T23:14:13.413Z,-17.7869,-70.015,109.604,4.9,mb,"5 km WSW of Palca, Peru"
2025-12-07T22:17:56.912Z,54.47,-160.1113,35.0,4.6,mwr,"99 km SSE of Sand Point, Alaska"
2025-12-07T21:01:20.402Z,-12.5965,-14.8284,10.0,4.5,mb,southern Mid-Atlantic Ridge
2025-12-07T18:04:08.308Z,60.4961,-139.641,5.769,4.6,mww,"105 km N of Yakutat, Alaska"
2025-12-07T17:16:38.158Z,50.2794,156.7642,68.468,4.5,mb,"63 km SE of Severo-Kuril’sk, Russia"
2025-12-07T16:58:49.092Z,-3.1328,130.8965,10.0,4.5,mb,"157 km W of Fakfak, Indonesia"
2025-12-07T16:56:27.583Z,60.5888,-139.938,5.0,4.6,mww,"116 km N of Yakutat, Alaska"
2025-12-07T16:41:26.178Z,52.3932,160.147,55.118,4.9,mb,"126 km SE of Petropavlovsk-Kamchatsky, Russia"
2025-12-07T16:34:10.157Z,50.239,156.8911,59.342,5.6,mww,"72 km SE of Severo-Kuril’sk, Russia"
2025-12-07T13:25:12.424Z,-14.9266,166.7213,33.262,4.9,mb,"39 km WNW of Port-Olry, Vanuatu"
2025-12-07T12:30:22.276Z,-16.4962,-177.4278,10.0,4.8,mb,"252 km SSE of Alo, Wallis and Futuna"
2025-12-07T12:16:33.041Z,-14.6843,166.6769,10.0,5.5,mww,"58 km NW of Port-Olry, Vanuatu"
2025-12-07T12:16:14.872Z,-14.675,166.6608,10.0,5.2,mb,"60 km NW of Port-Olry, Vanuatu"
2025-12-07T11:13:43.286Z,53.3407,-164.0401,35.0,4.7,mb,"144 km SE of Akutan, Alaska"
2025-12-07T10:26:09.817Z,-55.7026,-27.6201,88.876,4.7,mb,South Sandwich Islands region
2025-12-07T09:38:12.460Z,32.0967,140.2388,95.775,4.7,mb,"Izu Islands, Japan region"
2025-12-07T09:12:44.890Z,60.4975,-140.1135,5.0,4.5,mb,"108 km NNW of Yakutat, Alaska"
2025-12-07T09:08:05.286Z,-14.9634,166.5495,10.0,4.5,mb,"56 km W of Port-Olry, Vanuatu"
2025-12-07T06:08:17.372Z,51.8412,159.893,35.0,4.6,mb,"158 km SE of Vilyuchinsk, Russia"
2025-12-07T04:55:53.661Z,-6.6294,131.0539,35.0,5.2,mb,"218 km WSW of Tual, Indonesia"
2025-12-07T04:33:50.834Z,-23.6383,179.9884,544.334,4.6,mb,south of the Fiji Islands
2025-12-07T04:20:37.162Z,60.5616,-140.0066,7.321,5.2,mww,"114 km N of Yakutat, Alaska"
2025-12-07T04:01:10.374Z,50.1038,155.7078,100.521,4.7,mb,"70 km SSW of Severo-Kuril’sk, Russia"
2025-12-07T02:43:07.029Z,29.9125,80.9401,35.0,4.5,mb,"38 km ENE of Dārchulā, Nepal"
2025-12-07T02:06:29.937Z,-16.7089,-177.4388,10.0,5.1,mb,"274 km SSE of Alo, Wallis and Futuna"
2025-12-07T01:42:45.446Z,50.0786,157.2271,35.0,4.5,mb,"102 km SE of Severo-Kuril’sk, Russia"
2025-12-07T01:23:03.945Z,60.5398,-139.8645,5.0,4.5,mwr,"110 km N of Yakutat, Alaska"
2025-12-07T00:54:08.934Z,9.7333,138.4384,10.0,4.5,mb,"42 km NE of Colonia, Micronesia"
2025-12-07T00:31:41.951Z,31.6052,132.103,44.002,4.5,mb,"69 km E of Nichinan, Japan"
2025-12-07T00:16:46.480Z,39.5461,143.3292,31.708,4.9,mb,"118 km E of Yamada, Japan"
2025-12-06T22:42:49.854Z,60.4175,-139.6841,5.0,4.5,mb,"97 km N of Yakutat, Alaska"
2025-12-06T22:34:31.805Z,60.5231,-140.0265,7.439,4.6,mb,"110 km N of Yakutat, Alaska"
2025-12-06T20:54:38.679Z,60.4092,-139.5694,5.0,4.9,mb,"96 km N of Yakutat, Alaska"
2025-12-06T20:51:52.900Z,60.318885803223,-139.35723876953,10.758799552917,5.0876669931811,ml,"88 km NNE of Yakutat, Alaska"
2025-12-06T20:48:08.874Z,38.0628,22.0416,15.92,4.8,mwr,"7 km WNW of Kalávryta, Greece"
2025-12-06T20:46:37.581Z,60.2873,-139.3857,5.0,4.8,ml,"84 km NNE of Yakutat, Alaska"
2025-12-06T20:46:10.622Z,60.3673,-139.4012,5.0,5.2,mb,"93 km NNE of Yakutat, Alaska"
2025-12-06T20:41:49.288Z,60.3127,-139.5412,10.317,7.0,mww,2025 Hubbard Glacier Earthquake
2025-12-06T18:14:51.940Z,53.3085,159.6693,71.816,4.5,mb,"74 km ENE of Petropavlovsk-Kamchatsky, Russia"
2025-12-06T16:46:28.050Z,37.0417,58.3061,10.0,4.5,mb,"19 km WSW of Qūchān, Iran"
2025-12-06T15:12:19.159Z,-55.1495,-126.6904,10.0,5.1,mb,southern East Pacific Rise
2025-12-06T13:24:39.304Z,-60.1547,-61.7811,10.0,4.8,mb,Drake Passage
2025-12-06T13:07:34.763Z,37.1388,68.2923,10.0,4.6,mb,"19 km SE of Shahritus, Tajikistan"
2025-12-06T11:12:43.621Z,52.8181,161.0695,10.0,4.6,mb,"166 km E of Petropavlovsk-Kamchatsky, Russia"
2025-12-06T10:31:26.849Z,52.7715,161.0444,10.0,4.8,mb,"165 km ESE of Petropavlovsk-Kamchatsky, Russia"
2025-12-06T10:21:21.364Z,52.5265,160.8204,31.483,4.6,mb,"159 km ESE of Petropavlovsk-Kamchatsky, Russia"
2025-12-06T05:07:19.127Z,-29.7112,-177.0683,10.0,4.7,mb,"Kermadec Islands, New Zealand"
2025-12-06T04:58:53.681Z,15.1922,-94.5793,10.0,4.5,mb,"115 km S of San Francisco del Mar Viejo, Mexico"
2025-12-06T04:47:46.431Z,35.7896,21.752,32.234,4.6,mb,"113 km S of Koróni, Greece"
2025-12-06T02:10:26.110Z,52.5956,160.8653,13.146,5.1,mb,"159 km ESE of Petropavlovsk-Kamchatsky, Russia"
2025-12-06T01:16:11.581Z,13.1747,144.567,75.892,4.5,mb,"14 km SW of Merizo Village, Guam"
2025-12-06T00:44:34.405Z,1.6522,127.2482,113.578,5.1,mb,"85 km W of Tobelo, Indonesia"
2025-12-05T23:40:53.957Z,-44.136,-82.1174,10.0,4.6,mb,West Chile Rise
2025-12-05T23:28:17.614Z,49.3278,155.3228,64.897,4.6,mb,"160 km SSW of Severo-Kuril’sk, Russia"
2025-12-05T20:42:19.305Z,-10.5681,119.2705,16.04,5.1,mb,"126 km S of Tambolaka, Indonesia"
2025-12-05T19:47:23.636Z,7.0273,-46.2267,10.0,4.9,mb,North Atlantic Ocean
2025-12-05T19:37:21.774Z,18.0289,120.8263,10.0,4.5,mb,"8 km ESE of Padong, Philippines"
2025-12-05T19:33:40.764Z,18.6143,-106.7426,10.0,5.5,mww,"201 km SW of José María Morelos, Mexico"
2025-12-05T19:24:33.804Z,-60.161,-62.1152,10.0,4.7,mb,Drake Passage
2025-12-05T18:18:48.925Z,-60.0779,-62.4141,10.0,4.5,mb,Drake Passage
2025-12-05T16:06:08.302Z,-11.9095,165.8452,10.0,4.5,mb,"131 km S of Lata, Solomon Islands"
2025-12-05T14:40:33.456Z,-26.7508,-176.2161,10.0,4.6,mb,south of the Fiji Islands
2025-12-05T12:03:57.273Z,52.9643,160.9211,10.0,4.8,mb,"154 km E of Petropavlovsk-Kamchatsky, Russia"
2025-12-05T11:50:23.131Z,6.9005,-46.3014,10.0,4.9,mb,North Atlantic Ocean
2025-12-05T11:48:31.746Z,39.3411,93.4557,10.0,4.5,mb,"139 km SW of Dunhuang, China"
2025-12-05T10:50:20.258Z,-60.1833,-62.065,10.0,5.2,mww,Drake Passage
2025-12-05T05:34:35.711Z,-6.1134,151.271,10.0,4.5,mb,"140 km ESE of Kimbe, Papua New Guinea"
2025-12-05T04:39:56.968Z,-4.879,145.3954,156.556,4.6,mb,"57 km NW of Madang, Papua New Guinea"
2025-12-05T01:52:17.427Z,49.8062,155.7417,72.97,4.5,mb,"100 km SSW of Severo-Kuril’sk, Russia"
2025-12-04T19:43:05.036Z,51.359,159.4329,35.0,4.7,mb,"188 km SSE of Vilyuchinsk, Russia"
2025-12-04T19:13:00.752Z,-27.495,-176.1569,10.0,5.3,mb,Kermadec Islands region
2025-12-04T17:46:27.614Z,-11.7572,116.8905,10.0,4.5,mb,"South of Lombok, Indonesia"
2025-12-04T16:17:35.406Z,-55.379,-24.7252,10.0,4.7,mb,South Sandwich Islands region
2025-12-04T13:34:41.940Z,0.7895,123.8201,252.173,4.5,mb,"78 km WNW of Modisi, Indonesia"
2025-12-04T13:18:35.329Z,53.0506,159.4767,70.87,4.8,mb,"56 km E of Petropavlovsk-Kamchatsky, Russia"
2025-12-04T12:35:56.282Z,-19.9635,-12.372,10.0,5.1,mb,southern Mid-Atlantic Ridge
2025-12-04T12:20:24.731Z,-21.1435,-11.4638,10.0,4.6,mb,southern Mid-Atlantic Ridge
2025-12-04T12:16:49.791Z,-5.4173,154.1918,130.321,4.6,mb,"174 km NW of Panguna, Papua New Guinea"
2025-12-04T07:44:06.341Z,41.0099,78.4441,9.0,5.8,mww,"136 km NNW of Tumxuk, China"
2025-12-04T04:42:55.356Z,18.2905,146.2495,87.63,4.8,mb,"Pagan region, Northern Mariana Islands"
2025-12-04T04:31:45.462Z,-21.4912,-179.2237,599.274,5.2,mb,Fiji region
2025-12-04T04:23:11.091Z,-0.3169,125.646,76.161,5.0,mb,"159 km ESE of Modisi, Indonesia"
2025-12-04T03:45:06.323Z,15.9145,-95.6215,34.753,5.2,mww,"9 km SE of Santiago Astata, Mexico"
2025-12-04T03:17:26.676Z,1.4567,128.2043,106.214,4.6,mb,"37 km SE of Tobelo, Indonesia"
2025-12-04T03:14:35.540Z,-54.9048,-129.2594,10.0,5.1,mb,Pacific-Antarctic Ridge
2025-12-04T03:12:08.064Z,-55.3824,-128.1034,10.0,5.5,mww,Pacific-Antarctic Ridge
2025-12-03T22:47:13.075Z,-40.5048,176.2241,19.726,4.5,mwr,"32 km ESE of Mangatainoka, New Zealand"
2025-12-03T17:36:42.720Z,-4.4978,154.2852,10.0,4.7,mb,"224 km E of Kokopo, Papua New Guinea"
2025-12-03T16:42:27.392Z,-31.5476,-178.4085,10.0,5.0,mb,Kermadec Islands region
2025-12-03T15:54:36.774Z,29.4748,141.4531,78.012,4.5,mb,"Izu Islands, Japan region"
2025-12-03T14:01:21.937Z,-15.1264,172.3477,636.785,4.5,mb,Vanuatu region
2025-12-03T12:59:13.374Z,14.6744,-93.3167,35.0,4.7,mb,"86 km SW of El Arenal, Mexico"
2025-12-03T07:06:46.413Z,-9.8236,109.6451,35.0,4.5,mb,"218 km SSW of Bambanglipuro, Indonesia"
2025-12-03T03:07:32.623Z,-24.6527,179.9802,532.511,4.5,mb,south of the Fiji Islands
2025-12-03T01:57:12.859Z,-17.7849,-178.7413,552.073,4.6,mb,"208 km E of Levuka, Fiji"
2025-12-02T23:35:28.675Z,-20.8566,-178.9541,620.0,5.6,mww,Fiji region
2025-12-02T22:57:52.961Z,-12.4465,166.8701,204.123,4.9,mb,"174 km NNW of Sola, Vanuatu"
2025-12-02T19:57:55.245Z,-27.6938,179.4477,514.853,4.7,mb,Kermadec Islands region
2025-12-02T15:24:19.178Z,-16.8994,-172.5286,10.0,4.6,mb,"171 km SE of Hihifo, Tonga"
2025-12-02T13:28:01.116Z,-2.3276,134.1553,5.054,4.6,mb,"74 km ESE of Bintuni, Indonesia"
2025-12-02T13:16:24.210Z,0.337,98.6405,49.768,5.1,mb,"96 km ESE of Teluk Dalam, Indonesia"
2025-12-02T12:30:13.963Z,-7.4197,128.1947,143.843,4.6,mb,"179 km NE of Lospalos, Timor Leste"
2025-12-02T11:10:39.290Z,50.0701,157.0808,35.0,5.1,mww,"95 km SE of Severo-Kuril’sk, Russia"
2025-12-02T11:01:09.803Z,21.9235,95.9869,10.0,4.8,mb,"5 km N of Sagaing, Burma (Myanmar)"
2025-12-02T10:56:23.331Z,31.9102,92.921,10.0,4.8,mb,"94 km ENE of Nagqu, China"
2025-12-02T10:03:05.574Z,42.94,145.4636,52.509,5.0,mwr,"43 km SSW of Nemuro, Japan"
2025-12-02T09:23:04.488Z,-59.1111,-25.0092,24.481,4.5,mb,South Sandwich Islands region
2025-12-02T08:27:52.812Z,-15.3238,-173.135,10.0,4.5,mb,"99 km NE of Hihifo, Tonga"
2025-12-02T08:05:35.252Z,9.545,-40.4776,10.0,4.6,mb,central Mid-Atlantic Ridge
2025-12-02T07:34:30.673Z,9.3019,-40.681,10.0,5.2,mww,central Mid-Atlantic Ridge
2025-12-02T05:59:28.153Z,9.4392,-40.5327,10.0,4.6,mb,central Mid-Atlantic Ridge
2025-12-02T05:13:57.568Z,-26.8248,-176.2178,10.0,5.0,mww,south of the Fiji Islands
2025-12-02T04:48:24.805Z,9.9404,-70.8134,10.0,4.6,mb,"16 km NE of Mene Grande, Venezuela"
2025-12-02T01:56:29.404Z,-6.1955,155.0083,158.207,4.9,mb,"54 km WNW of Panguna, Papua New Guinea"
2025-12-02T01:27:59.092Z,-56.3082,-25.5974,10.0,4.5,mb,South Sandwich Islands region
2025-12-02T00:50:56.754Z,51.3831,159.6595,10.0,4.9,mb,"192 km SSE of Vilyuchinsk, Russia"
2025-12-02T00:22:37.747Z,-10.0596,66.794,10.0,4.6,mb,Mid-Indian Ridge
2025-12-01T23:26:58.600Z,-9.5429,-75.2302,108.152,4.9,mww,"29 km WNW of Yuyapichis, Peru"
2025-12-01T23:16:31.045Z,-27.3275,-176.8501,35.0,4.5,mb,Kermadec Islands region
2025-12-01T23:08:04.871Z,-27.1082,-176.4363,35.0,5.2,mww,Kermadec Islands region
2025-12-01T22:21:07.810Z,51.648,-173.4586,35.0,5.1,mww,"79 km SE of Atka, Alaska"
2025-12-01T22:11:17.462Z,14.7587,119.7692,10.0,4.5,mb,"39 km WSW of San Nicolas, Philippines"
2025-12-01T22:07:37.251Z,-27.1652,-175.9607,10.0,4.6,mb,Kermadec Islands region
2025-12-01T21:12:19.958Z,-21.1132,168.5224,10.0,4.9,mb,"82 km NE of Tadine, New Caledonia"
2025-12-01T20:05:12.930Z,-10.2888,161.4093,104.577,5.1,mww,"58 km WNW of Kirakira, Solomon Islands"
2025-12-01T18:55:15.922Z,22.8791,94.4717,99.301,4.8,mb,"81 km E of Falam, Burma (Myanmar)"
2025-12-01T18:32:07.963Z,8.9656,126.3025,56.431,4.5,mb,"4 km NNE of Bacolod, Philippines"
2025-12-01T15:10:29.365Z,7.669,136.9808,10.0,4.6,mb,"239 km SSW of Colonia, Micronesia"
2025-12-01T14:07:56.508Z,52.7494,160.644,34.576,4.8,mb,"140 km ESE of Petropavlovsk-Kamchatsky, Russia"
2025-12-01T08:40:31.294Z,-3.6493,142.2499,35.0,4.7,mb,"57 km S of Aitape, Papua New Guinea"
2025-12-01T07:52:35.724Z,16.3206,-59.6292,10.0,4.5,mb,"154 km E of Beauséjour, Guadeloupe"
2025-12-01T06:59:08.235Z,19.1885,146.2372,91.59,4.5,mb,Mariana Islands region
2025-12-01T02:54:40.381Z,-17.829,-174.6388,10.0,4.7,mb,"114 km NW of Neiafu, Tonga"
2025-12-01T01:41:43.796Z,7.4127,127.0704,35.0,4.6,mb,"53 km E of Baculin, Philippines"
2025-12-01T00:48:01.683Z,42.0602,142.5913,57.662,4.6,mb,"19 km WSW of Urakawa, Japan"
2025-11-30T23:16:37.213Z,-2.9848,130.1828,10.0,4.9,mww,"139 km ENE of Masohi, Indonesia"
2025-11-30T17:25:49.939Z,38.1966,141.8948,54.948,4.6,mwr,"47 km SE of Onagawa Chō, Japan"
2025-11-30T16:23:05.446Z,18.8501,145.7151,201.514,4.7,mb,"Pagan region, Northern Mariana Islands"
2025-11-30T14:49:01.167Z,-18.957,-174.975,191.174,4.5,mb,"109 km WSW of Neiafu, Tonga"
2025-11-30T14:06:15.835Z,51.5151,157.7795,90.253,4.5,mb,"88 km E of Ozernovskiy, Russia"
2025-11-30T12:18:13.489Z,-56.0757,-143.8795,10.0,5.0,mb,Pacific-Antarctic Ridge
2025-11-30T10:05:29.877Z,-26.9787,-176.2688,10.0,5.3,mww,south of the Fiji Islands
2025-11-30T08:31:49.549Z,-1.923,128.9011,10.0,4.7,mb,"152 km N of Masohi, Indonesia"
2025-11-30T05:34:27.648Z,1.6999,-84.6589,10.0,4.5,mb,off the coast of Ecuador
2025-11-30T05:01:19.060Z,-17.4164,-173.1133,35.0,4.6,mb,"164 km NE of Neiafu, Tonga"
2025-11-30T02:51:46.671Z,-28.4498,-68.9984,94.818,4.5,mb,"84 km WNW of Vinchina, Argentina"
2025-11-29T23:42:46.026Z,-27.1631,-176.5717,36.374,5.3,mww,Kermadec Islands region
2025-11-29T22:53:04.778Z,51.8472,160.1105,30.704,4.5,mb,"167 km SE of Vilyuchinsk, Russia"
2025-11-29T22:47:50.658Z,-56.5108,147.4508,10.0,5.8,mww,west of Macquarie Island
2025-11-29T20:01:55.520Z,20.9359,121.0281,10.0,4.9,mb,"111 km WNW of Basco, Philippines"
2025-11-29T18:18:28.907Z,-27.23,-176.2047,10.0,4.8,mww,Kermadec Islands region
2025-11-29T15:23:06.290Z,0.3695,122.0085,182.34,4.6,mb,"118 km W of Gorontalo, Indonesia"
2025-11-29T13:29:48.203Z,9.6159,138.2209,10.0,4.6,mb,"15 km NE of Colonia, Micronesia"
2025-11-29T12:15:14.242Z,-61.1702,-36.4403,10.0,4.7,mb,Scotia Sea
2025-11-29T11:50:03.912Z,-13.715,166.4729,10.0,5.0,mb,"118 km W of Sola, Vanuatu"
2025-11-29T08:03:53.203Z,-52.366,151.8084,10.0,5.9,mww,west of Macquarie Island
2025-11-29T06:57:15.257Z,21.5934,143.1209,304.108,4.5,mb,Mariana Islands region
2025-11-29T06:52:40.983Z,13.313,-89.049,84.992,4.9,mww,"20 km S of El Rosario, El Salvador"
2025-11-29T06:33:00.223Z,-5.9669,130.9334,121.359,4.5,mb,"204 km W of Tual, Indonesia"
2025-11-29T06:04:59.183Z,-6.8742,156.2641,154.765,5.1,mww,"100 km SE of Kieta, Papua New Guinea"
2025-11-29T04:20:40.436Z,-7.9947,-13.4967,10.0,5.1,mww,"101 km E of Georgetown, Saint Helena"
2025-11-29T03:34:07.310Z,48.9607,156.2413,13.482,5.0,mww,"190 km S of Severo-Kuril’sk, Russia"
2025-11-29T02:31:56.796Z,-25.2274,-175.3988,10.0,4.7,mb,south of Tonga
2025-11-29T00:55:12.692Z,-23.9845,-66.6652,197.499,4.7,mww,"43 km NW of San Antonio de los Cobres, Argentina"
2025-11-28T22:53:31.758Z,37.1913,96.3388,10.0,4.6,mb,"257 km SW of Yanglong, China"
2025-11-28T22:46:29.696Z,-47.5014,-13.447,10.0,5.3,mb,southern Mid-Atlantic Ridge
2025-11-28T22:40:44.664Z,29.1143,131.2005,9.766,4.8,mww,"139 km SSE of Koshima, Japan"
2025-11-28T22:35:03.207Z,-47.5152,-13.5665,10.0,4.9,mb,southern Mid-Atlantic Ridge
2025-11-28T21:23:44.867Z,49.1254,156.146,33.974,4.6,mb,"172 km S of Severo-Kuril’sk, Russia"
2025-11-28T20:11:44.901Z,-18.8013,-171.8211,10.0,4.6,mb,"228 km E of Neiafu, Tonga"
2025-11-28T20:06:08.384Z,15.3677,-92.1037,153.161,5.8,mww,"7 km S of Amatenango de la Frontera, Mexico"
2025-11-28T17:59:55.050Z,-37.1842,52.411,10.0,4.8,mb,South Indian Ocean
2025-11-28T17:48:46.318Z,-17.4578,-174.5935,103.611,4.6,mb,"147 km NNW of Neiafu, Tonga"
2025-11-28T13:29:34.628Z,-14.1982,-14.3764,10.0,5.0,mb,southern Mid-Atlantic Ridge
2025-11-28T11:44:22.112Z,-21.4329,-66.814,212.454,4.5,mb,"82 km SW of Atocha, Bolivia"
2025-11-28T10:39:10.446Z,49.7425,158.6707,10.0,4.6,mb,"209 km ESE of Severo-Kuril’sk, Russia"
2025-11-28T08:32:54.036Z,-7.1001,129.7585,140.065,4.8,mww,"Kepulauan Babar, Indonesia"
2025-11-28T07:13:31.893Z,-22.7597,-66.771,219.095,4.8,mb,"110 km W of Abra Pampa, Argentina"
2025-11-28T05:18:27.170Z,-9.0856,-108.9253,10.0,5.3,mww,central East Pacific Rise
2025-11-28T03:30:09.169Z,-15.3351,-174.8407,263.0,5.6,mww,"131 km WNW of Hihifo, Tonga"
2025-11-28T01:25:37.512Z,-0.2594,-16.1735,10.0,4.7,mb,north of Ascension Island
2025-11-27T21:44:59.196Z,32.0486,56.3493,10.0,4.6,mb,"96 km NNW of Rāvar, Iran"
2025-11-27T20:33:59.988Z,39.5266,143.5987,10.0,4.5,mb,"141 km E of Yamada, Japan"
2025-11-27T17:11:29.059Z,61.569519042969,-150.75079345703,69.433395385742,6.0,mww,"12 km WNW of Susitna, Alaska"
2025-11-27T16:01:40.340Z,-6.8493,130.5204,105.965,4.8,mb,"281 km WSW of Tual, Indonesia"
2025-11-27T12:31:13.201Z,4.0695,126.6845,26.731,4.9,mb,"200 km SE of Sarangani, Philippines"
2025-11-27T12:26:01.227Z,14.6053,145.7293,120.325,4.6,mb,"41 km SSE of San Jose Village, Northern Mariana Islands"
2025-11-27T09:59:14.336Z,1.7442,126.4587,57.575,4.8,mb,"147 km NW of Ternate, Indonesia"
2025-11-27T06:03:11.403Z,-21.702,-68.3037,117.885,4.5,mb,"53 km S of Ollagüe, Chile"
2025-11-27T05:43:40.510Z,20.0468,145.7856,89.676,4.5,mb,"Maug Islands region, Northern Mariana Islands"
2025-11-27T05:32:43.357Z,1.2621,96.7469,10.0,4.8,mb,"96 km W of Gunungsitoli, Indonesia"
2025-11-27T04:56:24.368Z,2.7191,95.9543,17.0,6.4,mww,"54 km WNW of Sinabang, Indonesia"
2025-11-27T04:41:34.746Z,5.257,125.8825,106.753,4.5,mb,"49 km ESE of Sarangani, Philippines"
2025-11-27T03:10:46.176Z,18.3668,120.8975,37.595,4.9,mww,"23 km SE of Bangui, Philippines"
2025-11-27T02:29:15.212Z,-16.1031,67.4002,10.0,4.5,mb,Mid-Indian Ridge
2025-11-27T01:15:35.356Z,-11.071,163.6473,10.0,4.5,mb,"200 km ESE of Kirakira, Solomon Islands"
2025-11-27T00:08:52.708Z,35.5645,24.8108,71.12,4.7,mb,"19 km NE of Pánormos, Greece"
2025-11-27T00:00:25.750Z,1.0751,125.0109,122.064,4.7,mb,"27 km SSE of Tondano, Indonesia"
2025-11-26T23:00:42.628Z,4.2042,122.7437,10.0,5.0,mb,"222 km SSE of Tabiauan, Philippines"
2025-11-26T20:41:13.932Z,-17.9457,-178.4226,564.849,4.6,mb,"239 km E of Levuka, Fiji"
2025-11-26T19:54:23.764Z,0.7377,96.8752,10.0,5.0,mb,"102 km SW of Gunungsitoli, Indonesia"
2025-11-26T18:16:55.082Z,52.5183,159.2832,78.18,4.5,mb,"75 km SE of Vilyuchinsk, Russia"
2025-11-26T18:03:50.583Z,-22.6098,170.9494,10.0,5.2,mww,southeast of the Loyalty Islands
2025-11-26T16:43:57.594Z,42.4544,144.2913,81.265,5.0,mb,"58 km S of Kushiro, Japan"
2025-11-26T16:07:17.505Z,48.741,155.0357,64.043,4.5,mb,"229 km SSW of Severo-Kuril’sk, Russia"
2025-11-26T13:32:29.293Z,-57.8283,157.5009,10.0,4.5,mb,Macquarie Island region
2025-11-26T11:55:31.635Z,27.0116,125.3424,259.723,4.9,mww,"244 km N of Hirara, Japan"
2025-11-26T10:59:27.664Z,-7.1081,129.8647,150.626,4.6,mb,"Kepulauan Babar, Indonesia"
2025-11-26T10:53:45.483Z,-23.8661,-67.9349,117.756,4.5,mb,"109 km SSE of San Pedro de Atacama, Chile"
2025-11-26T09:42:05.015Z,-19.4447,168.5539,10.0,4.9,mb,"77 km W of Isangel, Vanuatu"
2025-11-26T08:24:28.020Z,5.3272,127.1472,129.531,4.8,mb,"156 km SE of Pondaguitan, Philippines"
2025-11-26T07:07:20.533Z,-51.012,162.1062,10.0,4.7,mb,"Auckland Islands, New Zealand region"
2025-11-26T06:55:25.440Z,-19.5346,168.3765,10.0,4.7,mb,"95 km W of Isangel, Vanuatu"
2025-11-26T05:28:38.362Z,2.3958,98.9189,156.671,4.9,mb,"29 km SSE of Tomok Bolon, Indonesia"
2025-11-26T02:59:12.335Z,-15.0495,-173.5311,10.0,5.0,mb,"104 km NNE of Hihifo, Tonga"
2025-11-26T00:07:24.821Z,-5.7931,149.2529,125.323,4.8,mb,"56 km NW of Kandrian, Papua New Guinea"
2025-11-25T23:10:30.346Z,-22.988,172.8212,10.0,4.5,mb,southeast of the Loyalty Islands
2025-11-25T22:31:05.481Z,50.2483,158.8277,10.0,4.6,mb,"197 km ESE of Severo-Kuril’sk, Russia"
2025-11-25T22:26:53.672Z,50.3522,159.1485,10.0,4.9,mb,"217 km E of Severo-Kuril’sk, Russia"
2025-11-25T20:40:40.045Z,0.652,121.5651,80.966,4.5,mb,"167 km W of Gorontalo, Indonesia"
2025-11-25T17:16:20.791Z,53.1481,-168.1205,66.444,5.0,mww,"54 km ENE of Nikolski, Alaska"
2025-11-25T15:52:05.180Z,-22.9519,173.0049,10.0,4.9,mww,southeast of the Loyalty Islands
2025-11-25T15:19:25.093Z,-48.8025,123.843,10.0,4.7,mb,western Indian-Antarctic Ridge
2025-11-25T14:12:20.609Z,-22.9942,173.0749,10.0,4.9,mww,southeast of the Loyalty Islands
2025-11-25T13:55:37.870Z,-22.907,172.9271,10.0,4.6,mb,southeast of the Loyalty Islands
2025-11-25T12:06:58.113Z,2.3697,126.6955,59.068,4.6,mb,"162 km WNW of Tobelo, Indonesia"
2025-11-25T10:45:18.212Z,6.3406,126.1995,71.508,5.4,mww,"3 km SE of Pondaguitan, Philippines"
2025-11-25T09:57:03.155Z,-15.9547,-73.6683,63.994,4.9,mb,"28 km N of Atico, Peru"
2025-11-25T09:01:17.570Z,33.0317,131.0814,10.0,5.3,mww,"10 km N of Aso, Japan"
2025-11-25T07:59:28.603Z,36.241,142.206,10.0,4.7,mb,"135 km ENE of Hasaki, Japan"
2025-11-25T04:56:23.571Z,13.8543,144.7191,155.49,4.5,mb,"39 km NNW of Dededo Village, Guam"
2025-11-25T04:53:20.283Z,52.2161,159.5367,53.611,5.0,mb,"110 km SE of Vilyuchinsk, Russia"
2025-11-25T04:47:29.770Z,52.1975,159.6334,38.797,5.3,mww,"116 km SE of Vilyuchinsk, Russia"
2025-11-25T02:54:03.798Z,-17.7719,167.7389,10.0,4.7,mb,"61 km W of Port-Vila, Vanuatu"
2025-11-25T02:13:11.498Z,-23.0889,-66.7635,197.346,4.5,mb,"111 km W of El Aguilar, Argentina"
2025-11-24T23:31:12.046Z,-18.6886,-177.825,472.115,4.5,mb,Fiji region
2025-11-24T22:29:11.481Z,-18.7742,-177.5931,622.495,4.7,mb,Fiji region
2025-11-24T21:11:05.955Z,47.5684,154.3117,10.0,4.5,mb,Kuril Islands
2025-11-24T18:43:27.162Z,-7.7519,128.312,89.733,4.5,mb,"167 km ENE of Lospalos, Timor Leste"
2025-11-24T17:30:13.764Z,4.8731,96.6217,10.0,4.5,mb,"37 km SSW of Bireun, Indonesia"
2025-11-24T16:03:27.357Z,-23.558,179.9433,535.308,4.5,mb,south of the Fiji Islands
2025-11-24T13:44:39.405Z,-3.112,142.9974,10.0,4.5,mb,"72 km E of Aitape, Papua New Guinea"
2025-11-24T13:33:18.171Z,-24.1014,-67.1654,196.088,4.5,mb,"87 km W of San Antonio de los Cobres, Argentina"
2025-11-24T12:22:10.853Z,-2.6593,28.6544,10.0,4.6,mb,"23 km SW of Kabare, Democratic Republic of the Congo"
2025-11-24T12:03:56.123Z,-8.1285,-73.5609,10.0,4.6,mb,"91 km W of Porto Walter, Brazil"
2025-11-24T09:45:57.072Z,-32.9642,-178.826,33.61,5.0,mb,south of the Kermadec Islands
2025-11-24T08:51:46.010Z,39.4265,21.7743,10.0,4.5,mb,"3 km SW of Magoúla, Greece"
2025-11-24T05:48:47.384Z,-5.9875,147.4084,10.0,4.6,mb,"79 km NW of Finschhafen, Papua New Guinea"
2025-11-24T02:21:02.818Z,7.5142,-37.0622,10.0,5.3,mww,central Mid-Atlantic Ridge
2025-11-24T01:57:59.956Z,-3.4245,68.2539,10.0,4.5,mb,Chagos Archipelago region
2025-11-24T01:28:52.750Z,2.4909,128.4556,226.675,4.6,mb,"97 km NNE of Tobelo, Indonesia"
2025-11-24T01:22:37.155Z,-3.3365,68.3758,10.0,4.9,mb,Chagos Archipelago region
2025-11-23T20:40:24.031Z,-9.1074,111.8512,64.643,4.9,mb,"109 km S of Boyolangu, Indonesia"
2025-11-23T18:07:01.531Z,52.6118,161.0468,10.0,4.6,mb,"170 km ESE of Petropavlovsk-Kamchatsky, Russia"
2025-11-23T16:23:41.233Z,-21.1246,-68.5008,136.078,4.7,mb,"27 km WNW of Ollagüe, Chile"
2025-11-23T15:37:43.312Z,1.7192,126.4493,48.937,4.8,mb,"146 km NW of Ternate, Indonesia"
2025-11-23T13:56:40.323Z,23.6902,-44.9762,10.0,4.7,mb,northern Mid-Atlantic Ridge
2025-11-23T12:53:53.450Z,13.588,40.672,3.0,5.4,mww,"116 km WSW of Edd, Eritrea"
2025-11-23T12:25:06.868Z,-1.0187,-13.4111,10.0,4.9,mb,north of Ascension Island
2025-11-23T12:21:17.620Z,13.588,40.672,3.0,5.5,mww,"116 km WSW of Edd, Eritrea"
2025-11-23T11:53:17.931Z,-14.2313,167.3094,10.0,4.5,mb,"47 km SSW of Sola, Vanuatu"
2025-11-23T09:44:10.530Z,11.2252,124.1322,10.0,4.6,mb,"8 km ESE of Talisay, Philippines"
2025-11-23T09:04:38.551Z,-58.3778,-23.6582,10.0,4.8,mb,South Sandwich Islands region
2025-11-23T08:21:44.503Z,51.3114,-177.0161,33.0,5.5,mww,"67 km SSW of Adak, Alaska"
2025-11-23T07:36:20.242Z,1.3424,128.5157,10.0,4.6,mb,"70 km SE of Tobelo, Indonesia"
2025-11-23T06:16:56.967Z,-49.249,125.2247,10.0,4.7,mb,western Indian-Antarctic Ridge
2025-11-23T05:38:22.761Z,52.2661,159.0241,84.976,4.6,mb,"85 km SSE of Vilyuchinsk, Russia"
2025-11-23T04:39:22.415Z,13.3595,95.8101,10.0,5.3,mww,"269 km WSW of Dawei, Burma (Myanmar)"
2025-11-23T03:32:01.283Z,15.2591,147.6616,10.0,4.5,mb,"204 km E of Saipan, Northern Mariana Islands"
2025-11-23T03:19:55.907Z,1.2954,128.5754,10.0,5.3,mww,"72 km NNE of Maba, Indonesia"
2025-11-23T03:03:26.319Z,65.7888,-37.771,10.0,4.8,mb,"20 km NNW of Tasiilaq, Greenland"
2025-11-22T23:32:17.375Z,-15.0065,-172.984,10.0,4.7,mb,"136 km NE of Hihifo, Tonga"
2025-11-22T23:28:21.305Z,-10.6594,162.4336,77.213,4.5,mb,"60 km ESE of Kirakira, Solomon Islands"
2025-11-22T21:50:36.334Z,-23.1093,-177.0071,170.159,4.8,mb,"277 km SW of Houma, Tonga"
2025-11-22T19:11:57.396Z,-9.3742,150.067,9.184,4.8,mb,"112 km NNW of Alotau, Papua New Guinea"
2025-11-22T18:41:20.057Z,8.8416,-84.0883,10.998,5.1,mww,"63 km WSW of Puerto Cortés, Costa Rica"
2025-11-22T17:56:09.844Z,-10.2779,161.2594,88.908,4.5,mb,"74 km WNW of Kirakira, Solomon Islands"
2025-11-22T17:18:00.365Z,17.8827,120.8943,10.0,4.6,mb,"24 km SE of Padong, Philippines"
2025-11-22T16:30:59.168Z,-7.5021,127.7856,165.364,4.6,mb,"142 km NE of Lospalos, Timor Leste"
2025-11-22T15:38:53.884Z,61.197,-151.268,81.3,4.8,ml,"11 km WNW of Beluga, Alaska"
2025-11-22T13:46:22.782Z,16.5189,-59.498,10.0,4.6,mb,"169 km E of Beauséjour, Guadeloupe"
2025-11-22T13:33:37.328Z,-4.4179,144.4685,174.214,4.7,mb,"59 km SE of Angoram, Papua New Guinea"
2025-11-22T12:47:46.780Z,-5.0229,151.5509,142.497,4.6,mb,"109 km SW of Kokopo, Papua New Guinea"
2025-11-22T11:01:54.043Z,-6.682,132.4613,10.0,4.5,mb,"120 km SSW of Tual, Indonesia"
2025-11-22T11:00:10.744Z,4.8375,126.4906,58.92,4.7,mb,"129 km ESE of Sarangani, Philippines"
2025-11-22T10:29:01.638Z,11.0286,-85.1706,218.702,4.5,mb,"9 km NNW of San José, Costa Rica"
2025-11-22T09:06:28.833Z,31.705,141.8724,10.0,4.9,mb,"Izu Islands, Japan region"
2025-11-22T06:27:13.521Z,-23.3053,179.9,595.443,4.5,mb,south of the Fiji Islands
2025-11-22T05:19:40.861Z,-59.6557,-26.3712,63.514,4.5,mb,South Sandwich Islands region
2025-11-22T00:00:27.966Z,6.5559,125.4557,213.272,4.6,mb,"1 km W of Santa Maria, Philippines"
2025-11-21T22:38:09.841Z,49.6656,158.5579,12.0,5.6,mww,"206 km SE of Severo-Kuril’sk, Russia"
2025-11-21T19:47:06.830Z,9.2728,-84.1423,45.043,4.5,mb,"17 km S of Quepos, Costa Rica"
2025-11-21T17:37:49.663Z,51.1201,157.8945,68.211,4.9,mb,"105 km ESE of Ozernovskiy, Russia"
2025-11-21T13:46:57.733Z,15.8014,146.1953,123.377,4.5,mb,"80 km NE of Saipan, Northern Mariana Islands"
2025-11-21T12:37:59.521Z,-24.2434,179.8473,515.967,5.6,mww,south of the Fiji Islands
2025-11-21T12:22:04.100Z,39.6845,143.5003,11.0,5.5,mww,"133 km E of Miyako, Japan"
2025-11-21T11:15:50.468Z,-5.0265,151.3343,144.05,4.5,mb,"128 km SW of Kokopo, Papua New Guinea"
2025-11-21T10:24:49.131Z,-21.2037,168.5192,10.0,4.9,mb,"76 km ENE of Tadine, New Caledonia"
2025-11-21T07:12:38.770Z,10.6718,57.2026,10.0,4.7,mb,Carlsberg Ridge
2025-11-21T05:15:59.444Z,-2.2171,100.373,60.533,4.5,mb,"89 km ESE of Tuapejat, Indonesia"
2025-11-21T04:38:28.942Z,23.8578,90.5404,27.0,5.4,mww,"14 km ESE of Tungi, Bangladesh"
2025-11-21T00:42:38.478Z,-24.0294,-66.7098,199.374,4.6,mww,"44 km WNW of San Antonio de los Cobres, Argentina"
2025-11-20T23:36:07.747Z,25.6304,124.8124,125.124,5.1,mww,"104 km NNW of Hirara, Japan"
2025-11-20T21:39:13.626Z,36.2397,71.2672,113.684,4.9,mb,"54 km SSW of Ashkāsham, Afghanistan"
2025-11-20T21:11:22.902Z,2.7886,95.5441,29.868,4.6,mb,"99 km WNW of Sinabang, Indonesia"
2025-11-20T21:03:31.554Z,-6.8229,129.7353,165.067,4.5,mb,Banda Sea
2025-11-20T20:37:57.059Z,15.6626,122.1174,39.471,4.9,mb,"61 km E of Suklayin, Philippines"
2025-11-20T19:45:23.414Z,-31.2384,-68.9387,116.914,4.7,mb,"39 km NNW of Villa Basilio Nievas, Argentina"
2025-11-20T18:44:26.319Z,-0.6074,67.3847,10.0,4.5,mb,Carlsberg Ridge
2025-11-20T15:55:40.331Z,-11.4195,164.603,10.0,5.0,mb,"151 km WSW of Lata, Solomon Islands"
2025-11-20T14:59:30.824Z,-35.4407,-16.0702,10.0,5.3,mww,southern Mid-Atlantic Ridge
2025-11-20T13:18:39.147Z,-11.6482,-75.8815,109.205,4.5,mb,"12 km SSE of Santa Rosa de Sacco, Peru"
2025-11-20T12:55:18.115Z,-54.1547,-1.9643,9.972,4.6,mb,Bouvet Island region
2025-11-20T12:50:01.643Z,-25.5159,-176.3853,109.129,5.4,mww,south of the Fiji Islands
2025-11-20T12:08:46.269Z,-57.1783,-26.6615,128.522,4.9,mb,South Sandwich Islands region
2025-11-20T11:10:47.036Z,51.6325,159.969,25.971,4.5,mb,"179 km SE of Vilyuchinsk, Russia"
2025-11-20T09:51:10.204Z,51.7974,160.0327,10.0,4.5,mb,"167 km SE of Vilyuchinsk, Russia"
2025-11-20T09:41:38.072Z,52.1894,160.2939,30.891,4.5,mb,"149 km SE of Petropavlovsk-Kamchatsky, Russia"
2025-11-20T07:26:04.140Z,13.207,-87.7745,196.976,4.6,mb,"14 km SE of Conchagua, El Salvador"
2025-11-20T06:59:44.526Z,-3.7152,128.4005,130.856,5.8,mww,"24 km E of Ambon, Indonesia"
2025-11-20T06:51:25.009Z,14.0683,145.0286,125.511,4.6,mb,"60 km NNE of Yigo Village, Guam"
2025-11-20T04:19:54.661Z,1.5341,127.1321,132.062,5.1,mb,"86 km NNW of Ternate, Indonesia"
2025-11-20T03:44:38.860Z,13.8189,-91.7786,39.778,4.7,mww,"54 km SSE of Champerico, Guatemala"
2025-11-20T02:55:20.690Z,16.3022,-59.6409,10.0,4.5,mb,"153 km E of Beauséjour, Guadeloupe"
2025-11-20T01:06:48.241Z,-31.52,-178.7869,101.526,5.1,mb,Kermadec Islands region
2025-11-20T00:15:37.122Z,0.6186,120.5447,26.093,4.8,mb,"184 km NNE of Palu, Indonesia"
2025-11-19T22:39:15.772Z,-15.7213,167.8704,197.755,4.7,mb,"63 km NE of Norsup, Vanuatu"
2025-11-19T21:45:23.021Z,-57.9221,-25.3104,46.851,5.0,mb,South Sandwich Islands region
2025-11-19T19:06:07.072Z,1.9862,126.7697,35.0,4.8,mb,"140 km WNW of Tobelo, Indonesia"
2025-11-19T18:46:21.332Z,-20.7601,-71.9799,10.0,4.5,mb,"199 km WSW of Puerto, Chile"
2025-11-19T18:45:39.692Z,43.7287,89.0912,10.0,4.5,mb,"87 km N of Turpan, China"
2025-11-19T17:43:57.552Z,15.6726,122.2526,21.521,4.6,mb,"75 km E of Suklayin, Philippines"
2025-11-19T17:17:04.376Z,25.9378,128.4631,10.0,4.5,mb,"73 km SE of Katsuren-haebaru, Japan"
2025-11-19T16:22:58.192Z,-22.8019,171.5211,10.0,4.9,mww,southeast of the Loyalty Islands
2025-11-19T14:40:29.428Z,-30.2358,-178.0292,90.423,4.8,mb,"Kermadec Islands, New Zealand"
2025-11-19T14:39:56.309Z,51.8363,160.0254,27.55,4.9,mb,"164 km SE of Vilyuchinsk, Russia"
2025-11-19T14:00:42.568Z,-9.6292,151.2083,10.0,4.6,mb,"111 km NE of Alotau, Papua New Guinea"
2025-11-19T12:38:56.216Z,24.0837,121.8314,14.989,4.5,mb,"25 km ENE of Hualien City, Taiwan"
2025-11-19T12:25:13.395Z,24.0622,121.8513,13.298,4.6,mb,"26 km ENE of Hualien City, Taiwan"
2025-11-19T11:06:57.476Z,-23.988,-177.3339,212.569,4.8,mb,south of the Fiji Islands
2025-11-19T08:50:15.905Z,-18.278,-173.8274,169.964,4.5,mb,"44 km NNE of Neiafu, Tonga"
2025-11-19T08:13:09.788Z,16.3594,-97.9939,32.37,4.6,mb,"3 km NW of Rancho Viejo, Mexico"
2025-11-19T06:39:00.968Z,-37.9342,-75.3162,10.0,5.0,mww,"150 km WSW of Lebu, Chile"
2025-11-19T06:09:04.864Z,-54.1579,-136.4096,10.0,4.8,mb,Pacific-Antarctic Ridge
2025-11-19T02:23:19.086Z,39.216,143.4481,10.0,5.0,mb,"132 km ESE of Yamada, Japan"
2025-11-19T01:38:54.364Z,10.9296,-62.7828,122.292,5.0,mww,"40 km N of Yaguaraparo, Venezuela"
2025-11-18T22:36:33.063Z,8.8279,-84.0117,10.0,5.5,mww,"55 km WSW of Puerto Cortés, Costa Rica"
2025-11-18T21:25:50.296Z,-40.3837,-91.5178,10.0,4.7,mb,West Chile Rise
2025-11-18T15:35:29.938Z,-11.981,65.7464,10.0,5.3,mww,Mid-Indian Ridge
2025-11-18T15:12:09.318Z,9.6343,126.5531,12.436,4.5,mb,"50 km ESE of Union, Philippines"
2025-11-18T14:42:29.634Z,-23.2201,-179.8897,570.435,4.6,mb,south of the Fiji Islands
2025-11-18T14:23:31.480Z,-60.1288,-62.4106,10.0,4.9,mb,Drake Passage
2025-11-18T08:21:21.100Z,40.8514,142.7404,44.206,4.9,mb,"110 km NE of Kuji, Japan"
2025-11-18T07:11:32.343Z,-24.0656,-66.9981,183.36,4.9,mww,"71 km WNW of San Antonio de los Cobres, Argentina"
2025-11-18T07:08:29.198Z,54.4865,-160.0236,32.353,4.5,mwr,"99 km SSE of Sand Point, Alaska"
2025-11-18T02:05:51.621Z,39.1673,142.4458,42.848,4.5,mb,"51 km ESE of Kamaishi, Japan"
2025-11-18T00:55:08.599Z,-30.2266,-177.7746,75.21,4.8,mb,"Kermadec Islands, New Zealand"
2025-11-18T00:19:55.038Z,-12.4679,167.1554,241.604,4.6,mb,"161 km NNW of Sola, Vanuatu"
2025-11-17T21:59:25.873Z,8.9324,39.9242,10.0,4.5,mb,"3 km NNE of Metahāra, Ethiopia"
2025-11-17T21:04:10.091Z,39.009,24.2442,10.0,4.5,mwr,"29 km WNW of Skýros, Greece"
2025-11-17T19:06:33.260Z,39.7639,143.2167,17.622,5.2,mww,"110 km E of Miyako, Japan"
2025-11-17T18:30:23.573Z,9.0054,-83.9276,25.007,4.7,mb,"44 km W of Puerto Cortés, Costa Rica"
2025-11-17T17:23:03.435Z,12.0939,-86.5275,124.311,5.2,mww,"12 km N of Villa El Carmen, Nicaragua"
2025-11-17T12:12:37.099Z,0.0862,124.0622,110.485,5.3,mww,"58 km SW of Modisi, Indonesia"
2025-11-17T09:59:49.078Z,52.0083,159.9324,35.0,4.9,mb,"146 km SE of Vilyuchinsk, Russia"
2025-11-17T09:54:33.516Z,13.5109,120.8686,186.285,4.6,mb,"6 km W of Balatero, Philippines"
2025-11-17T09:51:32.448Z,51.3638,159.2868,31.654,4.5,mb,"184 km SSE of Vilyuchinsk, Russia"
2025-11-17T09:48:32.062Z,-61.132,159.5878,10.0,5.1,mb,Balleny Islands region
2025-11-17T05:06:08.198Z,-0.3643,-91.5245,10.0,4.7,mb,"90 km NW of Puerto Villamil, Ecuador"
2025-11-17T00:46:17.686Z,-11.0486,-106.3259,10.0,5.0,mb,central East Pacific Rise
2025-11-16T21:44:09.573Z,19.5027,-109.0053,10.0,5.2,mww,Revilla Gigedo Islands region
2025-11-16T21:39:14.924Z,-22.5156,-175.1089,10.0,5.0,mb,"130 km S of ‘Ohonua, Tonga"
2025-11-16T21:17:38.340Z,51.3607,159.5291,35.0,4.6,mb,"190 km SSE of Vilyuchinsk, Russia"
2025-11-16T20:37:18.514Z,-5.7622,146.629,90.482,4.6,mb,"102 km NE of Kainantu, Papua New Guinea"
2025-11-16T19:56:07.660Z,35.7267,76.9374,10.0,4.5,mb,"89 km N of Thang, India"
2025-11-16T18:48:43.391Z,49.1306,157.8965,10.0,5.1,mb,"213 km SE of Severo-Kuril’sk, Russia"
2025-11-16T16:37:44.522Z,-7.3874,154.4351,10.0,4.9,mb,"165 km SW of Panguna, Papua New Guinea"
2025-11-16T13:19:33.267Z,39.6749,143.5114,10.0,4.5,mb,"134 km E of Miyako, Japan"
2025-11-16T11:51:59.033Z,8.9516,-83.1982,62.114,4.5,mb,"28 km SSE of Buenos Aires, Costa Rica"
2025-11-16T11:29:09.433Z,-14.6926,166.886,67.082,4.9,mb,"43 km NNW of Port-Olry, Vanuatu"
2025-11-16T10:07:00.900Z,12.8318,143.1697,153.802,4.8,mb,"169 km WSW of Merizo Village, Guam"
2025-11-16T06:35:39.880Z,6.4774,126.1084,84.568,4.5,mb,"0 km S of Tiblawan, Philippines"
2025-11-16T06:15:59.381Z,-47.9051,116.1308,10.0,4.5,mb,western Indian-Antarctic Ridge
2025-11-16T05:33:40.390Z,-10.7082,113.9842,10.0,4.5,mb,"248 km SSW of Jimbaran, Indonesia"
2025-11-16T02:57:08.203Z,53.1025,159.9097,65.865,4.8,mb,"86 km E of Petropavlovsk-Kamchatsky, Russia"
2025-11-16T00:00:13.082Z,-55.3691,-27.4837,22.069,4.9,mb,South Sandwich Islands region
2025-11-15T20:27:15.927Z,82.1015,-5.4329,10.0,4.5,mb,north of Svalbard
2025-11-15T18:06:23.157Z,39.7127,143.2251,29.58,4.7,mb,"110 km E of Miyako, Japan"
2025-11-15T17:01:29.984Z,-15.9963,-175.9526,10.0,4.5,mb,"230 km W of Hihifo, Tonga"
2025-11-15T16:45:10.027Z,-30.6456,-71.7212,21.03,4.6,mwr,"50 km W of Ovalle, Chile"
2025-11-15T15:46:11.244Z,-21.1033,-176.7044,253.53,4.8,mb,"145 km W of Houma, Tonga"
2025-11-15T15:43:47.955Z,16.3807,-59.5794,10.0,4.9,mb,"159 km E of Beauséjour, Guadeloupe"
2025-11-15T13:31:46.331Z,45.5011,150.8203,58.787,4.5,mb,"232 km E of Kuril’sk, Russia"
2025-11-15T11:53:11.700Z,-9.2994,123.793,102.266,4.5,mb,"33 km N of Naisano Dua, Indonesia"
2025-11-15T09:35:56.320Z,-20.3233,-178.0497,525.651,4.5,mb,Fiji region
2025-11-15T08:46:19.147Z,39.2087,28.2723,10.0,4.5,mb,"8 km ESE of Sındırgı, Turkey"
2025-11-15T07:52:55.401Z,-15.5218,-175.7339,10.0,4.9,mb,"213 km WNW of Hihifo, Tonga"
2025-11-15T07:38:39.661Z,11.2983,123.9672,10.0,4.9,mb,"7 km WNW of Tapilon, Philippines"
2025-11-15T07:10:02.334Z,-23.6271,-66.6297,214.992,4.5,mb,"72 km NNW of San Antonio de los Cobres, Argentina"
2025-11-15T06:13:57.714Z,-28.8239,-71.5282,31.144,5.0,mww,"79 km WSW of Vallenar, Chile"
2025-11-15T05:33:30.479Z,4.0236,126.6366,35.0,5.3,mww,"200 km SE of Sarangani, Philippines"
2025-11-15T00:14:25.144Z,-6.5132,132.4127,10.0,4.5,mb,"104 km SSW of Tual, Indonesia"
2025-11-14T23:56:25.933Z,24.8526,122.1787,10.0,4.7,mww,"44 km SE of Jiufen, Taiwan"
2025-11-14T19:09:04.006Z,-15.3422,-175.6983,5.177,5.7,mww,"214 km WNW of Hihifo, Tonga"
2025-11-14T18:45:55.661Z,50.4975,158.0582,24.453,4.8,mb,"138 km E of Severo-Kuril’sk, Russia"
2025-11-14T18:41:45.021Z,50.6,158.0909,35.252,4.8,mww,"139 km E of Severo-Kuril’sk, Russia"
2025-11-14T17:34:54.630Z,37.3113,142.1027,31.662,4.6,mb,"96 km E of Tomioka, Japan"
2025-11-14T15:59:04.179Z,52.6499,-34.8396,10.0,4.9,mb,Reykjanes Ridge
2025-11-14T12:10:22.951Z,-14.7934,167.8871,10.0,4.8,mb,"91 km ENE of Port-Olry, Vanuatu"
2025-11-14T11:33:42.700Z,50.386,158.3195,10.0,5.1,mww,"158 km ESE of Severo-Kuril’sk, Russia"
2025-11-14T11:01:08.715Z,34.5337,26.0526,45.634,4.8,mb,"60 km SSE of Ierápetra, Greece"
2025-11-14T09:38:24.237Z,51.1541,157.003,93.211,4.5,mb,"51 km SE of Ozernovskiy, Russia"
2025-11-14T07:49:01.247Z,16.44,-59.6951,10.0,4.5,mb,"148 km E of Beauséjour, Guadeloupe"
2025-11-14T04:37:37.768Z,-28.0386,-66.7387,157.596,4.5,mb,"52 km SE of Londres, Argentina"
2025-11-14T03:36:51.688Z,-18.8186,-174.6836,102.878,4.6,mb,"76 km WSW of Neiafu, Tonga"
2025-11-14T00:45:57.884Z,6.9817,-34.0141,10.0,5.0,mb,central Mid-Atlantic Ridge
2025-11-13T21:45:56.434Z,-29.9583,-177.1874,10.0,4.5,mb,"Kermadec Islands, New Zealand"
2025-11-13T20:07:18.278Z,4.6571,95.3103,63.633,4.5,mb,"97 km S of Banda Aceh, Indonesia"
2025-11-13T19:58:01.308Z,39.3076,143.5312,10.0,5.2,mww,"137 km E of Yamada, Japan"
2025-11-13T10:42:11.479Z,7.7288,127.1648,35.0,4.5,mb,"68 km E of Kinablangan, Philippines"
2025-11-13T09:57:14.959Z,16.7087,120.3902,71.961,4.6,mb,"3 km NNW of San Gabriel, Philippines"
2025-11-13T09:48:25.879Z,53.7897,159.3919,106.921,4.7,mb,"94 km NE of Yelizovo, Russia"
2025-11-13T09:41:29.102Z,-56.8484,-142.1304,10.0,5.7,mww,Pacific-Antarctic Ridge
2025-11-13T09:27:24.278Z,34.7095,32.5226,10.0,4.6,mb,"6 km SE of Koloni, Cyprus"
2025-11-13T09:04:41.899Z,-16.1216,-73.2617,101.436,4.8,mb,"14 km SW of Urasqui, Peru"
2025-11-13T08:33:18.756Z,8.3505,-82.7848,13.425,4.5,mb,"2 km ENE of Manaca Norte, Panama"
2025-11-13T08:10:49.873Z,-15.8408,178.5631,10.0,4.5,mb,"107 km NW of Labasa, Fiji"
2025-11-13T07:22:52.028Z,39.6007,143.2615,31.63,4.5,mb,"113 km E of Miyako, Japan"
2025-11-13T07:07:11.098Z,60.366,-58.5403,10.0,4.5,mb,Davis Strait
2025-11-13T06:21:20.626Z,60.186,-58.3006,10.0,4.8,mb,Davis Strait
2025-11-13T03:31:02.291Z,4.0476,127.8816,122.899,5.1,mb,"256 km N of Tobelo, Indonesia"
2025-11-13T03:24:30.736Z,25.1234,124.4404,97.933,4.7,mb,"56 km NNW of Tarama, Japan"
2025-11-13T03:16:15.468Z,39.2616,28.0459,13.41,4.6,mwr,"11 km W of Sındırgı, Turkey"
2025-11-13T01:58:17.368Z,-1.0583,-13.7121,10.0,4.7,mb,north of Ascension Island
2025-11-13T00:54:36.179Z,36.0823,141.7035,27.952,4.7,mww,"87 km ENE of Hasaki, Japan"
2025-11-12T22:25:22.483Z,13.238,50.0275,10.0,4.6,mb,"161 km NNW of Caluula, Somalia"
2025-11-12T19:08:54.492Z,39.4911,143.3098,10.0,4.6,mb,"117 km E of Yamada, Japan"
2025-11-12T14:26:11.542Z,35.0254,32.4592,10.0,4.6,mb,"3 km ESE of Pólis, Cyprus"
2025-11-12T14:23:31.181Z,34.9226,32.5546,10.0,5.3,mww,"5 km NE of Polémi, Cyprus"
2025-11-12T13:12:02.568Z,-19.3168,-69.1207,6.982,4.8,mb,"32 km E of Camiña, Chile"
2025-11-12T12:36:24.618Z,-56.6444,-24.0158,10.0,4.8,mb,South Sandwich Islands region
2025-11-12T12:02:22.878Z,20.9127,121.0522,26.785,5.1,mb,"108 km WNW of Basco, Philippines"
2025-11-12T10:46:41.552Z,-6.3469,148.469,65.598,4.8,mb,"72 km ENE of Finschhafen, Papua New Guinea"
2025-11-12T09:41:51.539Z,34.7251,32.5184,10.0,4.7,mb,"5 km ESE of Koloni, Cyprus"
2025-11-12T09:31:27.046Z,34.8976,32.5325,19.682,5.2,mww,"2 km ENE of Polémi, Cyprus"
2025-11-12T06:03:29.115Z,73.1876,6.4773,10.0,5.7,mww,Greenland Sea
2025-11-12T04:52:28.681Z,-41.0183,-91.0404,10.0,4.6,mb,southeast of Easter Island
2025-11-12T04:38:40.152Z,-41.1294,-91.2628,10.0,4.8,mb,southeast of Easter Island
2025-11-12T04:23:02.075Z,-55.2986,-27.0243,10.0,5.0,mb,South Sandwich Islands region
2025-11-12T03:57:39.331Z,39.7335,143.5611,10.0,4.9,mww,"139 km E of Miyako, Japan"
2025-11-12T03:23:34.193Z,-5.9241,145.6205,106.473,5.1,mb,"31 km NE of Goroka, Papua New Guinea"
2025-11-12T03:09:41.502Z,52.0447,160.1242,34.473,4.6,mb,"152 km SE of Petropavlovsk-Kamchatsky, Russia"
2025-11-12T00:29:22.782Z,39.8001,143.2245,35.0,5.3,mww,"111 km E of Miyako, Japan"
2025-11-11T21:23:31.019Z,-5.339,133.9041,10.0,5.1,mb,"131 km ENE of Tual, Indonesia"
2025-11-11T18:01:17.783Z,-41.2422,-85.6212,10.0,4.5,mb,West Chile Rise
2025-11-11T17:32:33.830Z,41.1545,71.5545,10.0,4.6,mb,"10 km S of Kosonsoy, Uzbekistan"
2025-11-11T15:34:53.295Z,11.937,140.5547,44.764,4.6,mb,"240 km N of Fais, Micronesia"
2025-11-11T15:12:53.379Z,-25.0461,179.8571,510.671,4.6,mb,south of the Fiji Islands
2025-11-11T14:37:41.043Z,7.3417,126.9152,40.139,4.5,mb,"38 km E of Santiago, Philippines"
2025-11-11T12:03:08.940Z,39.6,143.1874,36.537,4.5,mb,"107 km E of Miyako, Japan"
2025-11-11T10:55:33.678Z,-13.7132,167.0066,58.966,4.7,mb,"61 km WNW of Sola, Vanuatu"
2025-11-11T10:35:07.785Z,-19.3783,-69.1574,10.0,4.7,mb,"29 km ESE of Camiña, Chile"
2025-11-11T10:32:45.241Z,-19.3638,-69.1928,10.0,4.5,mb,"25 km ESE of Camiña, Chile"
2025-11-11T08:29:31.185Z,51.2149,157.4583,18.481,4.5,mb,"73 km ESE of Ozernovskiy, Russia"
2025-11-11T07:45:58.806Z,-16.3723,-71.208,134.686,4.8,mb,"20 km E of Chiguata, Peru"
2025-11-11T04:53:40.543Z,27.0516,-44.3397,10.0,4.5,mb,northern Mid-Atlantic Ridge
2025-11-11T04:30:50.801Z,12.0158,143.2005,30.97,4.9,mb,"211 km SW of Merizo Village, Guam"
2025-11-11T03:28:36.653Z,13.7371,-58.4556,10.0,4.9,mww,"128 km ENE of Crane, Barbados"
2025-11-11T01:58:19.906Z,35.4832,22.9847,42.0,4.9,mww,"60 km W of Kíssamos, Greece"
2025-11-11T01:53:54.891Z,14.6384,145.9817,127.319,4.5,mb,"53 km SE of San Jose Village, Northern Mariana Islands"
2025-11-10T22:44:14.464Z,29.0846,86.7036,10.0,4.5,mb,"126 km N of Lobuche, Nepal"
2025-11-10T20:44:14.079Z,39.34,143.6528,10.0,4.5,mb,"147 km E of Yamada, Japan"
2025-11-10T20:16:45.573Z,8.0905,91.8312,10.0,4.5,mb,"Nicobar Islands, India region"
2025-11-10T19:14:12.555Z,-6.3713,130.135,153.574,4.9,mb,Banda Sea
2025-11-10T18:51:49.926Z,51.2873,174.8322,10.0,4.5,mb,"206 km SSE of Attu Station, Alaska"
2025-11-10T18:51:32.575Z,-38.8867,175.1505,234.813,4.6,mb,"58 km WNW of Turangi, New Zealand"
2025-11-10T18:26:35.979Z,26.6277,130.1808,10.0,4.7,mww,"169 km SE of Isen, Japan"
2025-11-10T18:20:51.486Z,39.208,28.0825,10.0,4.8,mww,"9 km WSW of Sındırgı, Turkey"
2025-11-10T17:37:25.644Z,10.5647,-42.6107,10.0,4.9,mb,northern Mid-Atlantic Ridge
2025-11-10T14:18:20.844Z,73.2204,6.5925,10.0,4.5,mb,Greenland Sea
2025-11-10T10:49:30.720Z,-23.4587,-70.4225,52.408,5.4,mww,"21 km N of Antofagasta, Chile"
2025-11-10T09:58:59.310Z,39.5843,143.2329,13.724,5.1,mww,"111 km E of Yamada, Japan"
2025-11-10T09:18:57.888Z,-6.4619,147.5559,35.0,4.5,mb,"33 km WNW of Finschhafen, Papua New Guinea"
2025-11-10T09:10:21.093Z,-37.595,-69.999,212.402,4.9,mb,"34 km SE of Chos Malal, Argentina"
2025-11-10T08:37:21.659Z,39.6435,143.5176,10.0,4.6,mb,"135 km E of Miyako, Japan"
2025-11-10T08:24:46.816Z,39.5791,143.5643,10.0,4.6,mb,"139 km E of Yamada, Japan"
2025-11-10T08:24:05.075Z,39.4634,143.3549,10.0,4.5,mb,"120 km E of Yamada, Japan"
2025-11-10T07:42:50.445Z,39.5444,143.5849,31.799,4.7,mb,"140 km E of Yamada, Japan"
2025-11-10T07:23:17.302Z,39.5665,143.4526,11.0,6.0,mww,"129 km E of Yamada, Japan"
2025-11-10T07:22:15.032Z,39.5838,143.5899,10.0,5.1,mb,"141 km E of Yamada, Japan"
2025-11-10T06:41:41.024Z,39.1408,28.2547,10.0,4.5,mwr,"12 km SSE of Sındırgı, Turkey"
2025-11-10T06:18:40.044Z,39.2965,143.4035,17.733,4.8,mb,"126 km E of Yamada, Japan"
2025-11-10T05:00:48.113Z,23.1183,120.6686,10.0,5.1,mb,"21 km E of Yujing, Taiwan"
2025-11-10T04:38:12.977Z,8.9418,-40.5029,10.0,4.6,mb,central Mid-Atlantic Ridge
2025-11-10T03:00:18.485Z,39.2059,143.0813,10.0,5.4,mww,"101 km ESE of Yamada, Japan"
2025-11-10T02:49:11.699Z,39.2195,28.0363,10.0,4.7,mb,"12 km W of Sındırgı, Turkey"
2025-11-10T01:55:11.607Z,39.7352,143.4931,10.0,4.6,mb,"133 km E of Miyako, Japan"
2025-11-10T01:20:51.276Z,39.2464,143.5133,9.114,5.3,mww,"136 km E of Yamada, Japan"
2025-11-10T00:40:05.619Z,39.5267,143.2022,10.0,4.7,mb,"107 km E of Yamada, Japan"
2025-11-09T23:36:27.090Z,1.4151,127.641,173.99,4.5,mb,"53 km SW of Tobelo, Indonesia"
2025-11-09T22:53:38.316Z,13.7161,144.8924,106.009,5.3,mww,"19 km N of Yigo Village, Guam"
2025-11-09T22:41:28.956Z,39.6661,143.2604,10.0,4.9,mb,"113 km E of Miyako, Japan"
2025-11-09T22:04:14.977Z,39.3574,143.6209,15.387,5.1,mww,"144 km E of Yamada, Japan"
2025-11-09T16:42:27.426Z,39.3832,143.588,10.0,4.5,mb,"141 km E of Yamada, Japan"
2025-11-09T16:00:31.804Z,-24.2567,-66.9839,161.926,4.8,mb,"67 km W of San Antonio de los Cobres, Argentina"
2025-11-09T15:58:08.980Z,39.5763,143.4719,10.0,4.5,mb,"131 km E of Yamada, Japan"
2025-11-09T15:46:46.570Z,39.5017,143.3113,10.0,5.0,mb,"117 km E of Yamada, Japan"
2025-11-09T15:44:22.336Z,39.5608,143.2213,10.0,4.8,mb,"109 km E of Yamada, Japan"
2025-11-09T15:21:36.384Z,-55.4099,-128.4853,10.0,5.6,mww,Pacific-Antarctic Ridge
2025-11-09T14:41:17.962Z,39.8236,143.2817,40.083,4.8,mb,"116 km E of Miyako, Japan"
2025-11-09T13:50:16.487Z,39.4977,143.3376,10.0,4.5,mb,"119 km E of Yamada, Japan"
2025-11-09T13:42:12.680Z,-8.5607,-79.5675,41.559,4.8,mb,"73 km SW of Huanchaquito Alto, Peru"
2025-11-09T12:15:47.482Z,39.3193,143.2721,10.0,4.5,mb,"115 km E of Yamada, Japan"
2025-11-09T12:06:20.103Z,39.4343,143.4837,10.0,4.5,mb,"132 km E of Yamada, Japan"
2025-11-09T11:20:22.034Z,51.1478,159.3957,10.0,4.5,mb,"205 km ESE of Ozernovskiy, Russia"
2025-11-09T11:13:48.507Z,51.5504,159.5788,27.718,5.3,mb,"173 km SSE of Vilyuchinsk, Russia"
2025-11-09T11:11:24.828Z,39.3041,143.5875,10.0,5.2,mb,"142 km E of Yamada, Japan"
2025-11-09T10:25:03.364Z,39.5935,143.3965,10.0,4.6,mb,"125 km E of Miyako, Japan"
2025-11-09T09:52:43.025Z,39.3819,143.4882,10.0,5.1,mb,"132 km E of Yamada, Japan"
2025-11-09T09:36:51.686Z,52.1643,-171.3565,53.824,4.7,mb,"189 km WSW of Nikolski, Alaska"
2025-11-09T09:35:45.451Z,39.4081,143.4448,10.0,4.6,mb,"128 km E of Yamada, Japan"
2025-11-09T09:28:24.098Z,39.612,143.4497,10.0,5.7,mww,"129 km E of Miyako, Japan"
2025-11-09T09:24:02.711Z,39.395,143.1701,10.0,4.6,mb,"105 km E of Yamada, Japan"
2025-11-09T09:21:34.726Z,39.4297,143.4333,10.0,4.6,mb,"127 km E of Yamada, Japan"
2025-11-09T09:20:15.584Z,-2.7944,137.0708,47.324,4.6,mb,"185 km ENE of Nabire, Indonesia"
2025-11-09T09:16:57.896Z,39.3415,143.3524,10.0,5.0,mb,"121 km E of Yamada, Japan"
2025-11-09T09:15:23.721Z,39.6555,143.4472,10.0,4.5,mb,"129 km E of Miyako, Japan"
2025-11-09T09:10:47.434Z,39.4919,143.385,10.0,5.4,mww,"123 km E of Yamada, Japan"
2025-11-09T08:54:36.914Z,39.4971,143.3097,10.0,6.4,mww,"117 km E of Yamada, Japan"
2025-11-09T08:49:50.012Z,39.3052,143.4619,10.0,5.2,mb,"131 km E of Yamada, Japan"
2025-11-09T08:34:01.979Z,39.4599,143.3924,10.0,5.6,mww,"124 km E of Yamada, Japan"
2025-11-09T08:21:23.221Z,51.6758,159.1818,42.864,4.6,mb,"149 km SSE of Vilyuchinsk, Russia"
2025-11-09T08:20:53.804Z,51.3979,159.6205,35.0,4.7,mb,"189 km SSE of Vilyuchinsk, Russia"
2025-11-09T08:14:52.924Z,39.3485,143.4026,10.0,5.9,mww,"125 km E of Yamada, Japan"
2025-11-09T08:11:25.423Z,39.5772,143.2297,10.0,5.5,mb,"110 km E of Yamada, Japan"
2025-11-09T08:10:50.641Z,39.6231,143.2121,10.0,4.7,mb,"109 km E of Miyako, Japan"
2025-11-09T08:07:56.065Z,39.6279,143.3411,20.53,5.3,mb,"120 km E of Miyako, Japan"
2025-11-09T08:03:39.367Z,39.485,143.3782,18.0,6.8,mww,"122 km E of Yamada, Japan"
2025-11-09T07:06:13.520Z,16.9906,-94.3742,118.476,4.5,mb,"30 km SW of La Horqueta (Poblado Doce), Mexico"
2025-11-09T06:38:31.475Z,12.4989,93.7511,132.652,5.4,mww,"143 km NE of Port Blair, India"
2025-11-09T06:08:47.260Z,-8.9619,-108.8322,10.0,4.9,mb,central East Pacific Rise
2025-11-09T05:43:06.155Z,-16.5507,-14.2669,10.0,4.5,mb,southern Mid-Atlantic Ridge
2025-11-09T04:16:41.531Z,42.0344,142.3408,70.553,4.5,mb,"33 km S of Shizunai-furukawachō, Japan"
2025-11-09T02:32:36.983Z,39.3807,143.4427,10.0,4.7,mb,"128 km E of Yamada, Japan"
2025-11-09T01:49:06.279Z,13.0116,-88.6876,71.643,4.9,mb,"33 km SSW of Puerto El Triunfo, El Salvador"
2025-11-09T01:04:21.990Z,16.4847,-59.6373,10.0,4.6,mb,"154 km E of Beauséjour, Guadeloupe"
2025-11-09T00:17:33.893Z,51.6277,159.1623,47.227,4.6,mb,"153 km SSE of Vilyuchinsk, Russia"
2025-11-09T00:17:30.660Z,39.448,143.3326,13.902,5.1,mww,"119 km E of Yamada, Japan"
2025-11-08T22:34:34.097Z,39.2627,143.8722,35.0,4.9,mb,"167 km E of Yamada, Japan"
2025-11-08T22:33:49.134Z,39.4961,143.3033,28.922,5.1,mww,"116 km E of Yamada, Japan"
2025-11-08T22:26:59.094Z,39.3911,143.473,10.0,4.8,mww,"131 km E of Yamada, Japan"
2025-11-08T22:20:27.004Z,39.4008,143.2437,28.747,4.7,mb,"111 km E of Yamada, Japan"
2025-11-08T22:15:08.771Z,39.5022,143.416,16.186,5.6,mww,"126 km E of Yamada, Japan"
2025-11-08T22:13:49.774Z,-12.5795,167.6399,10.0,4.8,mb,"143 km N of Sola, Vanuatu"
2025-11-08T22:02:16.834Z,-17.4718,-172.2452,10.0,5.0,mb,"225 km NE of Neiafu, Tonga"
2025-11-08T21:04:17.334Z,39.4294,143.3379,12.152,5.4,mww,"119 km E of Yamada, Japan"
2025-11-08T20:29:18.808Z,39.5743,143.2912,30.032,5.2,mww,"115 km E of Yamada, Japan"
2025-11-08T17:54:47.300Z,-59.1008,-25.6874,116.763,4.6,mb,South Sandwich Islands region
2025-11-08T17:51:29.101Z,-58.9539,-25.7335,96.92,4.9,mb,South Sandwich Islands region
2025-11-08T16:34:13.813Z,-12.8599,167.3238,10.0,4.7,mb,"115 km NNW of Sola, Vanuatu"
2025-11-08T16:17:46.001Z,-12.6917,167.4408,10.0,4.7,mb,"131 km N of Sola, Vanuatu"
2025-11-08T16:16:10.080Z,-59.1356,-25.8003,121.82,4.6,mb,South Sandwich Islands region
2025-11-08T16:05:50.900Z,-12.9889,166.9255,10.0,4.6,mb,"119 km NW of Sola, Vanuatu"
2025-11-08T13:47:20.359Z,27.9568,104.8863,10.0,4.5,mb,"35 km ESE of Xunsi, China"
2025-11-08T10:54:21.047Z,39.4283,143.3003,43.866,4.5,mb,"116 km E of Yamada, Japan"
2025-11-08T09:41:26.004Z,51.5579,159.6469,24.32,4.6,mb,"174 km SSE of Vilyuchinsk, Russia"
2025-11-08T08:13:21.795Z,39.4388,143.2757,43.286,4.5,mb,"114 km E of Yamada, Japan"
2025-11-08T07:56:22.615Z,45.0276,149.2607,88.021,4.5,mb,"111 km ESE of Kuril’sk, Russia"
2025-11-08T05:49:07.760Z,54.7937,164.1397,10.0,4.5,mb,"191 km SSE of Ust’-Kamchatsk Staryy, Russia"
2025-11-08T05:22:13.645Z,53.3909,159.9742,61.343,4.5,mb,"97 km ENE of Petropavlovsk-Kamchatsky, Russia"
2025-11-08T05:21:18.539Z,53.1411,160.224,62.626,4.6,mb,"107 km E of Petropavlovsk-Kamchatsky, Russia"
2025-11-08T04:31:33.612Z,7.6856,-82.2567,10.0,4.6,mb,"59 km S of Boca Chica, Panama"
2025-11-08T04:15:03.680Z,-18.5156,-177.797,496.098,5.6,mww,Fiji region
2025-11-08T02:36:48.464Z,39.4811,143.4805,10.0,4.9,mb,"131 km E of Yamada, Japan"
2025-11-08T02:36:13.030Z,39.4846,143.2361,40.066,4.9,mb,"110 km E of Yamada, Japan"
2025-11-08T01:13:29.304Z,39.4657,143.38,10.0,4.9,mb,"123 km E of Yamada, Japan"
2025-11-08T01:11:30.896Z,2.188,124.5973,238.48,4.5,mb,"82 km NNW of Manado, Indonesia"
2025-11-08T01:03:15.118Z,-30.1108,-177.9014,32.307,4.7,mb,"Kermadec Islands, New Zealand"
2025-11-07T23:21:00.299Z,-17.5274,-16.221,10.0,5.0,mb,southern Mid-Atlantic Ridge
2025-11-07T22:26:27.862Z,16.3742,-59.7104,10.0,4.9,mb,"145 km E of Beauséjour, Guadeloupe"
2025-11-07T17:46:44.347Z,-23.3698,-179.9872,548.69,4.5,mb,south of the Fiji Islands
2025-11-07T17:31:57.860Z,-17.9963,-178.3069,529.956,4.5,mb,"251 km E of Levuka, Fiji"
2025-11-07T14:52:00.711Z,29.2651,143.456,10.0,4.6,mb,"Izu Islands, Japan region"
2025-11-07T14:50:39.617Z,-21.2697,171.4801,10.0,4.9,mb,"298 km SE of Isangel, Vanuatu"
2025-11-07T14:42:22.682Z,-18.9716,167.4547,10.0,4.7,mb,"164 km SSW of Port-Vila, Vanuatu"
2025-11-07T14:35:02.184Z,-6.0555,151.7754,10.0,4.7,mb,"189 km ESE of Kimbe, Papua New Guinea"
2025-11-07T14:02:39.733Z,-1.046,-13.0171,10.0,4.9,mb,north of Ascension Island
2025-11-07T12:59:22.537Z,27.9008,-111.921,10.0,4.7,mww,"70 km NNE of Santa Rosalía, Mexico"
2025-11-07T12:58:21.852Z,53.2136,161.3712,10.0,4.5,mb,"184 km E of Petropavlovsk-Kamchatsky, Russia"
2025-11-07T12:16:06.963Z,27.8871,-111.887,10.0,4.9,mb,"71 km NNE of Santa Rosalía, Mexico"
2025-11-07T12:04:30.070Z,27.9293,-111.8864,10.0,5.6,mww,"75 km NNE of Santa Rosalía, Mexico"
2025-11-07T11:42:28.469Z,40.3302,142.4798,58.501,4.5,mb,"61 km ENE of Noda, Japan"
2025-11-07T11:00:11.253Z,11.2212,124.4023,10.0,4.6,mb,"1 km NE of Villaba, Philippines"
2025-11-07T10:25:23.814Z,17.6794,122.9543,10.0,4.5,mb,"87 km NE of Dicabisagan, Philippines"
2025-11-07T10:01:25.699Z,52.4388,160.9549,10.0,4.5,mb,"171 km ESE of Petropavlovsk-Kamchatsky, Russia"
2025-11-07T09:40:02.448Z,-21.1079,-174.2828,22.138,4.7,mb,"74 km ENE of ‘Ohonua, Tonga"
2025-11-07T08:05:33.696Z,52.0683,160.5011,20.156,5.1,mww,"168 km SE of Petropavlovsk-Kamchatsky, Russia"
2025-11-07T05:23:55.407Z,15.9993,119.9288,55.586,4.5,mb,"5 km ENE of Dasol, Philippines"
2025-11-07T01:35:18.109Z,52.2214,158.6541,73.695,4.8,mb,"80 km SSE of Vilyuchinsk, Russia"
2025-11-07T00:20:05.582Z,30.6526,141.6528,11.469,4.9,mb,"Izu Islands, Japan region"
2025-11-06T23:11:15.301Z,-1.2716,-77.6039,186.918,4.5,mb,"38 km SE of Tena, Ecuador"
2025-11-06T19:25:54.956Z,31.8975,131.843,42.271,4.5,mb,"40 km E of Miyazaki, Japan"
2025-11-06T16:36:09.974Z,27.9155,-111.9365,10.0,4.8,mww,"71 km NNE of Santa Rosalía, Mexico"
2025-11-06T16:23:24.758Z,32.0697,131.9259,47.528,4.9,mb,"39 km ESE of Tsunō, Japan"
2025-11-06T14:29:51.189Z,41.9114,144.5307,33.632,4.8,mb,"110 km ESE of Hiroo, Japan"
2025-11-06T13:25:55.260Z,27.9976,-111.9574,10.0,4.7,mb,"78 km NNE of Santa Rosalía, Mexico"
2025-11-06T12:16:52.725Z,2.4651,126.7563,48.141,4.5,mb,"161 km WNW of Tobelo, Indonesia"
2025-11-06T12:14:49.951Z,14.0308,-91.8454,41.85,4.7,mb,"29 km SSE of Champerico, Guatemala"
2025-11-06T12:13:11.985Z,17.3336,-94.2491,170.032,4.7,mb,"9 km NNE of Helio García Alfaro, Mexico"
2025-11-06T10:54:00.536Z,51.3747,142.6435,10.0,4.9,mb,"44 km NE of Mgachi, Russia"
2025-11-06T08:55:56.825Z,3.304,-83.0598,10.0,4.6,mb,off the coast of Central America
2025-11-06T08:48:23.189Z,3.3758,-82.9263,10.0,4.8,mb,south of Panama
2025-11-06T08:09:54.383Z,-41.2904,174.59,43.327,4.5,mwr,"12 km W of Karori, New Zealand"
2025-11-06T07:57:07.544Z,7.3684,126.6791,70.245,4.9,mb,"13 km ENE of Caraga, Philippines"
2025-11-06T05:21:05.693Z,13.09,-88.6169,78.191,4.6,mb,"22 km SSW of Puerto El Triunfo, El Salvador"
2025-11-06T01:02:16.976Z,38.2452,75.6079,112.706,4.7,mb,"103 km WNW of Damusi, China"
2025-11-05T22:03:47.470Z,-57.9633,-25.2205,23.0,5.6,mww,South Sandwich Islands region
2025-11-05T22:02:23.078Z,51.6854,160.0497,34.907,4.6,mb,"178 km SE of Vilyuchinsk, Russia"
2025-11-05T20:38:10.554Z,-37.1699,-16.9678,10.0,4.5,mb,southern Mid-Atlantic Ridge
2025-11-05T20:22:55.558Z,10.2097,125.9317,10.0,4.5,mb,"24 km NNW of Santa Monica, Philippines"
2025-11-05T17:48:37.098Z,-11.5254,166.2545,72.631,4.7,mb,"101 km SSE of Lata, Solomon Islands"
2025-11-05T17:27:57.697Z,-16.6739,-172.9189,10.0,4.6,mb,"122 km SE of Hihifo, Tonga"
2025-11-05T16:38:45.120Z,5.0021,125.1803,10.0,4.7,mb,"54 km SW of Sarangani, Philippines"
2025-11-05T15:18:33.029Z,52.3063,160.2059,56.385,4.5,mb,"136 km SE of Petropavlovsk-Kamchatsky, Russia"
2025-11-05T14:02:00.727Z,52.1002,160.4401,21.997,4.5,mb,"163 km SE of Petropavlovsk-Kamchatsky, Russia"
2025-11-05T12:56:13.952Z,-6.2884,130.3473,113.112,4.6,mb,"276 km WSW of Tual, Indonesia"
2025-11-05T10:37:10.021Z,3.224,117.7059,10.0,4.8,mww,"16 km SE of Tarakan, Indonesia"
2025-11-05T09:05:03.204Z,-0.1931,125.2772,49.367,4.7,mb,"117 km SE of Modisi, Indonesia"
2025-11-05T08:54:52.678Z,27.6063,143.1595,10.0,4.8,mb,"Bonin Islands, Japan region"
2025-11-05T03:03:45.632Z,13.5684,144.8388,111.825,4.8,mb,"5 km N of Dededo Village, Guam"
2025-11-05T02:02:40.139Z,-54.6475,158.6203,10.0,4.6,mb,Macquarie Island region
2025-11-05T01:48:31.492Z,-35.3807,-105.7786,10.0,5.0,mb,southern East Pacific Rise
2025-11-05T00:33:04.808Z,-35.243,-105.9731,10.0,5.1,mb,southern East Pacific Rise
2025-11-04T23:49:27.228Z,49.7248,155.8574,71.01,5.7,mww,"107 km S of Severo-Kuril’sk, Russia"
2025-11-04T23:37:27.255Z,52.3084,160.3714,31.272,4.9,mb,"144 km SE of Petropavlovsk-Kamchatsky, Russia"
2025-11-04T23:32:22.984Z,-0.1246,123.0647,114.629,5.9,mww,"73 km S of Gorontalo, Indonesia"
2025-11-04T23:28:59.236Z,52.1115,160.1897,28.0,6.0,mww,"149 km SE of Petropavlovsk-Kamchatsky, Russia"
2025-11-04T22:51:42.763Z,51.487,159.3122,35.0,4.5,mb,"172 km SSE of Vilyuchinsk, Russia"
2025-11-04T22:20:17.733Z,49.3741,155.5437,59.187,4.5,mb,"150 km SSW of Severo-Kuril’sk, Russia"
2025-11-04T22:17:29.328Z,34.7242,140.9772,35.0,4.7,mww,"76 km SE of Shinmachi, Japan"
2025-11-04T21:29:35.935Z,-2.1326,139.0342,35.0,5.0,mb,"185 km WNW of Abepura, Indonesia"
2025-11-04T21:05:58.311Z,39.3799,143.5504,10.0,4.5,mb,"138 km E of Yamada, Japan"
2025-11-04T20:15:54.371Z,49.8014,155.6968,70.762,4.5,mb,"101 km SSW of Severo-Kuril’sk, Russia"
2025-11-04T19:31:08.758Z,67.653,142.772,10.0,4.9,mww,"173 km SW of Belaya Gora, Russia"
2025-11-04T15:58:26.848Z,1.8189,126.9332,65.997,5.2,mww,"120 km W of Tobelo, Indonesia"
2025-11-04T15:16:53.329Z,52.2451,160.4508,27.795,4.5,mb,"153 km SE of Petropavlovsk-Kamchatsky, Russia"
2025-11-04T13:31:28.169Z,-49.154,127.3387,10.0,4.6,mb,western Indian-Antarctic Ridge
2025-11-04T12:35:51.078Z,49.7972,156.1874,46.985,4.6,mb,"97 km S of Severo-Kuril’sk, Russia"
2025-11-04T11:40:25.787Z,-2.1389,139.5936,40.498,4.7,mb,"126 km WNW of Abepura, Indonesia"
2025-11-04T09:23:04.050Z,52.3103,160.586,10.0,4.8,mb,"156 km ESE of Petropavlovsk-Kamchatsky, Russia"
2025-11-04T07:37:22.906Z,12.3924,143.1427,65.0,6.0,mww,"191 km WSW of Merizo Village, Guam"
2025-11-04T06:28:23.703Z,52.215,160.4139,10.0,5.4,mww,"153 km SE of Petropavlovsk-Kamchatsky, Russia"
2025-11-04T06:24:49.056Z,51.6928,160.4683,10.0,4.7,mb,"196 km SE of Vilyuchinsk, Russia"
2025-11-04T05:33:34.136Z,51.7951,160.6424,10.0,4.6,mb,"196 km SE of Petropavlovsk-Kamchatsky, Russia"
2025-11-04T05:29:34.232Z,52.2876,160.4641,10.0,5.0,mb,"151 km SE of Petropavlovsk-Kamchatsky, Russia"
2025-11-04T05:20:20.161Z,51.2481,159.4835,10.0,4.6,mb,"201 km SSE of Vilyuchinsk, Russia"
2025-11-04T05:16:40.075Z,51.858,160.4303,10.0,4.6,mb,"181 km SE of Petropavlovsk-Kamchatsky, Russia"
2025-11-04T05:14:41.868Z,51.5601,160.2217,10.0,5.0,mb,"196 km SE of Vilyuchinsk, Russia"
2025-11-04T05:13:04.931Z,-5.8087,148.8839,123.391,5.0,mb,"85 km WNW of Kandrian, Papua New Guinea"
2025-11-04T05:10:37.143Z,52.0731,160.433,10.0,4.5,mb,"164 km SE of Petropavlovsk-Kamchatsky, Russia"
2025-11-04T04:49:24.665Z,52.4248,160.4688,35.0,4.9,mb,"143 km ESE of Petropavlovsk-Kamchatsky, Russia"
2025-11-04T04:47:07.619Z,52.7891,159.0738,104.367,5.1,mb,"42 km SE of Petropavlovsk-Kamchatsky, Russia"
2025-11-04T04:45:28.458Z,52.3774,160.2958,10.0,5.5,mww,"136 km SE of Petropavlovsk-Kamchatsky, Russia"
2025-11-04T04:22:54.531Z,52.23,159.9968,55.281,4.6,mb,"131 km SE of Petropavlovsk-Kamchatsky, Russia"
2025-11-04T04:13:41.641Z,52.3085,159.9557,61.245,4.8,mb,"123 km SE of Petropavlovsk-Kamchatsky, Russia"
2025-11-04T04:11:49.370Z,52.2723,160.2989,23.026,4.8,mb,"143 km SE of Petropavlovsk-Kamchatsky, Russia"
2025-11-04T03:58:16.679Z,52.2472,160.2458,35.0,5.3,mb,"142 km SE of Petropavlovsk-Kamchatsky, Russia"
2025-11-04T03:49:47.928Z,52.1484,160.2623,35.0,4.7,mb,"150 km SE of Petropavlovsk-Kamchatsky, Russia"
2025-11-04T03:45:09.865Z,52.1744,160.4064,20.0,5.9,mww,"155 km SE of Petropavlovsk-Kamchatsky, Russia"
2025-11-04T03:36:51.818Z,52.0881,161.0854,10.0,4.7,mb,"198 km SE of Petropavlovsk-Kamchatsky, Russia"
2025-11-04T03:36:05.768Z,52.3281,160.2938,17.499,5.1,mb,"139 km SE of Petropavlovsk-Kamchatsky, Russia"
2025-11-04T03:20:53.547Z,-55.7465,-26.7427,18.704,5.1,mb,South Sandwich Islands region
2025-11-04T00:17:13.027Z,52.3536,159.8729,35.0,4.8,mb,"115 km SE of Petropavlovsk-Kamchatsky, Russia"
2025-11-03T22:30:52.697Z,51.9804,160.4872,35.0,4.7,mb,"174 km SE of Petropavlovsk-Kamchatsky, Russia"
2025-11-03T22:16:57.594Z,51.5301,160.3694,10.0,4.9,mb,"205 km SE of Vilyuchinsk, Russia"
2025-11-03T22:15:53.414Z,-52.5538,28.2409,10.0,4.5,mb,south of Africa
2025-11-03T21:57:34.982Z,-2.1736,139.1162,35.0,4.8,mb,"174 km WNW of Abepura, Indonesia"
2025-11-03T20:57:22.312Z,28.5267,87.3673,10.0,4.7,mb,"84 km NE of Lobuche, Nepal"
2025-11-03T19:38:53.920Z,51.7565,158.237,68.205,5.3,mww,"123 km ENE of Ozernovskiy, Russia"
2025-11-03T19:20:45.107Z,-23.5215,-179.9453,537.775,4.6,mb,south of the Fiji Islands
2025-11-03T19:16:04.637Z,39.353,143.6134,10.0,5.2,mww,"143 km E of Yamada, Japan"
2025-11-03T19:07:54.789Z,49.9757,155.9408,69.915,4.8,mb,"78 km S of Severo-Kuril’sk, Russia"
2025-11-03T18:39:47.042Z,-16.5223,-177.2358,421.006,4.6,mb,"262 km SSE of Alo, Wallis and Futuna"
2025-11-03T16:58:09.018Z,-8.1453,118.2472,14.491,4.5,mb,"49 km NNW of Dompu, Indonesia"
2025-11-03T16:54:23.256Z,52.0906,160.7429,35.0,5.1,mb,"179 km SE of Petropavlovsk-Kamchatsky, Russia"
2025-11-03T15:51:54.851Z,-27.4251,-71.4617,24.772,5.5,mww,"111 km W of Copiapó, Chile"
2025-11-03T14:57:18.508Z,51.9101,159.9668,35.0,4.5,mb,"155 km SE of Vilyuchinsk, Russia"
2025-11-03T12:35:37.219Z,39.1744,28.4156,10.0,5.0,mww,"21 km ESE of Sındırgı, Turkey"
2025-11-03T12:19:28.235Z,52.0519,160.2866,10.0,4.5,mb,"159 km SE of Petropavlovsk-Kamchatsky, Russia"
2025-11-03T12:06:53.584Z,52.2525,160.6754,10.0,4.7,mb,"165 km SE of Petropavlovsk-Kamchatsky, Russia"
2025-11-03T11:56:08.033Z,52.3333,160.5665,31.584,4.8,mb,"154 km ESE of Petropavlovsk-Kamchatsky, Russia"
2025-11-03T11:47:23.042Z,52.4467,160.5389,10.0,4.8,mb,"146 km ESE of Petropavlovsk-Kamchatsky, Russia"
2025-11-03T11:46:44.865Z,52.1812,160.5773,10.0,4.6,mb,"164 km SE of Petropavlovsk-Kamchatsky, Russia"
2025-11-03T11:37:48.795Z,52.2507,160.6214,10.0,5.1,mb,"162 km SE of Petropavlovsk-Kamchatsky, Russia"
2025-11-03T11:33:59.935Z,52.365,160.3621,10.0,5.0,mb,"140 km SE of Petropavlovsk-Kamchatsky, Russia"
2025-11-03T11:21:32.218Z,52.0807,160.3525,10.0,4.8,mb,"160 km SE of Petropavlovsk-Kamchatsky, Russia"
2025-11-03T10:17:57.580Z,39.9544,143.5608,10.0,4.9,mb,"142 km ENE of Miyako, Japan"
2025-11-03T10:11:48.036Z,-34.9999,179.4743,132.368,4.7,mb,south of the Kermadec Islands
2025-11-03T10:01:53.533Z,52.12,160.419,35.0,4.8,mb,"160 km SE of Petropavlovsk-Kamchatsky, Russia"
2025-11-03T08:59:54.116Z,52.3111,159.6624,35.0,4.5,mb,"109 km SE of Petropavlovsk-Kamchatsky, Russia"
2025-11-03T08:59:45.203Z,52.3209,160.1882,32.502,4.6,mb,"134 km SE of Petropavlovsk-Kamchatsky, Russia"
2025-11-03T08:48:28.389Z,51.5178,160.2287,10.0,4.9,mb,"200 km SE of Vilyuchinsk, Russia"
2025-11-03T08:44:43.281Z,52.2143,160.2108,29.0,6.1,mww,"142 km SE of Petropavlovsk-Kamchatsky, Russia"
2025-11-03T08:07:33.440Z,52.3318,160.5016,35.0,4.6,mb,"150 km ESE of Petropavlovsk-Kamchatsky, Russia"
2025-11-03T07:59:13.607Z,52.0285,160.4338,11.523,4.8,mb,"168 km SE of Petropavlovsk-Kamchatsky, Russia"
2025-11-03T07:47:30.977Z,52.1422,160.324,35.0,4.6,mb,"154 km SE of Petropavlovsk-Kamchatsky, Russia"
2025-11-03T07:22:46.382Z,52.1467,160.2915,24.199,4.6,mb,"152 km SE of Petropavlovsk-Kamchatsky, Russia"
2025-11-03T07:19:48.367Z,52.1862,160.3937,35.0,4.8,mb,"154 km SE of Petropavlovsk-Kamchatsky, Russia"
2025-11-03T07:14:21.459Z,52.4822,160.2399,49.312,4.7,mb,"126 km ESE of Petropavlovsk-Kamchatsky, Russia"
2025-11-03T07:11:14.515Z,52.1303,160.2121,35.0,5.7,mb,"149 km SE of Petropavlovsk-Kamchatsky, Russia"
2025-11-03T07:10:24.638Z,52.2583,160.0415,22.0,5.9,mww,"131 km SE of Petropavlovsk-Kamchatsky, Russia"
2025-11-03T06:21:38.990Z,5.0679,125.1958,10.0,4.8,mb,"47 km SW of Sarangani, Philippines"
2025-11-03T06:20:57.627Z,4.7746,125.0585,10.0,4.6,mb,"82 km SSW of Sarangani, Philippines"
2025-11-03T05:30:17.671Z,43.5668,-28.4232,10.0,4.6,mb,northern Mid-Atlantic Ridge
2025-11-03T04:51:43.626Z,39.991,143.6448,10.0,4.5,mb,"150 km ENE of Miyako, Japan"
2025-11-03T04:22:50.570Z,5.11,125.2351,10.0,5.1,mb,"41 km SW of Sarangani, Philippines"
2025-11-03T04:21:25.957Z,4.8116,125.3874,26.7,5.3,mww,"65 km S of Sarangani, Philippines"
2025-11-03T04:14:12.537Z,4.9609,125.3608,25.018,4.8,mb,"50 km SSW of Sarangani, Philippines"
2025-11-03T03:55:06.851Z,49.8704,155.7956,77.137,5.2,mb,"92 km SSW of Severo-Kuril’sk, Russia"
2025-11-03T02:40:10.180Z,52.4359,159.9524,74.601,4.6,mb,"113 km SE of Petropavlovsk-Kamchatsky, Russia"
2025-11-03T01:57:08.627Z,12.3507,141.8589,10.0,4.7,mb,Mariana Islands region
2025-11-03T01:49:18.207Z,52.4306,159.9097,72.843,4.9,mb,"111 km SE of Petropavlovsk-Kamchatsky, Russia"
2025-11-03T01:33:01.974Z,25.0088,95.3102,117.957,4.6,mb,"109 km SE of Phek, India"
2025-11-02T23:19:30.235Z,17.7821,-94.1975,188.331,5.0,mb,"17 km SW of Las Choapas, Mexico"
2025-11-02T22:59:36.851Z,-8.073,128.7784,35.0,4.5,mb,"202 km ENE of Lospalos, Timor Leste"
2025-11-02T22:10:14.010Z,-19.75,169.6761,241.798,5.0,mb,"47 km ESE of Isangel, Vanuatu"
2025-11-02T20:29:02.008Z,36.5461,67.3886,28.0,6.2,mww,"30 km SE of Mazār-e Sharīf, Afghanistan"
2025-11-02T20:24:51.155Z,-59.4712,-61.572,10.0,4.6,mb,Drake Passage
2025-11-02T20:19:54.336Z,51.2138,178.3018,42.317,4.5,mb,"Rat Islands, Aleutian Islands, Alaska"
2025-11-02T19:06:53.955Z,9.6799,122.7895,114.908,5.5,mww,"13 km WSW of Mabinay, Philippines"
2025-11-02T18:51:46.345Z,-36.947,-74.1043,11.984,4.6,mwr,"77 km WNW of Arauco, Chile"
2025-11-02T18:43:50.140Z,-19.9271,-71.0536,12.402,4.5,mwr,"99 km WNW of Puerto, Chile"
2025-11-02T18:40:20.790Z,-40.9692,-91.9921,10.0,5.3,mww,West Chile Rise
2025-11-02T13:16:34.616Z,-19.0071,-69.9601,80.994,4.6,mb,"28 km NE of Cuya, Chile"
2025-11-02T12:47:41.043Z,-16.5539,-70.9301,116.429,4.9,mb,"13 km SW of Matalaque, Peru"
2025-11-02T12:41:10.199Z,39.1954,28.2157,10.0,4.8,mb,"6 km SSE of Sındırgı, Turkey"
2025-11-02T11:18:48.491Z,1.6371,123.0396,10.0,4.6,mb,"121 km N of Gorontalo, Indonesia"
2025-11-02T11:15:47.990Z,-2.1884,139.0169,35.0,4.8,mww,"185 km WNW of Abepura, Indonesia"
2025-11-02T10:03:59.142Z,40.0254,143.5212,10.0,4.6,mb,"141 km ENE of Miyako, Japan"
2025-11-02T09:57:54.853Z,40.0203,143.5318,10.0,4.9,mb,"142 km ENE of Miyako, Japan"
2025-11-02T08:40:43.665Z,-23.9222,-176.2425,66.826,4.9,mb,south of the Fiji Islands
2025-11-02T04:30:44.306Z,-6.1939,131.5375,27.083,4.6,mb,"148 km WSW of Tual, Indonesia"
2025-11-02T03:09:18.444Z,-7.5821,127.6454,148.845,5.2,mww,"126 km NE of Lospalos, Timor Leste"
2025-11-02T00:16:31.006Z,-60.0526,-61.9887,10.0,5.0,mb,Drake Passage
2025-11-01T21:00:09.007Z,3.9256,95.869,55.638,4.9,mb,"37 km SW of Meulaboh, Indonesia"
2025-11-01T19:03:56.053Z,37.3274,70.006,10.0,5.0,mb,"27 km NE of Rustāq, Afghanistan"
2025-11-01T17:42:40.941Z,16.8258,-93.795,165.948,4.5,mb,"4 km WNW of Francisco I. Madero, Mexico"
2025-11-01T16:07:12.887Z,53.4343,159.9781,75.887,4.5,mb,"99 km ENE of Petropavlovsk-Kamchatsky, Russia"
2025-11-01T16:03:26.361Z,-9.8142,118.9271,24.538,4.5,mb,"54 km SW of Tambolaka, Indonesia"
2025-11-01T14:44:08.480Z,39.1259,142.1222,69.898,4.5,mb,"27 km SE of Kamaishi, Japan"
2025-11-01T11:25:03.211Z,34.2735,45.488,10.0,4.6,mb,"40 km WSW of Sarpol-e Z̄ahāb, Iran"
2025-11-01T09:50:00.121Z,-3.8638,151.4279,10.0,5.0,mww,"89 km WNW of Rabaul, Papua New Guinea"
2025-11-01T07:30:40.748Z,-14.9639,-177.4117,361.049,4.5,mb,"104 km SE of Alo, Wallis and Futuna"
2025-11-01T06:57:26.009Z,20.1284,122.17,153.872,4.9,mb,"41 km SSE of Basco, Philippines"
2025-11-01T04:32:39.870Z,-2.1435,139.3604,52.887,4.8,mb,"150 km WNW of Abepura, Indonesia"
2025-11-01T01:51:23.344Z,-55.5579,-26.6984,10.0,5.2,mb,South Sandwich Islands region
2025-11-01T01:16:57.309Z,-55.6133,-26.8773,10.0,5.0,mb,South Sandwich Islands region
2025-10-31T23:20:55.955Z,-4.4101,134.0062,10.0,4.7,mb,"193 km NE of Tual, Indonesia"
2025-10-31T21:39:35.121Z,6.1045,126.9706,83.176,4.5,mb,"92 km ESE of Pondaguitan, Philippines"
2025-10-31T21:27:48.004Z,7.0627,127.1014,10.0,5.1,mb,"63 km ESE of Santiago, Philippines"
2025-10-31T21:21:08.242Z,6.1102,127.2399,35.0,5.0,mb,"120 km ESE of Pondaguitan, Philippines"
2025-10-31T20:53:24.349Z,-45.2902,96.8417,8.0,5.9,mww,southeast Indian Ridge
2025-10-31T20:44:31.676Z,6.2701,127.3451,10.0,4.9,mb,"129 km E of Pondaguitan, Philippines"
2025-10-31T20:28:27.783Z,6.2295,127.0704,35.0,4.6,mb,"99 km E of Pondaguitan, Philippines"
2025-10-31T19:30:18.479Z,-59.5973,-26.3589,109.83,5.2,mb,South Sandwich Islands region
2025-10-31T17:56:41.556Z,-23.433,179.9604,529.356,5.4,mww,south of the Fiji Islands
2025-10-31T17:02:15.439Z,-6.26,133.2311,10.0,4.7,mww,"87 km SE of Tual, Indonesia"
2025-10-31T16:35:17.921Z,53.1014,159.7165,74.396,4.7,mb,"73 km E of Petropavlovsk-Kamchatsky, Russia"
2025-10-31T13:04:26.434Z,7.1025,-82.283,10.0,4.8,mb,"121 km SSE of Burica, Panama"
2025-10-31T11:46:43.351Z,52.5461,160.8637,10.0,4.5,mb,"161 km ESE of Petropavlovsk-Kamchatsky, Russia"
2025-10-31T10:55:20.861Z,-3.5888,125.9205,10.0,4.5,mb,"169 km S of Sanana, Indonesia"
2025-10-31T08:57:41.244Z,51.5432,159.5876,30.162,4.9,mb,"174 km SSE of Vilyuchinsk, Russia"
2025-10-31T08:57:21.460Z,12.214,125.5886,10.0,4.7,mb,"9 km ENE of San Policarpo, Philippines"
2025-10-31T06:49:59.429Z,18.9243,145.5233,174.649,4.5,mb,"Pagan region, Northern Mariana Islands"
2025-10-31T06:20:21.289Z,-18.9241,169.2973,237.812,4.6,mb,"68 km N of Isangel, Vanuatu"
2025-10-31T04:49:19.126Z,-59.7034,-26.0818,35.0,4.6,mb,South Sandwich Islands region
2025-10-31T03:12:46.692Z,10.9868,141.8298,10.0,4.5,mb,"196 km NE of Fais, Micronesia"
2025-10-31T00:25:03.182Z,23.2606,123.0482,10.0,4.6,mb,"133 km S of Yonakuni, Japan"
2025-10-30T17:33:14.566Z,59.6308,-150.2328,23.6,5.4,ml,"48 km ESE of Fox River, Alaska"
2025-10-30T16:21:29.814Z,16.5002,-59.5129,10.0,4.6,mb,"168 km E of Beauséjour, Guadeloupe"
2025-10-30T13:10:16.020Z,-55.6902,-26.2571,10.0,4.5,mb,South Sandwich Islands region
2025-10-30T10:22:50.927Z,51.4883,159.7399,25.11,4.9,mb,"184 km SSE of Vilyuchinsk, Russia"
2025-10-30T09:46:25.851Z,-55.6926,-26.2859,10.0,4.7,mb,South Sandwich Islands region
2025-10-30T08:52:04.371Z,-27.447,-178.3345,288.531,5.5,mww,Kermadec Islands region
2025-10-30T08:35:50.767Z,-2.1534,139.0528,35.0,4.9,mb,"182 km WNW of Abepura, Indonesia"
2025-10-30T08:04:01.721Z,-2.842,139.3141,38.481,5.0,mb,"149 km W of Abepura, Indonesia"
2025-10-30T08:00:55.041Z,37.2862,141.1785,25.551,4.6,mb,"15 km ESE of Tomioka, Japan"
2025-10-30T06:39:41.610Z,-55.7247,-26.3445,10.0,5.0,mb,South Sandwich Islands region
2025-10-30T02:39:37.727Z,51.2488,159.2394,18.01,4.5,mb,"192 km E of Ozernovskiy, Russia"
2025-10-30T02:23:59.414Z,50.9895,159.1153,10.0,4.6,mb,"191 km ESE of Ozernovskiy, Russia"
2025-10-30T01:31:44.054Z,-59.8205,-62.1822,10.0,4.7,mb,Drake Passage
2025-10-29T17:52:18.809Z,3.9946,124.0914,425.338,4.8,mb,"217 km SW of Sarangani, Philippines"
2025-10-29T17:07:34.157Z,-19.0745,-179.0467,669.556,4.8,mb,"205 km ESE of Levuka, Fiji"
2025-10-29T16:46:29.853Z,64.6209,-17.2809,10.0,5.4,mww,"107 km WNW of Höfn, Iceland"
2025-10-29T16:13:22.633Z,2.9239,128.3278,61.183,4.6,mb,"136 km NNE of Tobelo, Indonesia"
2025-10-29T16:10:56.543Z,16.5778,-59.56,10.0,4.8,mb,"164 km E of Beauséjour, Guadeloupe"
2025-10-29T15:45:43.653Z,16.4815,-59.454,10.0,4.6,mb,"174 km E of Beauséjour, Guadeloupe"
2025-10-29T14:04:39.556Z,37.3133,69.7399,17.654,4.5,mb,"20 km SE of Yangī Qal‘ah, Afghanistan"
2025-10-29T14:00:23.094Z,44.381,-129.6821,10.0,5.4,mww,off the coast of Oregon
2025-10-29T13:42:44.529Z,44.6049,-129.8321,10.0,4.8,mww,off the coast of Oregon
2025-10-29T13:28:34.928Z,-58.7537,-25.1169,35.0,4.8,mb,South Sandwich Islands region
2025-10-29T09:13:21.953Z,37.2247,69.6706,10.0,4.5,mb,"17 km NW of Rustāq, Afghanistan"
2025-10-29T07:33:01.149Z,16.4525,-59.6036,10.0,4.7,mb,"157 km E of Beauséjour, Guadeloupe"
2025-10-29T07:20:26.680Z,-47.0843,164.6587,10.0,4.7,mwr,"269 km WSW of Riverton, New Zealand"
2025-10-29T06:56:35.236Z,51.5399,159.8402,10.0,5.1,mb,"183 km SSE of Vilyuchinsk, Russia"
2025-10-29T06:16:45.105Z,-47.2049,-12.216,10.0,5.5,mww,southern Mid-Atlantic Ridge
2025-10-29T05:30:59.485Z,21.9867,93.6089,47.028,4.6,mb,"72 km S of Hakha, Burma (Myanmar)"
2025-10-29T05:17:23.911Z,42.1361,80.6653,10.0,4.5,mb,"110 km NNE of Aksu, China"
2025-10-29T05:16:04.956Z,-29.8344,-178.0029,106.906,4.5,mb,"Kermadec Islands, New Zealand"
2025-10-29T02:46:53.594Z,-23.2561,-179.7899,545.564,4.6,mb,south of the Fiji Islands
2025-10-29T02:17:39.506Z,52.2801,160.3252,43.371,4.7,mb,"144 km SE of Petropavlovsk-Kamchatsky, Russia"
2025-10-28T23:01:59.498Z,9.0158,126.4141,55.135,4.5,mb,"16 km NE of Bacolod, Philippines"
2025-10-28T22:22:28.876Z,-19.594,-175.5821,197.786,4.6,mb,"131 km W of Pangai, Tonga"
2025-10-28T21:57:28.719Z,-2.6825,139.7299,35.62,4.5,mb,"100 km W of Abepura, Indonesia"
2025-10-28T18:17:46.278Z,-30.9493,-69.4723,108.987,4.7,mb,"42 km N of Calingasta, Argentina"
2025-10-28T18:07:21.593Z,-3.3915,145.9476,10.0,4.6,mb,"203 km N of Madang, Papua New Guinea"
2025-10-28T14:40:18.481Z,-6.7001,129.9887,142.0,6.4,mww,Banda Sea
2025-10-28T14:04:06.735Z,-7.5424,105.3797,20.53,4.5,mb,"138 km SSW of Labuan, Indonesia"
2025-10-28T11:49:26.436Z,39.1461,28.1491,10.0,4.5,mb,"10 km SSW of Sındırgı, Turkey"
2025-10-28T09:13:49.575Z,-6.6097,154.7994,25.472,5.0,mb,"82 km WSW of Panguna, Papua New Guinea"
2025-10-28T08:42:19.076Z,-31.5078,-66.328,147.125,4.9,mb,"77 km NW of Candelaria, Argentina"
2025-10-28T08:41:42.053Z,16.4882,-59.5936,10.0,4.6,mb,"159 km E of Beauséjour, Guadeloupe"
2025-10-28T07:57:45.941Z,-23.3662,-68.5651,99.459,4.6,mwr,"62 km SW of San Pedro de Atacama, Chile"
2025-10-28T07:54:13.813Z,39.2592,28.3214,10.0,4.9,mb,"12 km E of Sındırgı, Turkey"
2025-10-28T07:10:00.282Z,39.218,28.2551,10.0,4.9,mb,"7 km ESE of Sındırgı, Turkey"
2025-10-28T07:06:24.029Z,50.2426,157.3965,31.0,5.6,mww,"102 km ESE of Severo-Kuril’sk, Russia"
2025-10-28T06:27:21.543Z,-16.1351,178.5482,10.0,4.6,mb,"93 km WNW of Labasa, Fiji"
2025-10-28T04:57:33.536Z,49.6954,156.2581,54.764,4.5,mb,"109 km S of Severo-Kuril’sk, Russia"
2025-10-28T02:26:14.838Z,16.4546,-59.8077,10.0,4.5,mb,"136 km E of Beauséjour, Guadeloupe"
2025-10-28T02:26:02.316Z,16.5187,-59.7045,10.0,4.6,mb,"148 km E of Beauséjour, Guadeloupe"
2025-10-28T01:37:07.576Z,-36.253,52.4992,10.0,4.5,mb,Southwest Indian Ridge
2025-10-28T01:31:20.938Z,1.2494,121.784,26.445,5.1,mww,"162 km WNW of Gorontalo, Indonesia"
2025-10-28T00:34:03.182Z,1.2189,126.3279,42.081,4.7,mb,"126 km WNW of Ternate, Indonesia"
2025-10-27T23:51:36.819Z,16.5243,-59.6954,10.0,4.6,mb,"149 km E of Beauséjour, Guadeloupe"
2025-10-27T23:38:26.808Z,-6.0832,102.9046,10.0,4.5,mb,"230 km S of Pagar Alam, Indonesia"
2025-10-27T23:35:13.410Z,4.9458,95.9794,10.0,5.1,mb,"45 km SW of Reuleuet, Indonesia"
2025-10-27T23:00:36.404Z,53.2139,160.1316,58.5,4.8,mb,"102 km E of Petropavlovsk-Kamchatsky, Russia"
2025-10-27T22:16:03.528Z,16.5462,-59.5533,10.0,4.5,mb,"164 km E of Beauséjour, Guadeloupe"
2025-10-27T19:48:28.767Z,39.1937,28.2425,8.0,6.0,mww,"7 km SE of Sındırgı, Turkey"
2025-10-27T18:40:06.652Z,16.501,-59.5122,10.0,4.9,mb,"168 km E of Beauséjour, Guadeloupe"
2025-10-27T16:37:09.647Z,16.5347,-59.5172,10.0,4.5,mb,"168 km E of Beauséjour, Guadeloupe"
2025-10-27T14:29:33.501Z,-6.2163,151.8029,10.0,5.3,mb,"198 km ESE of Kimbe, Papua New Guinea"
2025-10-27T13:52:06.139Z,16.5841,-59.6942,10.0,4.6,mb,"150 km ENE of Beauséjour, Guadeloupe"
2025-10-27T13:26:51.532Z,16.5098,-59.6184,10.0,5.4,mww,"157 km E of Beauséjour, Guadeloupe"
2025-10-27T12:54:59.210Z,16.5156,-59.5269,10.0,5.7,mww,"166 km E of Beauséjour, Guadeloupe"
2025-10-27T12:46:27.773Z,16.4789,-59.5812,10.0,5.2,mb,"160 km E of Beauséjour, Guadeloupe"
2025-10-27T12:38:40.364Z,16.5419,-59.5574,9.0,6.5,mww,"164 km E of Beauséjour, Guadeloupe"
2025-10-27T11:57:41.686Z,-18.1439,-179.3826,647.752,4.6,mb,"137 km E of Levuka, Fiji"
2025-10-27T10:31:24.018Z,-12.7832,143.2158,10.0,4.5,mb,"138 km E of Mission River, Australia"
2025-10-27T10:19:05.358Z,-11.3764,113.0062,10.0,4.6,mb,"south of Java, Indonesia"
2025-10-27T09:56:25.326Z,50.6319,159.9877,10.0,4.7,mb,"262 km ESE of Ozernovskiy, Russia"
2025-10-27T08:43:15.081Z,37.403,75.7878,10.0,4.5,mb,"82 km WSW of Damusi, China"
2025-10-27T07:39:18.472Z,41.7454,88.5827,10.0,4.9,mb,"142 km SSW of Turpan, China"
2025-10-27T01:08:25.115Z,9.0584,126.4287,46.855,4.5,mb,"19 km ENE of La Paz, Philippines"
2025-10-26T23:47:25.131Z,-36.9573,-96.0045,10.0,5.1,mww,West Chile Rise
2025-10-26T19:08:09.278Z,-33.8803,-70.4707,107.73,4.5,mb,"26 km ESE of Paine, Chile"
2025-10-26T17:34:45.229Z,-8.9813,123.9429,89.944,4.6,mb,"54 km WNW of Pante Makasar, Timor Leste"
2025-10-26T17:04:25.617Z,-8.8524,123.9887,75.0,6.2,mww,"57 km NW of Pante Makasar, Timor Leste"
2025-10-26T16:23:55.815Z,51.9306,158.996,73.984,4.6,mb,"118 km SSE of Vilyuchinsk, Russia"
2025-10-26T16:18:55.872Z,-6.7723,121.8347,10.0,4.7,mb,"167 km SSW of Baubau, Indonesia"
2025-10-26T15:03:00.757Z,29.2614,99.6697,25.117,4.9,mb,"65 km WNW of Daocheng, China"
2025-10-26T14:05:51.488Z,5.74,126.9419,103.651,4.7,mb,"108 km SE of Pondaguitan, Philippines"
2025-10-26T13:34:57.870Z,35.7618,140.0357,85.358,4.6,mb,"5 km SSW of Shiroi, Japan"
2025-10-26T13:29:31.986Z,14.9056,-93.3302,75.536,4.5,mb,"62 km SSW of La Esperanza (El Zapotal), Mexico"
2025-10-26T10:05:15.134Z,-31.7665,-69.0077,106.276,4.5,mb,"35 km SW of Villa Basilio Nievas, Argentina"
2025-10-26T09:43:17.320Z,-4.0009,143.1389,10.0,4.5,mb,"42 km NE of Ambunti, Papua New Guinea"
2025-10-26T09:06:55.026Z,43.8615,83.4336,10.0,4.6,mb,"50 km NNE of Xinyuan, China"
2025-10-26T09:04:55.230Z,43.9745,83.5142,10.0,4.5,mb,"64 km NNE of Xinyuan, China"
2025-10-26T05:24:17.648Z,9.6107,39.7979,10.0,4.9,mb,"26 km S of Debre Sīna, Ethiopia"
2025-10-26T04:56:44.714Z,-59.3645,-25.6066,35.0,4.7,mb,South Sandwich Islands region
2025-10-26T04:31:10.075Z,41.7769,88.5098,10.0,4.5,mb,"141 km SSW of Turpan, China"
2025-10-26T03:04:55.283Z,36.6074,139.3644,12.413,4.6,mb,"19 km NNE of Midori, Japan"
2025-10-26T00:25:55.991Z,7.0726,126.8975,68.326,5.0,mb,"42 km ESE of Manay, Philippines"
2025-10-25T23:28:02.544Z,-12.3757,166.4018,34.0,6.0,mww,"194 km SSE of Lata, Solomon Islands"
2025-10-25T23:05:43.082Z,32.3875,140.0058,104.545,4.5,mb,"272 km SSE of Shimoda, Japan"
2025-10-25T22:09:35.972Z,-18.3721,-71.3946,34.616,4.6,mb,"80 km S of Pacocha, Peru"
2025-10-25T18:06:21.696Z,41.5572,81.4829,10.0,4.5,mb,"108 km ENE of Aksu, China"
2025-10-25T17:35:44.687Z,-55.7298,-27.1808,79.904,5.1,mb,South Sandwich Islands region
2025-10-25T17:30:23.890Z,-11.9507,166.1349,60.32,4.5,mb,"140 km SSE of Lata, Solomon Islands"
2025-10-25T17:29:35.799Z,-45.6919,-77.5614,10.0,5.2,mww,"Off the coast of Aisen, Chile"
2025-10-25T16:31:14.178Z,-45.2564,96.7593,10.0,5.3,mww,southeast Indian Ridge
2025-10-25T15:18:22.983Z,-34.8108,-108.6124,10.0,4.9,mb,southern East Pacific Rise
2025-10-25T13:44:46.185Z,-9.7669,160.6953,116.724,4.5,mb,"89 km ESE of Honiara, Solomon Islands"
2025-10-25T11:45:23.099Z,43.0876,130.9954,561.251,5.2,mb,"40 km NW of Slavyanka, Russia"
2025-10-25T11:13:08.373Z,49.9754,156.0133,60.22,5.3,mww,"78 km S of Severo-Kuril’sk, Russia"
2025-10-25T11:10:28.031Z,-20.7731,-174.2402,10.0,4.6,mb,"94 km ENE of Kolonga, Tonga"
2025-10-25T11:09:58.597Z,-6.1749,127.4623,411.927,4.5,mb,"264 km N of Lospalos, Timor Leste"
2025-10-25T10:13:06.724Z,51.5796,-176.1333,56.533,4.9,mww,"47 km SE of Adak, Alaska"
2025-10-25T08:59:24.263Z,-20.4833,-178.0259,529.987,4.7,mb,"293 km WNW of Houma, Tonga"
2025-10-25T08:12:28.380Z,-14.6636,167.3723,239.041,4.8,mb,"52 km NE of Port-Olry, Vanuatu"
2025-10-25T06:34:25.196Z,12.935,121.5079,10.0,4.8,mb,"4 km E of Calamundingan, Philippines"
2025-10-25T06:34:01.147Z,71.6491,-131.7601,10.0,5.3,mww,Beaufort Sea
2025-10-25T04:56:26.375Z,4.412,96.5767,10.0,4.6,mb,"58 km ENE of Meulaboh, Indonesia"
2025-10-24T23:50:55.935Z,10.8149,-61.9692,79.064,4.8,mww,"44 km NE of Güiria, Venezuela"
2025-10-24T22:38:53.116Z,11.8019,143.3141,10.0,4.9,mww,"218 km SW of Merizo Village, Guam"
2025-10-24T21:30:52.388Z,11.3798,-71.8215,96.556,4.7,mb,"45 km E of Maicao, Colombia"
2025-10-24T20:22:03.132Z,-24.5383,-115.9846,10.0,4.6,mb,southern East Pacific Rise
2025-10-24T20:13:26.460Z,28.1494,142.832,10.0,4.5,mb,"Bonin Islands, Japan region"
2025-10-24T20:03:26.351Z,61.8836,-151.2428,66.5,4.6,ml,"14 km SE of Skwentna, Alaska"
2025-10-24T19:04:12.365Z,12.2984,144.111,10.0,4.9,mww,"122 km SSW of Merizo Village, Guam"
2025-10-24T18:56:09.708Z,-3.9109,131.4925,34.826,4.6,mb,"141 km SW of Fakfak, Indonesia"
2025-10-24T16:40:09.289Z,42.9716,145.7509,34.0,5.7,mww,"41 km SSE of Nemuro, Japan"
2025-10-24T16:05:39.473Z,7.9787,126.6291,65.066,5.0,mb,"20 km E of Santa Maria, Philippines"
2025-10-24T14:34:02.964Z,54.4977,-159.8529,35.0,4.7,mb,"102 km SSE of Sand Point, Alaska"
2025-10-24T13:59:20.302Z,10.926,124.133,10.0,4.9,mb,"13 km SE of Anonang, Philippines"
2025-10-24T12:15:43.591Z,41.8774,87.9952,10.0,4.5,mb,"126 km E of Sishilichengzi, China"
2025-10-24T09:39:23.441Z,-21.8724,179.7395,599.507,4.5,mb,south of the Fiji Islands
2025-10-24T08:31:40.985Z,-35.7158,-179.4478,10.0,5.0,mww,"290 km NE of Hicks Bay, New Zealand"
2025-10-24T07:53:00.798Z,7.3283,126.698,69.104,4.5,mb,"14 km E of Caraga, Philippines"
2025-10-24T06:47:25.561Z,35.6952,140.036,76.733,4.6,mb,"4 km E of Honchō, Japan"
2025-10-24T06:39:57.374Z,-6.3406,154.3283,76.796,4.9,mb,"127 km W of Panguna, Papua New Guinea"
2025-10-24T04:46:35.220Z,-8.8044,123.7428,109.792,5.1,mb,"82 km WNW of Pante Makasar, Timor Leste"
2025-10-24T04:37:07.056Z,7.3797,126.8108,67.176,4.6,mb,"26 km ESE of Baculin, Philippines"
2025-10-24T04:20:33.576Z,7.5714,127.3594,10.0,4.6,mb,"86 km E of Baculin, Philippines"
2025-10-24T04:10:13.563Z,-57.7079,-25.8527,85.363,4.5,mb,South Sandwich Islands region
2025-10-24T02:55:14.358Z,6.0455,127.1669,89.782,4.7,mb,"114 km ESE of Pondaguitan, Philippines"
2025-10-24T02:31:12.703Z,52.0455,159.0606,52.131,4.5,mb,"108 km SSE of Vilyuchinsk, Russia"
2025-10-24T01:26:50.939Z,-55.9421,-27.8538,106.301,5.1,mb,South Sandwich Islands region
2025-10-23T23:07:17.246Z,51.9682,161.5235,10.0,4.7,mb,"231 km ESE of Petropavlovsk-Kamchatsky, Russia"
2025-10-23T22:14:25.955Z,5.8722,127.1529,30.258,4.7,mb,"120 km ESE of Pondaguitan, Philippines"
2025-10-23T21:22:01.801Z,-31.2417,-68.2875,109.632,4.5,mb,"29 km NE of San Martín, Argentina"
2025-10-23T21:09:28.374Z,37.4154,141.9798,46.881,4.7,mwr,"85 km E of Tomioka, Japan"
2025-10-23T16:27:54.855Z,54.6425,-160.304,35.0,4.6,mb,"78 km S of Sand Point, Alaska"
2025-10-23T14:25:13.218Z,-54.0502,-58.1972,10.0,5.0,mb,Falkland Islands region
2025-10-23T11:46:09.743Z,-6.2493,130.9239,85.0,5.6,mww,"213 km WSW of Tual, Indonesia"
2025-10-23T10:37:25.668Z,-4.5589,102.77,65.855,4.8,mb,"79 km SW of Pagar Alam, Indonesia"
2025-10-23T09:02:07.481Z,51.3017,159.834,10.0,4.5,mb,"206 km SSE of Vilyuchinsk, Russia"
2025-10-23T08:17:24.701Z,-10.9716,165.9331,71.837,4.6,mb,"31 km SSE of Lata, Solomon Islands"
2025-10-23T07:03:49.686Z,51.906,160.1529,32.298,4.6,mb,"164 km SE of Vilyuchinsk, Russia"
2025-10-23T05:20:39.538Z,-10.2765,161.1285,71.424,5.2,mb,"88 km WNW of Kirakira, Solomon Islands"
2025-10-23T04:07:01.551Z,-6.6341,148.3083,61.786,5.2,mb,"51 km E of Finschhafen, Papua New Guinea"
2025-10-23T02:53:03.835Z,51.0012,159.3973,10.0,4.7,mb,"209 km ESE of Ozernovskiy, Russia"
2025-10-23T02:34:39.179Z,51.1478,159.3769,10.0,4.7,mb,"204 km ESE of Ozernovskiy, Russia"
2025-10-23T02:31:28.443Z,51.4164,159.4696,16.0,5.6,mww,"183 km SSE of Vilyuchinsk, Russia"
2025-10-22T18:58:28.256Z,14.3348,-91.8126,85.517,4.7,mb,"11 km ENE of Champerico, Guatemala"
2025-10-22T15:07:57.331Z,5.2907,94.8423,75.831,4.9,mb,"61 km WSW of Banda Aceh, Indonesia"
2025-10-22T13:08:12.269Z,-59.4011,-23.6726,10.0,4.5,mb,South Sandwich Islands region
2025-10-22T11:00:57.079Z,-24.32,-67.3769,176.819,4.6,mb,"108 km W of San Antonio de los Cobres, Argentina"
2025-10-22T10:58:28.820Z,51.3786,159.4343,27.846,4.5,mb,"186 km SSE of Vilyuchinsk, Russia"
2025-10-22T09:31:54.514Z,-7.2499,120.2784,577.946,4.6,mb,"144 km NNE of Labuan Bajo, Indonesia"
2025-10-22T09:17:34.017Z,42.9793,145.3836,58.831,4.9,mww,"41 km SSW of Nemuro, Japan"
2025-10-22T09:07:14.024Z,-3.97,126.3719,10.0,5.0,mb,"203 km W of Ambon, Indonesia"
2025-10-22T04:07:16.054Z,-29.1133,-178.5798,240.851,4.9,mb,"Kermadec Islands, New Zealand"
2025-10-22T03:57:05.548Z,9.2522,-84.2408,20.0,5.9,mww,"21 km SSW of Quepos, Costa Rica"
2025-10-22T00:05:44.495Z,-3.6137,-79.8408,77.13,5.5,mww,"19 km WNW of Piñas, Ecuador"
2025-10-21T23:37:08.496Z,52.6073,159.095,67.966,5.1,mww,"58 km SE of Vilyuchinsk, Russia"
2025-10-21T23:06:08.963Z,14.4479,-90.4307,177.934,4.7,mb,"2 km SSE of Fraijanes, Guatemala"
2025-10-21T20:02:05.120Z,-33.6674,-178.5047,10.0,5.1,mww,south of the Kermadec Islands
2025-10-21T19:26:06.741Z,51.5818,159.0347,58.331,4.6,mb,"156 km SSE of Vilyuchinsk, Russia"
2025-10-21T19:03:00.162Z,-4.6036,104.5146,170.303,4.6,mb,"47 km WNW of Kotabumi, Indonesia"
2025-10-21T18:14:48.925Z,36.6073,71.1564,237.514,5.1,mww,"34 km WSW of Ashkāsham, Afghanistan"
2025-10-21T18:11:08.673Z,-59.1087,-25.5829,84.863,5.2,mb,South Sandwich Islands region
2025-10-21T15:35:21.493Z,51.5921,16.148,5.0,4.5,mb,"1 km WSW of Grębocice, Poland"
2025-10-21T14:08:37.149Z,-32.3756,-69.7362,118.266,4.8,mww,"95 km ENE of Los Andes, Chile"
2025-10-21T11:27:59.208Z,4.032,122.8975,556.158,4.5,mb,"247 km SSE of Tabiauan, Philippines"
2025-10-21T09:11:06.370Z,-56.2113,-27.0024,95.712,4.8,mb,South Sandwich Islands region
2025-10-21T09:07:23.638Z,11.2989,124.4745,10.0,4.5,mb,"1 km SE of Butazon, Philippines"
2025-10-21T08:02:36.576Z,30.1914,51.8503,10.0,4.9,mb,"32 km ENE of Nūrābād, Iran"
2025-10-21T07:32:31.903Z,12.2142,-64.7835,10.0,4.5,mb,"153 km NW of Juan Griego, Venezuela"
2025-10-21T05:59:30.501Z,36.7754,72.9519,10.0,4.9,mb,"59 km ESE of Khandūd, Afghanistan"
2025-10-21T05:24:10.010Z,-8.639,-76.1226,10.0,4.7,mb,"42 km ESE of Uchiza, Peru"
2025-10-21T03:47:29.769Z,-5.2595,152.1862,60.841,5.0,mb,"101 km S of Kokopo, Papua New Guinea"
2025-10-21T00:34:33.475Z,-60.1407,-62.1748,10.0,4.5,mb,Drake Passage
2025-10-20T22:43:15.522Z,53.1063,159.8667,60.628,4.9,mb,"83 km E of Petropavlovsk-Kamchatsky, Russia"
2025-10-20T22:31:55.606Z,-6.9147,125.7048,509.074,4.6,mb,"178 km N of Metinaro, Timor Leste"
2025-10-20T22:30:30.117Z,46.2204,153.1124,10.0,5.0,mb,Kuril Islands
2025-10-20T22:22:14.851Z,-24.4102,-176.7303,100.485,4.6,mb,south of the Fiji Islands
2025-10-20T19:13:46.134Z,18.6375,-70.6249,10.0,4.7,mww,"16 km NW of San José de Ocoa, Dominican Republic"
2025-10-20T19:04:06.258Z,35.458,135.4764,360.075,5.1,mww,"7 km WSW of Takahama, Japan"
2025-10-20T18:53:40.257Z,53.1238,161.6525,10.0,4.5,mb,"202 km E of Petropavlovsk-Kamchatsky, Russia"
2025-10-20T18:50:30.849Z,-2.1261,138.9499,35.0,4.7,mb,"194 km WNW of Abepura, Indonesia"
2025-10-20T18:45:26.583Z,51.2964,-177.0718,37.265,4.9,mwr,"71 km SSW of Adak, Alaska"
2025-10-20T18:14:23.385Z,30.2167,51.95,10.0,4.5,mb,"42 km ENE of Nūrābād, Iran"
2025-10-20T16:26:41.433Z,14.0118,39.7718,10.0,4.5,mb,"44 km SE of Ādīgrat, Ethiopia"
2025-10-20T16:16:48.368Z,-7.2376,122.4153,535.316,5.1,mww,"154 km N of Maumere, Indonesia"
2025-10-20T16:15:25.378Z,-2.0333,138.9557,35.0,4.9,mb,"196 km WNW of Abepura, Indonesia"
2025-10-20T11:55:46.101Z,36.6558,54.8533,10.0,4.5,mb,"28 km NNW of Shahrud, Iran"
2025-10-20T11:51:06.131Z,34.3744,16.3847,10.0,4.5,mb,"233 km SE of Birżebbuġa, Malta"
2025-10-20T11:35:50.891Z,6.9992,127.3725,10.0,5.8,mww,"93 km ESE of Santiago, Philippines"
2025-10-20T09:14:54.218Z,-52.1341,-61.695,10.0,4.7,mb,Falkland Islands region
2025-10-20T05:56:04.876Z,-9.2487,119.8291,52.805,4.8,mb,"65 km NW of Waingapu, Indonesia"
2025-10-20T05:42:01.252Z,30.0981,70.1192,10.0,4.7,mb,"50 km W of Dera Ghazi Khan, Pakistan"
2025-10-20T04:18:35.705Z,53.4482,161.5765,10.0,4.9,mb,"201 km E of Petropavlovsk-Kamchatsky, Russia"
2025-10-20T02:43:20.793Z,18.0282,119.8266,10.0,4.9,mb,"66 km W of Pagsanahan Norte, Philippines"
2025-10-20T01:38:24.765Z,1.7856,127.0794,74.992,4.6,mb,"103 km W of Tobelo, Indonesia"
2025-10-20T00:42:59.635Z,-5.669,-11.5504,10.0,4.6,mb,Ascension Island region
2025-10-19T23:42:45.797Z,12.6595,143.1289,125.891,4.5,mb,"180 km WSW of Merizo Village, Guam"
2025-10-19T23:35:55.486Z,-2.949,129.4134,10.0,5.0,mb,"62 km NE of Masohi, Indonesia"
2025-10-19T22:44:46.964Z,-7.4882,130.6,10.0,4.9,mb,"Pulau Pulau Tanimbar, Indonesia"
2025-10-19T22:30:59.110Z,-5.7436,153.0613,10.0,4.7,mb,"178 km SSE of Kokopo, Papua New Guinea"
2025-10-19T19:55:29.024Z,51.4089,159.303,10.0,4.5,mb,"180 km SSE of Vilyuchinsk, Russia"
2025-10-19T18:27:57.210Z,51.5101,159.3461,31.838,4.7,mb,"170 km SSE of Vilyuchinsk, Russia"
2025-10-19T17:14:20.557Z,-10.5108,161.5359,92.268,5.3,mww,"42 km W of Kirakira, Solomon Islands"
2025-10-19T15:37:21.112Z,1.2937,125.8387,64.581,4.7,mb,"80 km ESE of Bitung, Indonesia"
2025-10-19T15:05:26.592Z,8.8684,126.7666,46.24,4.5,mb,"50 km E of Aras-asan, Philippines"
2025-10-19T14:53:31.556Z,35.4394,6.4989,10.0,4.5,mb,"22 km ESE of Tazoult-Lambese, Algeria"
2025-10-19T13:59:34.282Z,36.8602,72.8741,10.0,5.0,mb,"50 km ESE of Khandūd, Afghanistan"
2025-10-19T13:23:26.735Z,27.4383,126.6717,171.94,4.6,mb,"137 km WNW of Iheya, Japan"
2025-10-19T10:57:56.680Z,-15.8003,67.2244,10.0,4.7,mb,Mid-Indian Ridge
2025-10-19T10:05:31.054Z,-2.1019,138.9885,35.0,4.6,mb,"190 km WNW of Abepura, Indonesia"
2025-10-19T10:00:20.047Z,-7.8045,123.329,10.0,4.9,mb,"152 km NE of Maumere, Indonesia"
2025-10-19T09:55:45.249Z,-7.0653,155.6407,51.82,5.0,mb,"84 km SSE of Panguna, Papua New Guinea"
2025-10-19T07:57:30.680Z,8.4317,126.0015,10.0,4.5,mb,"2 km ENE of Lapinigan, Philippines"
2025-10-19T07:28:19.118Z,6.4896,126.7054,194.346,5.0,mb,"59 km SE of Bobon, Philippines"
2025-10-19T07:23:43.782Z,52.357,160.9628,10.0,5.0,mww,"176 km ESE of Petropavlovsk-Kamchatsky, Russia"
2025-10-19T06:53:19.765Z,-8.1559,108.9349,75.908,4.5,mb,"48 km S of Cilacap, Indonesia"
2025-10-19T06:39:31.547Z,51.5331,159.9652,10.0,4.5,mb,"188 km SE of Vilyuchinsk, Russia"
2025-10-19T02:52:36.585Z,-2.1181,139.0391,35.0,4.8,mb,"184 km WNW of Abepura, Indonesia"
2025-10-19T01:34:50.816Z,6.9889,127.2611,10.0,5.1,mww,"82 km ESE of Santiago, Philippines"
2025-10-19T00:00:20.697Z,-17.2422,-172.731,10.0,4.5,mb,"182 km SE of Hihifo, Tonga"
2025-10-18T23:16:10.816Z,-17.3978,-70.5794,10.0,4.5,mb,"7 km WNW of Ilabaya, Peru"
2025-10-18T21:36:37.771Z,32.8796,24.4403,10.0,4.5,mb,"98 km NNE of Tobruk, Libya"
2025-10-18T18:34:59.603Z,7.4752,126.9216,10.344,4.6,mb,"37 km E of Baculin, Philippines"
2025-10-18T17:57:14.117Z,53.3782,161.6857,24.607,5.1,mww,"207 km E of Petropavlovsk-Kamchatsky, Russia"
2025-10-18T17:19:22.770Z,29.3264,131.8035,10.0,4.6,mb,"158 km SE of Koshima, Japan"
2025-10-18T16:31:05.334Z,45.3442,151.0134,64.766,4.5,mb,"246 km E of Kuril’sk, Russia"
2025-10-18T15:13:17.216Z,53.4523,161.6778,26.164,4.5,mb,"208 km E of Petropavlovsk-Kamchatsky, Russia"
2025-10-18T14:59:58.039Z,51.4867,16.0497,5.0,4.5,mb,"2 km SW of Polkowice, Poland"
2025-10-18T14:44:47.812Z,-34.2319,-178.5567,10.0,4.5,mb,south of the Kermadec Islands
2025-10-18T12:31:31.933Z,8.883,126.4567,55.726,5.4,mww,"16 km E of Aras-asan, Philippines"
2025-10-18T10:51:01.763Z,36.7419,73.0538,10.0,4.5,mb,"69 km ESE of Khandūd, Afghanistan"
2025-10-18T10:50:20.093Z,18.6747,120.637,28.121,4.7,mb,"20 km NW of Pagudpud, Philippines"
2025-10-18T10:12:06.542Z,-1.2033,127.155,10.0,4.8,mb,"73 km SSW of Labuha, Indonesia"
2025-10-18T05:26:36.542Z,6.7107,126.8745,85.27,4.7,mb,"60 km ESE of Lukatan, Philippines"
2025-10-18T02:33:19.498Z,-57.9449,-25.0351,42.871,4.5,mb,South Sandwich Islands region
2025-10-18T02:04:14.052Z,24.2501,122.121,39.966,4.8,mwr,"60 km ENE of Hualien City, Taiwan"
2025-10-18T01:18:22.533Z,49.1481,157.5807,10.0,4.5,mb,"199 km SSE of Severo-Kuril’sk, Russia"
2025-10-18T01:17:26.095Z,52.4631,160.594,35.0,4.5,mb,"148 km ESE of Petropavlovsk-Kamchatsky, Russia"
2025-10-18T01:17:05.673Z,-31.6474,-177.8278,10.0,4.7,mb,Kermadec Islands region
2025-10-17T20:28:15.558Z,29.8278,139.0592,425.906,4.6,mb,"Izu Islands, Japan region"
2025-10-17T15:48:49.564Z,53.688,-165.8432,85.097,5.1,mww,"49 km S of Akutan, Alaska"
2025-10-17T14:50:16.676Z,36.9316,72.806,10.0,4.5,mb,"43 km E of Khandūd, Afghanistan"
2025-10-17T14:22:56.981Z,-5.1711,152.7504,35.0,4.6,mb,"106 km SSE of Kokopo, Papua New Guinea"
2025-10-17T14:11:09.073Z,55.3756,166.5158,10.0,4.7,mb,"270 km ESE of Ust’-Kamchatsk Staryy, Russia"
2025-10-17T13:35:24.770Z,16.3541,-98.8313,10.0,4.5,mb,"20 km SSW of Barra de Tecoanapa, Mexico"
2025-10-17T12:15:03.739Z,36.7572,72.8064,8.0,5.5,mww,"48 km ESE of Khandūd, Afghanistan"
2025-10-17T12:14:04.525Z,-41.2714,-91.1289,10.0,4.5,mb,southeast of Easter Island
2025-10-17T11:35:39.405Z,-33.1772,-179.8303,96.279,4.6,mb,south of the Kermadec Islands
2025-10-17T11:21:06.032Z,-25.7952,-176.9375,101.106,4.8,mb,south of the Fiji Islands
2025-10-17T10:16:52.041Z,7.1737,127.2136,10.0,4.7,mb,"71 km E of Santiago, Philippines"
2025-10-17T08:49:13.343Z,50.1048,157.3272,44.54,4.9,mb,"106 km SE of Severo-Kuril’sk, Russia"
2025-10-17T08:46:32.478Z,1.857,127.3892,127.143,4.6,mb,"70 km WNW of Tobelo, Indonesia"
2025-10-17T08:31:48.886Z,18.6114,120.5524,14.144,4.9,mb,"15 km N of Davila, Philippines"
2025-10-17T08:14:09.798Z,18.6615,120.6453,10.0,5.1,mb,"18 km NW of Pagudpud, Philippines"
2025-10-17T06:26:45.822Z,53.2112,159.6603,64.082,4.6,mb,"71 km ENE of Petropavlovsk-Kamchatsky, Russia"
2025-10-17T04:13:07.501Z,-2.2666,139.0248,46.31,5.1,mww,"182 km WNW of Abepura, Indonesia"
2025-10-17T01:25:58.118Z,53.1938,159.8295,68.877,5.1,mww,"81 km E of Petropavlovsk-Kamchatsky, Russia"
2025-10-17T01:15:10.876Z,-30.7154,-71.436,45.905,4.6,mb,"26 km WSW of Ovalle, Chile"
2025-10-17T01:14:36.332Z,17.0899,-85.274,10.0,4.7,mb,"93 km NE of Savannah Bight, Honduras"
2025-10-17T00:11:32.454Z,-14.566,166.5986,10.0,4.5,mb,"73 km NW of Port-Olry, Vanuatu"
2025-10-16T23:57:40.023Z,9.7295,126.1711,57.815,4.8,mb,"7 km ESE of Union, Philippines"
2025-10-16T23:53:36.788Z,34.3423,70.8571,10.0,4.7,mb,"10 km N of Bāsawul, Afghanistan"
2025-10-16T23:52:22.372Z,10.4022,126.5293,10.0,4.5,mb,"68 km NE of Santa Monica, Philippines"
2025-10-16T23:39:16.596Z,9.8057,126.1921,37.473,4.5,mb,"10 km ENE of Union, Philippines"
2025-10-16T23:20:23.328Z,9.6582,126.1559,17.182,4.5,mb,"11 km SSE of Union, Philippines"
2025-10-16T23:18:01.858Z,9.7251,126.2551,43.253,4.6,mb,"16 km ESE of Union, Philippines"
2025-10-16T23:14:15.205Z,9.8202,126.0977,32.396,4.5,mb,"4 km S of Pilar, Philippines"
2025-10-16T23:07:17.460Z,-23.3297,178.8291,553.818,5.1,mb,south of the Fiji Islands
2025-10-16T23:03:12.673Z,9.7909,126.1163,32.0,6.0,mww,"3 km N of Union, Philippines"
2025-10-16T22:11:03.168Z,6.8359,127.192,12.258,4.8,mb,"83 km ESE of Manay, Philippines"
2025-10-16T22:10:23.971Z,13.3577,92.5564,15.163,5.0,mb,"184 km N of Bamboo Flat, India"
2025-10-16T20:29:38.613Z,51.1772,159.7684,10.0,4.6,mb,"216 km SSE of Vilyuchinsk, Russia"
2025-10-16T19:56:34.868Z,50.1152,157.1579,36.368,4.9,mb,"96 km SE of Severo-Kuril’sk, Russia"
2025-10-16T18:18:25.566Z,51.8121,158.8733,63.989,4.6,mb,"128 km SSE of Vilyuchinsk, Russia"
2025-10-16T17:03:01.372Z,-2.1061,139.1604,33.425,5.0,mww,"172 km WNW of Abepura, Indonesia"
2025-10-16T16:01:45.966Z,-2.2304,139.1037,35.0,5.0,mb,"174 km WNW of Abepura, Indonesia"
2025-10-16T14:31:07.786Z,-2.1741,138.8715,35.0,4.8,mb,"201 km WNW of Abepura, Indonesia"
2025-10-16T09:59:26.429Z,-34.1565,-178.9411,10.0,4.9,mb,south of the Kermadec Islands
2025-10-16T09:31:04.331Z,5.4538,126.0067,93.582,4.7,mb,"60 km E of Sarangani, Philippines"
2025-10-16T09:05:42.347Z,-2.3449,138.9645,40.796,4.5,mb,"187 km W of Abepura, Indonesia"
2025-10-16T08:25:56.552Z,56.2164,164.7038,10.0,4.5,mb,"138 km E of Ust’-Kamchatsk Staryy, Russia"
2025-10-16T07:54:41.623Z,-54.7445,-26.7115,10.0,4.6,mb,South Sandwich Islands region
2025-10-16T07:26:47.842Z,48.9342,156.6173,10.0,4.6,mb,"196 km S of Severo-Kuril’sk, Russia"
2025-10-16T07:16:47.522Z,-2.1308,138.9934,35.0,4.5,mb,"189 km WNW of Abepura, Indonesia"
2025-10-16T06:57:54.913Z,24.7905,95.4782,191.422,4.8,mb,"138 km SE of Phek, India"
2025-10-16T05:48:52.788Z,-2.168,138.9531,18.0,6.4,mww,"192 km WNW of Abepura, Indonesia"
2025-10-16T04:56:12.157Z,-44.3879,-81.819,10.0,4.7,mb,West Chile Rise
2025-10-16T04:49:55.461Z,-60.2346,-62.0414,10.0,5.1,mb,Drake Passage
2025-10-16T03:34:15.378Z,51.7367,158.7037,54.838,4.5,mb,"134 km S of Vilyuchinsk, Russia"
2025-10-16T02:45:36.399Z,-58.7138,-62.3668,10.0,5.2,mww,Drake Passage
2025-10-16T01:42:32.311Z,-59.9658,-61.8649,8.0,6.3,mww,Drake Passage
2025-10-16T00:34:51.600Z,-60.2082,-62.0132,10.0,4.7,mb,Drake Passage
2025-10-15T23:32:47.615Z,5.1172,125.3592,46.561,4.8,mb,"33 km SSW of Sarangani, Philippines"
2025-10-15T18:35:25.270Z,-60.1667,-62.2512,10.0,4.6,mb,Drake Passage
2025-10-15T18:09:22.827Z,15.52,120.0935,59.843,4.7,mb,"14 km ENE of San Lorenzo, Philippines"
2025-10-15T18:09:17.916Z,-14.8362,-172.7856,10.0,4.9,mb,"125 km SSW of Gataivai, Samoa"
2025-10-15T15:58:17.918Z,-33.9256,-178.3594,10.0,4.5,mb,south of the Kermadec Islands
2025-10-15T13:37:41.488Z,-27.0844,-70.0839,68.743,4.5,mb,"39 km NE of Copiapó, Chile"
2025-10-15T13:07:01.330Z,-34.0182,-178.7328,10.0,5.4,mww,south of the Kermadec Islands
2025-10-15T11:43:39.780Z,-30.7202,-71.5158,37.151,5.6,mww,"33 km WSW of Ovalle, Chile"
2025-10-15T10:22:09.350Z,7.2572,141.5367,10.0,5.4,mww,"299 km SSE of Fais, Micronesia"
2025-10-15T10:12:04.411Z,9.9182,-70.7624,10.0,4.5,mb,"19 km ENE of Mene Grande, Venezuela"
2025-10-15T07:58:26.309Z,11.0009,124.0083,10.0,4.5,mb,"0 km WSW of Guadalupe, Philippines"
2025-10-15T07:55:10.191Z,11.2535,124.1286,10.0,4.6,mb,"8 km E of Talisay, Philippines"
2025-10-15T07:44:54.444Z,7.1771,127.1755,10.0,4.9,mb,"67 km E of Santiago, Philippines"
2025-10-15T06:51:52.734Z,-34.2208,-178.7285,10.0,4.6,mb,south of the Kermadec Islands
2025-10-15T06:23:08.037Z,10.5728,125.5362,10.0,4.6,mb,"23 km N of Loreto, Philippines"
2025-10-15T05:57:03.021Z,51.49,159.893,10.0,5.0,mww,"189 km SSE of Vilyuchinsk, Russia"
2025-10-15T03:45:12.245Z,-31.6731,76.4956,10.0,4.8,mb,Mid-Indian Ridge
2025-10-15T02:04:23.040Z,-28.2547,62.7289,10.0,4.6,mb,Southwest Indian Ridge
2025-10-14T23:29:10.510Z,30.3969,138.2382,442.091,4.5,mb,"Izu Islands, Japan region"
2025-10-14T23:10:50.137Z,-26.5142,67.7492,10.0,4.5,mb,Indian Ocean Triple Junction
2025-10-14T22:48:19.272Z,10.3876,122.3063,10.0,4.5,mb,"23 km W of La Paz, Philippines"
2025-10-14T22:10:44.933Z,-9.1425,125.9261,10.0,4.5,mb,"34 km ESE of Same, Timor Leste"
2025-10-14T21:58:02.539Z,-6.2166,146.6114,63.989,4.6,mb,"70 km NW of Lae, Papua New Guinea"
2025-10-14T20:48:18.044Z,-12.0045,166.5348,143.24,4.9,mb,"162 km SSE of Lata, Solomon Islands"
2025-10-14T20:38:43.604Z,-6.7517,146.8788,97.822,4.7,mb,"13 km WSW of Lae, Papua New Guinea"
2025-10-14T19:32:41.595Z,-3.7124,153.9917,451.727,5.3,mww,"203 km ENE of Kokopo, Papua New Guinea"
2025-10-14T19:26:13.650Z,7.5507,127.2877,10.0,4.8,mww,"78 km E of Baculin, Philippines"
2025-10-14T19:23:30.898Z,29.639,81.421,10.0,4.6,mb,"62 km NE of Dipayal, Nepal"
2025-10-14T18:17:16.188Z,7.3537,127.0636,48.251,4.8,mb,"54 km ESE of Baculin, Philippines"
2025-10-14T17:23:56.003Z,7.4914,127.2912,10.0,4.9,mb,"78 km E of Baculin, Philippines"
2025-10-14T17:10:17.378Z,-20.2302,-68.9489,96.916,5.2,mww,"74 km E of La Tirana, Chile"
2025-10-14T16:20:52.910Z,19.8853,-109.4657,10.0,4.8,mww,Revilla Gigedo Islands region
2025-10-14T16:18:15.722Z,7.3146,126.873,50.518,4.5,mb,"33 km E of Santiago, Philippines"
2025-10-14T16:01:02.468Z,7.2744,126.6818,91.737,4.5,mb,"12 km E of Santiago, Philippines"
2025-10-14T15:42:56.469Z,-12.7461,166.5623,130.729,4.6,mb,"164 km NW of Sola, Vanuatu"
2025-10-14T13:33:27.239Z,-35.6554,-179.5727,10.0,4.6,mb,"287 km NE of Hicks Bay, New Zealand"
2025-10-14T10:12:59.926Z,5.7336,126.925,140.346,4.5,mb,"107 km SE of Pondaguitan, Philippines"
2025-10-14T08:58:36.282Z,7.125,126.912,65.025,4.6,mb,"41 km ESE of Santiago, Philippines"
2025-10-14T08:57:23.564Z,-4.5323,153.1886,95.17,4.6,mb,"104 km ESE of Kokopo, Papua New Guinea"
2025-10-14T04:43:34.804Z,-21.9025,-68.6002,115.771,4.8,mww,"69 km NNE of Calama, Chile"
2025-10-14T04:24:44.426Z,-22.4554,-113.227,10.0,4.6,mb,Easter Island region
2025-10-14T03:47:44.368Z,53.6861,160.5009,50.581,4.8,mb,"142 km ENE of Petropavlovsk-Kamchatsky, Russia"
2025-10-14T03:34:24.069Z,39.6117,139.4794,11.854,4.6,mb,"52 km SW of Tennō, Japan"
2025-10-14T03:15:26.437Z,41.6379,81.5964,10.0,4.6,mb,"111 km W of Kuqa, China"
2025-10-14T02:39:06.158Z,7.3945,126.8399,56.684,4.9,mb,"28 km ESE of Baculin, Philippines"
2025-10-14T02:20:01.833Z,7.2661,126.9284,77.954,4.7,mb,"39 km E of Santiago, Philippines"
2025-10-14T02:00:11.014Z,7.3744,127.0611,35.0,5.5,mww,"53 km E of Baculin, Philippines"
2025-10-13T18:58:40.261Z,-32.0649,-69.4448,112.926,4.6,mwr,"81 km S of Calingasta, Argentina"
2025-10-13T18:50:01.417Z,50.779,156.9873,81.555,4.5,mb,"61 km E of Severo-Kuril’sk, Russia"
2025-10-13T17:40:01.015Z,50.0803,156.8723,35.0,4.5,mb,"84 km SE of Severo-Kuril’sk, Russia"
2025-10-13T16:40:21.814Z,-19.1257,-174.6439,88.347,4.6,mb,"77 km NNW of Fangale’ounga, Tonga"
2025-10-13T16:27:41.878Z,51.4099,159.6206,31.562,4.5,mb,"188 km SSE of Vilyuchinsk, Russia"
2025-10-13T15:58:29.114Z,36.7989,74.5496,10.0,4.7,mb,"54 km NNW of Barishal, Pakistan"
2025-10-13T12:24:55.630Z,7.0621,126.8812,66.09,4.5,mb,"41 km ESE of Manay, Philippines"
2025-10-13T11:22:13.201Z,-34.9561,-179.5571,10.0,4.6,mb,south of the Kermadec Islands
2025-10-13T11:11:00.607Z,7.2599,141.5991,10.0,5.9,mww,"State of Yap, Federated States of Micronesia"
2025-10-13T09:10:31.800Z,-10.2715,161.2607,108.087,5.0,mb,"75 km WNW of Kirakira, Solomon Islands"
2025-10-13T08:59:21.202Z,-21.0279,169.7037,116.658,4.5,mb,"170 km SSE of Isangel, Vanuatu"
2025-10-13T08:35:35.630Z,-35.5235,-179.3541,10.0,4.8,mb,east of the North Island of New Zealand
2025-10-13T07:10:30.052Z,-7.253,114.1609,10.0,4.9,mb,"32 km SE of Kalianget, Indonesia"
2025-10-13T05:40:30.144Z,22.4404,94.5319,105.63,4.5,mb,"72 km WNW of Monywa, Burma (Myanmar)"
2025-10-13T03:25:45.255Z,38.6088,142.4483,46.216,4.7,mb,"81 km SE of Ōfunato, Japan"
2025-10-13T02:40:33.881Z,-59.079,-25.4283,35.0,4.9,mb,South Sandwich Islands region
2025-10-13T02:23:21.725Z,-35.5134,-179.4613,10.0,4.6,mb,east of the North Island of New Zealand
2025-10-13T01:28:07.009Z,-30.6621,-71.8322,26.124,4.9,mwr,"61 km W of Ovalle, Chile"
2025-10-13T01:10:17.001Z,48.8917,154.9013,60.257,5.5,mb,"217 km SSW of Severo-Kuril’sk, Russia"
2025-10-13T01:09:45.120Z,51.0955,157.9959,55.324,5.1,mb,"113 km ESE of Ozernovskiy, Russia"
2025-10-12T22:08:59.073Z,-4.7491,122.6104,10.0,4.6,mb,"15 km NW of Katobu, Indonesia"
2025-10-12T21:23:41.608Z,-60.1188,-61.9218,10.0,4.6,mb,Drake Passage
2025-10-12T19:06:08.696Z,57.0469,-33.8463,10.0,4.6,mb,Reykjanes Ridge
2025-10-12T18:35:16.618Z,57.0401,-33.7465,10.0,4.5,mb,Reykjanes Ridge
2025-10-12T18:27:48.228Z,56.983,-33.5585,10.0,4.6,mb,Reykjanes Ridge
2025-10-12T18:10:58.257Z,52.3619,159.9747,82.347,4.5,mb,"119 km SE of Petropavlovsk-Kamchatsky, Russia"
2025-10-12T17:37:53.001Z,7.2969,127.3462,10.0,4.5,mb,"85 km E of Santiago, Philippines"
2025-10-12T17:05:59.511Z,10.9522,123.9606,10.0,5.8,mww,"4 km ESE of Tambongon, Philippines"
2025-10-12T16:47:32.416Z,34.6185,23.485,55.866,4.5,mb,"60 km WSW of Kastrí, Greece"
2025-10-12T16:42:39.440Z,-32.6288,-70.0705,115.751,4.5,mb,"54 km ENE of Los Andes, Chile"
2025-10-12T14:43:19.127Z,7.2409,126.7015,74.077,4.6,mb,"15 km ESE of Santiago, Philippines"
2025-10-12T11:47:01.719Z,33.7802,-38.1895,10.0,4.6,mb,northern Mid-Atlantic Ridge
2025-10-12T10:23:59.902Z,1.5579,126.9336,105.685,4.5,mb,"98 km NNW of Ternate, Indonesia"
2025-10-12T09:24:31.179Z,-45.8845,95.7899,10.0,4.6,mb,southeast Indian Ridge
2025-10-12T07:56:37.173Z,53.1157,161.4427,18.97,4.7,mb,"188 km E of Petropavlovsk-Kamchatsky, Russia"
2025-10-12T07:21:43.819Z,30.5334,103.2064,10.0,4.9,mb,"27 km WNW of Linqiong, China"
2025-10-12T06:56:38.400Z,8.8689,127.1454,10.0,4.7,mb,"91 km E of Aras-asan, Philippines"
2025-10-12T03:34:34.815Z,42.2457,142.9953,61.849,4.6,mb,"14 km NNE of Honchō, Japan"
2025-10-12T03:13:11.755Z,76.0756,7.4191,10.0,4.9,mww,Svalbard region
2025-10-12T03:02:16.505Z,-2.5868,139.5463,38.597,4.6,mb,"120 km W of Abepura, Indonesia"
2025-10-12T03:00:35.575Z,-2.7234,139.3183,44.942,5.0,mb,"146 km W of Abepura, Indonesia"
2025-10-12T02:26:19.423Z,17.0924,-94.8289,130.741,4.8,mb,"6 km E of Cuauhtémoc, Mexico"
2025-10-12T01:25:33.732Z,7.1788,127.0606,28.985,4.6,mb,"55 km ESE of Santiago, Philippines"
2025-10-11T23:20:50.434Z,12.2738,144.4749,10.0,4.7,mb,"111 km S of Merizo Village, Guam"
2025-10-11T23:03:07.467Z,-10.3795,-78.7742,60.716,4.5,mb,"76 km WSW of Huarmey, Peru"
2025-10-11T21:41:28.740Z,13.8649,39.8597,10.0,4.5,mb,"58 km NE of Mek'ele, Ethiopia"
2025-10-11T21:04:46.692Z,7.204,126.7151,73.404,4.5,mb,"18 km ESE of Santiago, Philippines"
2025-10-11T19:30:00.069Z,13.8424,39.8353,10.0,4.7,mb,"54 km NE of Mek'ele, Ethiopia"
2025-10-11T19:29:07.577Z,56.8317,-34.1766,10.0,5.0,mww,Reykjanes Ridge
2025-10-11T19:28:28.625Z,7.6895,126.9736,35.0,4.9,mb,"46 km E of Kinablangan, Philippines"
2025-10-11T19:05:36.984Z,-60.3942,-60.9559,10.0,4.9,mb,Drake Passage
2025-10-11T18:38:22.099Z,13.961,39.7515,10.0,4.8,mb,"46 km SE of Ādīgrat, Ethiopia"
2025-10-11T18:29:36.206Z,-60.2434,-61.0851,10.0,5.0,mb,Drake Passage
2025-10-11T17:02:46.758Z,7.124,127.1868,13.591,4.5,mb,"70 km ESE of Santiago, Philippines"
2025-10-11T16:25:04.119Z,13.8613,39.7802,10.0,4.5,mb,"52 km NE of Mek'ele, Ethiopia"
2025-10-11T16:18:25.614Z,13.8064,39.8822,10.0,5.6,mww,"55 km NE of Mek'ele, Ethiopia"
2025-10-11T16:01:59.301Z,13.8273,39.9344,10.0,5.2,mww,"61 km NE of Mek'ele, Ethiopia"
2025-10-11T15:04:05.721Z,-6.1681,149.9136,54.478,4.7,mb,"40 km E of Kandrian, Papua New Guinea"
2025-10-11T14:56:53.865Z,-31.5795,-178.113,10.0,4.9,mb,Kermadec Islands region
2025-10-11T14:53:55.773Z,31.1703,71.0285,10.0,4.6,mb,"9 km SE of Karor, Pakistan"
2025-10-11T14:32:59.312Z,8.9231,126.323,67.657,6.0,mww,"3 km ESE of Bacolod, Philippines"
2025-10-11T13:54:59.318Z,10.5323,125.0956,209.062,4.5,mb,"7 km W of Silago, Philippines"
2025-10-11T13:51:18.731Z,51.0212,-179.8061,35.0,4.5,mb,"240 km WSW of Adak, Alaska"
2025-10-11T13:07:59.404Z,-56.2675,-26.4357,44.856,5.6,mb,South Sandwich Islands region
2025-10-11T12:47:44.213Z,6.8587,127.0432,56.7,4.5,mb,"67 km ESE of San Ignacio, Philippines"
2025-10-11T12:25:56.543Z,50.2419,156.7337,48.0,5.8,mww,"64 km SE of Severo-Kuril’sk, Russia"
2025-10-11T10:27:20.842Z,7.2849,126.8271,31.0,5.5,mww,"28 km E of Santiago, Philippines"
2025-10-11T09:57:16.322Z,51.7476,160.2983,10.0,4.5,mb,"184 km SE of Vilyuchinsk, Russia"
2025-10-11T09:42:06.903Z,-60.2192,-61.5746,10.0,4.6,mb,Drake Passage
2025-10-11T09:32:13.084Z,15.2256,120.4215,126.217,5.0,mb,"11 km S of Santa Juliana, Philippines"
2025-10-11T08:35:22.463Z,-3.1216,148.4702,10.0,4.9,mb,"179 km SE of Lorengau, Papua New Guinea"
2025-10-11T08:06:44.303Z,-56.2003,-26.3886,51.03,5.5,mb,South Sandwich Islands region
2025-10-11T07:02:34.774Z,7.1153,126.9212,60.928,4.6,mb,"42 km ESE of Santiago, Philippines"
2025-10-11T03:35:24.224Z,7.128,126.8718,35.0,4.5,mb,"37 km ESE of Santiago, Philippines"
2025-10-11T03:30:33.489Z,36.4648,141.2847,35.0,4.5,mb,"58 km ESE of Takahagi, Japan"
2025-10-11T03:28:17.356Z,7.3415,127.3082,10.0,4.6,mb,"80 km E of Baculin, Philippines"
2025-10-11T03:22:01.003Z,30.3738,138.5037,433.883,4.8,mb,"Izu Islands, Japan region"
2025-10-11T03:18:16.154Z,27.0929,103.5002,10.0,5.2,mb,"32 km SW of Zhaotong, China"
2025-10-11T03:13:01.102Z,2.0301,127.9871,102.214,4.5,mb,"33 km N of Tobelo, Indonesia"
2025-10-11T03:08:44.747Z,53.2897,159.6701,75.086,5.7,mb,"74 km ENE of Petropavlovsk-Kamchatsky, Russia"
2025-10-11T02:39:03.668Z,-23.6168,179.4271,568.898,4.5,mb,south of the Fiji Islands
2025-10-11T01:16:35.152Z,6.9645,126.8824,65.492,4.7,mb,"46 km ESE of San Ignacio, Philippines"
2025-10-11T00:46:16.270Z,-60.227,-61.8465,10.0,4.7,mb,Drake Passage
2025-10-11T00:32:21.310Z,-60.0063,-62.7255,10.0,4.5,mb,Drake Passage
2025-10-10T23:54:42.120Z,-59.7954,-61.7163,10.0,4.6,mb,Drake Passage
2025-10-10T23:09:04.172Z,-60.2981,-62.0072,10.0,4.6,mb,Drake Passage
2025-10-10T23:00:38.196Z,-59.9445,-62.0278,10.0,4.7,mb,Drake Passage
2025-10-10T22:35:06.397Z,6.5928,127.2854,10.0,4.5,mb,"105 km ESE of Jovellar, Philippines"
2025-10-10T22:20:47.659Z,7.3896,127.0323,10.0,5.0,mb,"49 km E of Baculin, Philippines"
2025-10-10T22:09:48.346Z,-60.075,-62.4621,10.0,4.8,mb,Drake Passage
2025-10-10T21:34:22.633Z,-60.0705,-62.4539,10.0,5.4,mb,Drake Passage
2025-10-10T21:28:42.322Z,-60.0663,-62.3619,10.0,5.7,mb,Drake Passage
2025-10-10T21:13:47.768Z,-59.9755,-61.6371,10.0,5.0,mb,Drake Passage
2025-10-10T21:00:01.659Z,-60.0289,-62.6546,10.0,4.6,mb,Drake Passage
2025-10-10T20:51:38.250Z,-60.3848,-62.2424,10.0,4.9,mb,Drake Passage
2025-10-10T20:40:13.545Z,7.1416,127.2749,12.944,4.8,mb,"79 km ESE of Santiago, Philippines"
2025-10-10T20:29:20.075Z,-60.1875,-61.8164,5.639,7.6,mww,Drake Passage
2025-10-10T20:11:53.881Z,-13.7044,-72.7506,10.0,4.6,mb,"16 km ESE of Abancay, Peru"
2025-10-10T19:37:02.593Z,6.8808,126.9341,60.081,4.6,mb,"55 km ESE of San Ignacio, Philippines"
2025-10-10T19:06:41.710Z,7.3264,127.3499,15.686,4.5,mb,"85 km E of Baculin, Philippines"
2025-10-10T18:58:08.125Z,7.2316,127.2814,17.369,4.6,mb,"78 km E of Santiago, Philippines"
2025-10-10T18:22:23.069Z,7.3345,126.9573,80.329,4.5,mb,"42 km E of Santiago, Philippines"
2025-10-10T18:17:56.821Z,7.0629,126.8262,68.937,4.6,mb,"35 km ESE of Manay, Philippines"
2025-10-10T18:15:21.919Z,7.033,126.8861,59.313,4.7,mb,"43 km ESE of Manay, Philippines"
2025-10-10T17:24:35.132Z,6.8464,127.1456,28.659,4.6,mb,"78 km ESE of Manay, Philippines"
2025-10-10T16:54:30.367Z,17.4805,122.2981,10.0,4.7,mb,"45 km NNW of Dicabisagan, Philippines"
2025-10-10T16:30:46.078Z,7.378,126.6698,66.115,4.6,mb,"12 km ENE of Caraga, Philippines"
2025-10-10T16:10:33.949Z,3.7923,126.6283,52.392,4.5,mb,"220 km SE of Sarangani, Philippines"
2025-10-10T14:55:19.378Z,7.3415,127.3826,10.0,4.5,mb,"88 km E of Baculin, Philippines"
2025-10-10T13:21:13.153Z,27.2004,103.5081,10.0,4.9,mb,"24 km WSW of Zhaotong, China"
2025-10-10T13:19:49.403Z,65.8441,-37.7453,10.0,4.7,mb,"26 km N of Tasiilaq, Greenland"
2025-10-10T13:13:32.530Z,7.3532,127.2542,10.0,4.9,mb,"74 km E of Baculin, Philippines"
2025-10-10T13:03:58.243Z,7.4316,127.1295,10.0,4.9,mb,"60 km E of Baculin, Philippines"
2025-10-10T12:49:38.214Z,7.0351,127.1939,10.0,5.1,mb,"74 km ESE of Santiago, Philippines"
2025-10-10T12:36:22.999Z,7.3364,127.0845,10.0,4.9,mb,"56 km E of Santiago, Philippines"
2025-10-10T12:26:10.673Z,-55.2178,-29.0227,10.0,4.9,mb,South Sandwich Islands region
2025-10-10T12:01:09.710Z,7.3513,127.4086,10.0,4.9,mb,"91 km E of Baculin, Philippines"
2025-10-10T11:48:00.739Z,11.5731,141.6391,10.0,5.1,mb,"234 km NNE of Fais, Micronesia"
2025-10-10T11:47:34.926Z,7.3002,127.1685,10.0,4.8,mb,"65 km E of Santiago, Philippines"
2025-10-10T11:29:41.459Z,51.5003,160.671,10.0,4.5,mb,"222 km SE of Vilyuchinsk, Russia"
2025-10-10T11:25:36.189Z,11.6193,141.6188,10.0,4.8,mb,"237 km NNE of Fais, Micronesia"
2025-10-10T11:16:01.408Z,50.3065,156.5865,66.9,5.6,mb,"52 km SE of Severo-Kuril’sk, Russia"
2025-10-10T11:12:05.407Z,7.2127,126.6578,47.0,6.7,mww,"12 km SE of Santiago, Philippines"
2025-10-10T11:08:43.812Z,7.4288,127.2696,10.0,4.5,mb,"75 km E of Baculin, Philippines"
2025-10-10T11:00:28.713Z,7.2233,127.4282,10.0,4.5,mb,"94 km E of Santiago, Philippines"
2025-10-10T10:20:32.735Z,7.147,126.8402,64.234,5.0,mb,"33 km ESE of Santiago, Philippines"
2025-10-10T10:02:51.532Z,-7.0057,129.5203,159.477,5.4,mb,"Kepulauan Babar, Indonesia"
2025-10-10T10:01:02.246Z,7.234,127.0011,64.971,5.1,mb,"47 km E of Santiago, Philippines"
2025-10-10T09:46:28.918Z,-33.7911,-178.5098,10.0,4.6,mb,south of the Kermadec Islands
2025-10-10T09:43:40.712Z,11.4783,141.6121,10.0,5.4,mww,"223 km NNE of Fais, Micronesia"
2025-10-10T09:43:31.962Z,7.0462,126.9375,62.913,5.2,mb,"47 km ESE of Manay, Philippines"
2025-10-10T09:06:42.920Z,7.2614,126.9935,77.33,4.9,mb,"46 km E of Santiago, Philippines"
2025-10-10T08:39:27.267Z,7.2537,126.7561,83.196,4.5,mb,"20 km E of Santiago, Philippines"
2025-10-10T07:38:43.854Z,7.0967,126.9094,69.917,4.8,mb,"42 km ESE of Santiago, Philippines"
2025-10-10T07:24:10.705Z,7.0926,126.901,62.976,5.2,mb,"42 km ESE of Manay, Philippines"
2025-10-10T07:16:01.490Z,7.1583,127.0591,57.386,4.7,mb,"55 km ESE of Santiago, Philippines"
2025-10-10T06:35:09.645Z,4.982,94.6883,60.668,4.5,mb,"94 km SW of Banda Aceh, Indonesia"
2025-10-10T06:32:25.036Z,6.9117,126.7893,72.923,4.9,mb,"40 km SE of San Ignacio, Philippines"
2025-10-10T06:27:16.861Z,13.1878,-87.852,171.484,4.6,mb,"13 km S of Conchagua, El Salvador"
2025-10-10T06:09:51.984Z,-5.1276,133.8264,10.0,4.6,mb,"131 km ENE of Tual, Indonesia"
2025-10-10T06:06:23.913Z,7.18,126.9502,66.934,4.9,mb,"43 km ESE of Santiago, Philippines"
2025-10-10T05:51:46.273Z,-3.3009,149.0342,10.0,4.8,mb,"211 km WSW of Kavieng, Papua New Guinea"
2025-10-10T05:48:55.559Z,6.8332,126.9556,73.342,5.1,mb,"60 km ESE of San Ignacio, Philippines"
2025-10-10T05:47:45.974Z,6.8257,127.1219,58.864,5.2,mb,"77 km ESE of San Ignacio, Philippines"
2025-10-10T05:46:39.784Z,-3.22,148.9694,10.0,5.1,mb,"215 km WSW of Kavieng, Papua New Guinea"
2025-10-10T05:42:09.311Z,54.4864,-160.146,32.103,4.6,mb,"97 km SSE of Sand Point, Alaska"
2025-10-10T05:25:02.975Z,-2.1214,101.9667,180.669,4.5,mb,"64 km E of Sungai Penuh, Indonesia"
2025-10-10T04:46:34.300Z,7.0282,126.8129,86.178,4.5,mb,"36 km SE of Manay, Philippines"
2025-10-10T03:53:53.436Z,7.3,126.8057,61.538,4.8,mb,"25 km E of Santiago, Philippines"
2025-10-10T03:32:16.463Z,7.073,126.8243,72.22,5.5,mb,"35 km ESE of Manay, Philippines"
2025-10-10T03:23:06.380Z,7.1713,126.8099,81.491,4.9,mb,"29 km ESE of Santiago, Philippines"
2025-10-10T03:17:12.028Z,7.0448,126.811,89.635,4.8,mb,"35 km ESE of Manay, Philippines"
2025-10-10T03:10:15.456Z,6.9211,127.1224,35.0,4.9,mb,"72 km ESE of Manay, Philippines"
2025-10-10T03:01:53.233Z,-7.2941,102.6093,10.0,4.8,mb,"southwest of Sumatra, Indonesia"
2025-10-10T02:36:18.118Z,-3.4207,148.8309,10.0,4.6,mb,"231 km SE of Lorengau, Papua New Guinea"
2025-10-10T02:34:02.306Z,7.088,126.5977,91.061,4.6,mb,"12 km ESE of San Ignacio, Philippines"
2025-10-10T02:15:27.515Z,7.3879,126.8149,71.064,4.9,mb,"26 km ESE of Baculin, Philippines"
2025-10-10T02:15:06.489Z,-24.2133,-177.1467,149.568,4.9,mb,south of the Fiji Islands
2025-10-10T02:11:45.318Z,7.0145,126.7102,67.847,5.6,mb,"27 km ESE of San Ignacio, Philippines"
2025-10-10T02:11:27.315Z,7.1728,126.9407,58.939,4.8,mb,"42 km ESE of Santiago, Philippines"
2025-10-10T02:09:18.271Z,6.9385,126.922,71.363,4.6,mb,"51 km ESE of San Ignacio, Philippines"
2025-10-10T02:08:10.652Z,-3.0764,147.9714,10.0,6.3,mww,"139 km SE of Lorengau, Papua New Guinea"
2025-10-10T02:00:51.063Z,7.0236,126.7129,86.703,4.5,mb,"26 km ESE of San Ignacio, Philippines"
2025-10-10T01:51:15.525Z,7.0654,126.8348,63.43,5.9,mb,"36 km ESE of Manay, Philippines"
2025-10-10T01:50:38.743Z,7.2686,126.7211,68.117,5.3,mb,"16 km E of Santiago, Philippines"
2025-10-10T01:49:46.916Z,6.9709,126.7077,81.914,5.3,mb,"29 km SE of San Ignacio, Philippines"
2025-10-10T01:43:59.585Z,7.2866,126.6902,59.425,7.4,mww,"12 km E of Santiago, Philippines"
2025-10-10T00:23:55.995Z,18.5245,93.682,10.0,4.8,mb,"165 km WSW of Pyay, Burma (Myanmar)"
2025-10-09T21:01:47.543Z,-62.9467,-157.8567,10.0,4.6,mb,Pacific-Antarctic Ridge
2025-10-09T20:10:42.059Z,-3.7295,142.0765,26.072,4.6,mb,"72 km SSW of Aitape, Papua New Guinea"
2025-10-09T20:08:45.389Z,-15.3106,167.5238,144.522,4.8,mb,"45 km ENE of Luganville, Vanuatu"
2025-10-09T15:24:00.073Z,51.4435,159.1498,25.927,4.6,mb,"173 km SSE of Vilyuchinsk, Russia"
2025-10-09T15:03:00.142Z,-52.2527,14.3795,10.0,5.4,mb,southwest of Africa
2025-10-09T14:52:15.637Z,-20.746,-178.7006,600.135,4.5,mb,Fiji region
2025-10-09T14:45:07.086Z,-52.099,14.4853,10.0,5.1,mb,southwest of Africa
2025-10-09T13:28:44.543Z,51.6683,158.2328,56.51,6.1,mww,"121 km E of Ozernovskiy, Russia"
2025-10-09T13:22:52.334Z,-33.9048,-178.86,10.0,5.1,mb,south of the Kermadec Islands
2025-10-09T12:02:26.204Z,-60.1812,-47.4192,10.0,4.6,mb,Scotia Sea
2025-10-09T05:34:22.886Z,30.8371,99.9943,10.0,4.5,mb,"201 km N of Daocheng, China"
2025-10-09T05:17:40.662Z,30.8826,99.8979,10.0,5.5,mww,"208 km N of Daocheng, China"
2025-10-09T02:30:19.978Z,16.1256,120.6539,10.0,4.7,mb,"7 km NNW of Guiset East, Philippines"
2025-10-09T02:05:46.451Z,-17.8401,167.764,35.0,4.6,mb,"59 km W of Port-Vila, Vanuatu"
2025-10-09T01:12:31.270Z,-13.0448,166.3041,14.444,4.5,mb,"163 km NW of Sola, Vanuatu"
2025-10-09T00:27:05.138Z,-19.2913,168.7825,14.851,4.5,mb,"59 km WNW of Isangel, Vanuatu"
2025-10-08T23:59:30.582Z,-52.3658,14.5581,10.0,4.6,mb,southwest of Africa
2025-10-08T23:54:14.446Z,19.8745,121.273,25.101,4.6,mb,"96 km SW of Basco, Philippines"
2025-10-08T23:54:07.168Z,39.2779,29.0756,14.878,4.9,mww,"17 km WSW of Emet, Turkey"
2025-10-08T19:26:41.791Z,53.1046,160.1326,58.789,4.6,mb,"100 km E of Petropavlovsk-Kamchatsky, Russia"
2025-10-08T18:39:38.505Z,52.8525,159.1009,77.125,4.9,mb,"39 km SE of Petropavlovsk-Kamchatsky, Russia"
2025-10-08T17:49:05.058Z,-23.3204,171.4504,10.0,4.5,mb,southeast of the Loyalty Islands
2025-10-08T11:58:06.263Z,13.8974,-92.0185,36.506,4.6,mb,"45 km SSW of Champerico, Guatemala"
2025-10-08T10:16:18.201Z,13.7787,-92.0833,10.0,5.0,mww,"59 km SSW of Champerico, Guatemala"
2025-10-08T10:02:58.376Z,-23.4268,170.8657,10.0,4.6,mb,southeast of the Loyalty Islands
2025-10-08T08:53:32.374Z,51.0138,157.2677,83.555,4.6,mb,"75 km SE of Ozernovskiy, Russia"
2025-10-08T08:09:03.677Z,-4.2717,102.1788,52.473,4.9,mb,"52 km S of Bengkulu, Indonesia"
2025-10-08T05:21:16.052Z,-5.5332,152.3009,10.0,4.5,mb,"131 km S of Kokopo, Papua New Guinea"
2025-10-08T05:20:34.711Z,-0.5857,128.0874,10.0,4.7,mb,"67 km E of Labuha, Indonesia"
2025-10-08T03:50:46.776Z,-57.744,-24.2683,10.0,5.6,mww,South Sandwich Islands region
2025-10-08T02:33:49.482Z,53.3625,161.0232,35.0,4.5,mb,"163 km E of Petropavlovsk-Kamchatsky, Russia"
2025-10-08T00:54:08.307Z,53.3544,160.9044,36.877,4.6,mb,"155 km E of Petropavlovsk-Kamchatsky, Russia"
2025-10-07T23:52:12.499Z,23.9447,121.5836,10.0,5.1,mb,"4 km SSW of Hualien City, Taiwan"
2025-10-07T23:23:19.568Z,52.2578,159.4085,55.346,4.5,mb,"101 km SE of Vilyuchinsk, Russia"
2025-10-07T23:00:06.594Z,-15.9688,-75.4697,10.0,4.5,mb,"74 km SSW of San Juan, Peru"
2025-10-07T22:36:17.688Z,-15.5734,168.1814,10.0,5.7,mww,"100 km ENE of Norsup, Vanuatu"
2025-10-07T21:38:37.225Z,29.2241,129.3659,10.0,5.3,mww,"88 km NNW of Tatsugō, Japan"
2025-10-07T15:11:46.498Z,-33.7203,-178.7744,10.0,4.7,mb,south of the Kermadec Islands
2025-10-07T12:10:26.134Z,-6.4239,146.8437,47.489,4.6,mb,"37 km NNW of Lae, Papua New Guinea"
2025-10-07T11:35:28.903Z,37.2837,69.6738,10.0,5.1,mb,"20 km SSE of Yangī Qal‘ah, Afghanistan"
2025-10-07T11:05:17.136Z,-6.7359,146.8404,98.0,6.6,mww,"17 km W of Lae, Papua New Guinea"
2025-10-07T10:10:57.847Z,17.8001,40.1464,10.0,4.6,mb,"223 km W of Ad Darb, Saudi Arabia"
2025-10-07T06:52:14.947Z,18.7861,-46.1404,10.0,4.6,mb,northern Mid-Atlantic Ridge
2025-10-07T05:10:52.988Z,27.3577,127.3827,132.756,4.5,mb,"69 km WNW of Iheya, Japan"
2025-10-07T04:55:50.027Z,10.1544,126.4282,42.521,4.9,mb,"45 km ENE of Santa Monica, Philippines"
2025-10-07T04:14:03.511Z,5.5018,126.3808,94.639,4.9,mb,"93 km ESE of Caburan, Philippines"
2025-10-07T02:58:31.436Z,45.1009,149.5681,88.928,4.7,mb,"133 km E of Kuril’sk, Russia"
2025-10-07T01:42:51.876Z,37.7023,144.0108,10.0,4.6,mb,"239 km ESE of Onagawa Chō, Japan"
2025-10-07T01:17:17.017Z,37.692,144.136,10.0,4.7,mb,"250 km ESE of Onagawa Chō, Japan"
2025-10-07T00:54:15.218Z,-29.6809,-177.2747,35.0,4.7,mb,"Kermadec Islands, New Zealand"
2025-10-07T00:30:24.878Z,37.5736,141.2916,57.767,5.1,mww,"27 km ENE of Namie, Japan"
2025-10-07T00:03:59.537Z,10.025,122.1956,10.0,4.9,mww,"28 km WNW of Linaon, Philippines"
2025-10-06T23:58:12.151Z,3.3731,127.3749,35.616,4.7,mb,"195 km NNW of Tobelo, Indonesia"
2025-10-06T22:19:28.354Z,-45.609,-77.4545,10.0,4.5,mb,"Off the coast of Aisen, Chile"
2025-10-06T19:59:41.039Z,51.4898,159.6164,28.205,4.9,mb,"180 km SSE of Vilyuchinsk, Russia"
2025-10-06T18:25:05.141Z,37.855,144.1509,10.0,4.7,mb,"245 km ESE of Onagawa Chō, Japan"
2025-10-06T17:22:44.324Z,52.4099,160.3388,20.568,5.0,mb,"136 km ESE of Petropavlovsk-Kamchatsky, Russia"
2025-10-06T17:11:07.675Z,-8.0884,148.55,44.315,4.9,mb,"82 km NNE of Popondetta, Papua New Guinea"
2025-10-06T16:26:52.918Z,37.8218,144.3154,10.0,4.5,mb,"260 km ESE of Onagawa Chō, Japan"
2025-10-06T16:11:55.611Z,-55.9869,-123.8004,10.0,4.5,mb,southern East Pacific Rise
2025-10-06T14:57:59.910Z,37.692,144.1293,10.0,4.9,mb,"249 km ESE of Onagawa Chō, Japan"
2025-10-06T14:20:26.108Z,37.7919,144.1058,11.08,4.9,mb,"244 km ESE of Onagawa Chō, Japan"
2025-10-06T12:08:42.490Z,-21.1011,175.5205,581.934,5.6,mww,south of the Fiji Islands
2025-10-06T11:26:56.592Z,-22.2626,-179.5415,603.486,4.5,mb,south of the Fiji Islands
2025-10-06T10:13:59.075Z,43.9808,13.3879,10.0,4.9,mb,"30 km NE of Marotta, Italy"
2025-10-06T10:11:57.927Z,0.8821,92.7848,10.0,4.8,mb,off the west coast of northern Sumatra
2025-10-06T06:57:37.239Z,53.2307,160.8716,35.0,4.7,mb,"151 km E of Petropavlovsk-Kamchatsky, Russia"
2025-10-06T06:36:41.500Z,49.1392,156.1917,74.573,4.5,mb,"170 km S of Severo-Kuril’sk, Russia"
2025-10-06T06:25:43.649Z,0.9388,126.2358,35.0,4.6,mb,"128 km W of Ternate, Indonesia"
2025-10-06T05:59:09.013Z,-32.1903,-178.7721,27.978,4.9,mb,south of the Kermadec Islands
2025-10-06T05:10:03.525Z,13.3398,-44.6913,10.0,5.0,mb,northern Mid-Atlantic Ridge
2025-10-06T01:27:31.919Z,14.7132,147.2185,10.0,4.8,mb,"166 km ESE of Saipan, Northern Mariana Islands"
2025-10-06T01:21:43.131Z,44.605,149.1421,35.0,4.6,mb,"121 km SE of Kuril’sk, Russia"
2025-10-05T23:18:08.366Z,50.2399,156.8558,57.734,4.5,mb,"70 km SE of Severo-Kuril’sk, Russia"
2025-10-05T22:42:28.544Z,43.4049,155.14,10.0,4.5,mb,North Pacific Ocean
2025-10-05T22:18:29.110Z,-20.6707,-175.1802,97.824,4.6,mb,"51 km N of Nuku‘alofa, Tonga"
2025-10-05T21:50:10.487Z,2.1987,127.078,57.06,4.8,mb,"115 km WNW of Tobelo, Indonesia"
2025-10-05T20:28:59.271Z,42.1582,71.2883,10.0,4.9,mww,"46 km NNE of Kanysh-Kyya, Kyrgyzstan"
2025-10-05T19:39:23.954Z,-23.4303,179.0358,559.959,4.6,mb,south of the Fiji Islands
2025-10-05T19:23:17.988Z,-3.9128,151.3523,10.0,5.1,mb,"95 km WNW of Rabaul, Papua New Guinea"
2025-10-05T18:28:45.552Z,14.904,108.1502,10.0,4.7,mww,"48 km S of Trà My, Vietnam"
2025-10-05T17:23:38.742Z,4.6048,125.008,10.0,4.9,mb,"101 km SSW of Sarangani, Philippines"
2025-10-05T17:10:23.663Z,51.4156,159.6442,10.0,4.8,mww,"188 km SSE of Vilyuchinsk, Russia"
2025-10-05T16:01:30.805Z,51.4361,159.5026,35.0,5.0,mb,"182 km SSE of Vilyuchinsk, Russia"
2025-10-05T15:08:54.631Z,51.4563,159.6253,16.453,5.0,mww,"184 km SSE of Vilyuchinsk, Russia"
2025-10-05T14:32:01.117Z,-30.5725,-178.1479,89.964,5.0,mww,"Kermadec Islands, New Zealand"
2025-10-05T14:30:36.504Z,71.1097,-7.8105,10.0,4.6,mb,"39 km ENE of Olonkinbyen, Svalbard and Jan Mayen"
2025-10-05T13:29:27.416Z,30.2805,66.145,10.0,4.9,mb,"76 km SSW of Chaman, Pakistan"
2025-10-05T12:57:11.512Z,53.2472,159.8401,68.333,4.6,mb,"83 km ENE of Petropavlovsk-Kamchatsky, Russia"
2025-10-05T12:01:22.142Z,71.2081,-7.832,10.0,4.8,mb,"45 km NE of Olonkinbyen, Svalbard and Jan Mayen"
2025-10-05T11:20:05.363Z,61.4109,-140.4896,12.151,4.6,mwr,"129 km E of McCarthy, Alaska"
2025-10-05T11:00:02.912Z,-0.3936,125.2219,40.671,4.6,mb,"127 km SE of Modisi, Indonesia"
2025-10-05T10:30:06.652Z,3.5734,127.9185,143.192,4.7,mb,"204 km N of Tobelo, Indonesia"
2025-10-05T09:08:15.062Z,71.2347,-7.8738,10.0,5.2,mww,"46 km NE of Olonkinbyen, Svalbard and Jan Mayen"
2025-10-05T05:53:16.653Z,53.2862,159.8009,60.403,5.1,mww,"82 km ENE of Petropavlovsk-Kamchatsky, Russia"
2025-10-05T04:45:41.059Z,48.8248,155.9886,10.0,4.5,mb,"206 km S of Severo-Kuril’sk, Russia"
2025-10-05T04:25:23.487Z,-8.3941,148.9013,66.558,4.9,mb,"84 km ENE of Popondetta, Papua New Guinea"
2025-10-05T02:49:06.145Z,11.1466,124.1035,10.0,4.5,mb,"8 km ESE of Calape, Philippines"
2025-10-05T02:22:38.888Z,51.8378,159.4512,52.802,5.0,mb,"140 km SSE of Vilyuchinsk, Russia"
2025-10-05T01:45:43.770Z,18.1246,119.8944,10.0,5.1,mb,"62 km WNW of Pagsanahan Norte, Philippines"
2025-10-05T01:40:56.994Z,52.3274,161.0499,10.0,4.5,mb,"183 km ESE of Petropavlovsk-Kamchatsky, Russia"
2025-10-05T01:34:30.366Z,48.8345,156.441,17.479,5.1,mww,"205 km S of Severo-Kuril’sk, Russia"
2025-10-05T01:16:45.741Z,51.9532,159.9244,44.555,4.5,mb,"150 km SE of Vilyuchinsk, Russia"
2025-10-04T23:42:15.420Z,7.3775,-78.0484,10.0,4.5,mb,"20 km SE of Jaqué, Panama"
2025-10-04T21:08:45.771Z,10.5436,-84.9311,10.0,4.7,mb,"9 km NNE of Tilarán, Costa Rica"
2025-10-04T20:31:03.053Z,10.575,92.8178,58.539,4.5,mb,"120 km S of Port Blair, India"
2025-10-04T20:30:53.798Z,-35.5931,-104.0645,10.0,4.9,mb,southeast of Easter Island
2025-10-04T20:27:22.639Z,-25.0419,-70.5012,41.399,4.5,mwr,"40 km N of Taltal, Chile"
2025-10-04T19:53:46.159Z,-41.0706,81.0764,10.0,4.7,mb,Mid-Indian Ridge
2025-10-04T19:32:43.646Z,-41.223,80.6611,10.0,4.5,mb,Mid-Indian Ridge
2025-10-04T18:50:54.262Z,-18.6178,-177.9971,530.181,4.9,mb,"290 km ESE of Levuka, Fiji"
2025-10-04T18:01:45.413Z,9.2996,125.3861,10.0,4.5,mb,"15 km WSW of Jabonga, Philippines"
2025-10-04T17:43:52.970Z,52.6959,161.0926,23.229,4.6,mb,"170 km ESE of Petropavlovsk-Kamchatsky, Russia"
2025-10-04T17:38:01.617Z,51.6378,160.0753,10.0,5.2,mww,"183 km SE of Vilyuchinsk, Russia"
2025-10-04T17:29:27.328Z,28.2707,64.1769,40.876,4.5,mb,"72 km SSW of Dalbandin, Pakistan"
2025-10-04T15:21:10.042Z,37.4213,141.5524,54.164,5.9,mww,"48 km ENE of Tomioka, Japan"
2025-10-04T13:12:43.929Z,51.3888,161.0745,10.0,4.5,mb,"250 km SE of Petropavlovsk-Kamchatsky, Russia"
2025-10-04T09:50:16.855Z,10.8819,123.8845,10.0,4.6,mb,"2 km SSW of Maravilla, Philippines"
2025-10-04T09:41:18.029Z,10.9009,123.9271,10.0,5.0,mb,"3 km E of Maravilla, Philippines"
2025-10-04T09:02:03.232Z,8.3588,-103.8947,10.0,5.5,mww,northern East Pacific Rise
2025-10-04T07:31:11.783Z,6.2706,-82.7069,10.0,4.5,mb,"195 km S of Burica, Panama"
2025-10-04T07:24:25.543Z,45.6434,151.3687,44.634,4.5,mb,"277 km E of Kuril’sk, Russia"
2025-10-04T04:40:12.152Z,51.5661,159.8085,10.0,4.6,mb,"179 km SSE of Vilyuchinsk, Russia"
2025-10-04T02:35:07.126Z,-59.5911,-26.2155,58.179,4.6,mb,South Sandwich Islands region
2025-10-04T02:34:48.945Z,48.4089,154.165,82.888,4.6,mb,"289 km SSW of Severo-Kuril’sk, Russia"
2025-10-04T01:57:17.458Z,51.7133,159.8842,10.0,4.6,mb,"168 km SE of Vilyuchinsk, Russia"
2025-10-04T01:56:50.405Z,-1.6228,99.6909,37.364,4.6,mb,"46 km NNE of Tuapejat, Indonesia"
2025-10-03T23:42:17.745Z,10.2691,126.4581,34.022,4.9,mb,"53 km ENE of Santa Monica, Philippines"
2025-10-03T23:13:10.298Z,51.4,159.3712,35.0,4.5,mb,"182 km SSE of Vilyuchinsk, Russia"
2025-10-03T23:02:44.336Z,9.2951,126.4547,39.783,4.6,mb,"29 km E of Cortes, Philippines"
2025-10-03T22:57:18.769Z,51.4208,159.4621,34.596,4.5,mb,"182 km SSE of Vilyuchinsk, Russia"
2025-10-03T22:52:41.496Z,51.6346,159.4151,38.24,4.9,mb,"159 km SSE of Vilyuchinsk, Russia"
2025-10-03T20:38:41.565Z,-4.2743,152.6823,62.317,4.7,mb,"46 km E of Kokopo, Papua New Guinea"
2025-10-03T20:36:00.976Z,51.5181,159.8462,17.814,5.2,mww,"185 km SSE of Vilyuchinsk, Russia"
2025-10-03T20:29:31.831Z,28.3293,64.1317,41.877,4.9,mb,"67 km SSW of Dalbandin, Pakistan"
2025-10-03T19:50:40.978Z,51.6694,159.5667,23.546,4.6,mb,"161 km SSE of Vilyuchinsk, Russia"
2025-10-03T19:22:03.299Z,-10.466,161.2937,72.158,4.7,mb,"68 km W of Kirakira, Solomon Islands"
2025-10-03T18:12:33.257Z,-19.3445,169.4247,255.669,4.7,mb,"26 km NE of Isangel, Vanuatu"
2025-10-03T18:12:23.553Z,-10.8595,165.5733,35.0,4.7,mb,"28 km WSW of Lata, Solomon Islands"
2025-10-03T18:08:22.365Z,52.1311,158.6807,87.443,4.8,mb,"90 km SSE of Vilyuchinsk, Russia"
2025-10-03T17:45:56.147Z,51.8781,159.5286,63.249,4.5,mb,"139 km SSE of Vilyuchinsk, Russia"
2025-10-03T16:29:02.057Z,51.6595,159.753,10.0,4.7,mb,"168 km SSE of Vilyuchinsk, Russia"
2025-10-03T16:26:52.666Z,-33.5996,-178.5892,15.196,5.2,mb,south of the Kermadec Islands
2025-10-03T16:24:10.943Z,1.9937,126.618,46.143,4.6,mb,"157 km W of Tobelo, Indonesia"
2025-10-03T16:18:06.335Z,51.8472,159.4575,59.483,5.0,mb,"140 km SSE of Vilyuchinsk, Russia"
2025-10-03T16:14:02.600Z,51.8908,160.0848,10.0,4.7,mb,"162 km SE of Vilyuchinsk, Russia"
2025-10-03T16:13:38.189Z,52.0477,158.9287,10.0,4.7,mb,"104 km SSE of Vilyuchinsk, Russia"
2025-10-03T16:12:50.212Z,51.2849,160.1205,10.0,4.8,mb,"217 km SSE of Vilyuchinsk, Russia"
2025-10-03T16:11:13.536Z,51.7655,160.5687,10.0,4.9,mb,"195 km SE of Petropavlovsk-Kamchatsky, Russia"
2025-10-03T16:09:14.656Z,51.2975,159.674,10.0,5.0,mb,"201 km SSE of Vilyuchinsk, Russia"
2025-10-03T16:07:44.844Z,51.6275,159.9083,19.0,6.1,mww,"177 km SE of Vilyuchinsk, Russia"
2025-10-03T15:16:01.079Z,45.4798,151.4646,38.589,5.1,mb,"282 km E of Kuril’sk, Russia"
2025-10-03T15:02:52.166Z,14.0921,145.3085,129.456,4.7,mb,"76 km NE of Yigo Village, Guam"
2025-10-03T14:59:24.980Z,13.5318,-61.2471,139.248,4.8,mb,"26 km N of Chateaubelair, Saint Vincent and the Grenadines"
2025-10-03T14:51:21.176Z,-9.3275,159.6151,48.813,4.5,mb,"38 km WNW of Honiara, Solomon Islands"
2025-10-03T14:26:36.182Z,52.5602,159.2722,50.646,4.7,mb,"70 km SE of Petropavlovsk-Kamchatsky, Russia"
2025-10-03T11:03:19.368Z,-3.0811,101.266,61.92,5.1,mb,"114 km S of Sungai Penuh, Indonesia"
2025-10-03T10:27:23.558Z,54.4343,165.77,10.0,4.6,mb,"288 km SE of Ust’-Kamchatsk Staryy, Russia"
2025-10-03T09:14:12.502Z,49.5402,-28.3373,10.0,4.5,mb,northern Mid-Atlantic Ridge
2025-10-03T06:58:46.132Z,52.1774,160.103,32.47,4.5,mb,"140 km SE of Petropavlovsk-Kamchatsky, Russia"
2025-10-03T06:20:20.881Z,37.3914,141.0693,73.977,4.6,mb,"7 km NE of Tomioka, Japan"
2025-10-03T06:18:29.071Z,-2.9038,136.2918,10.0,4.9,mb,"101 km ENE of Nabire, Indonesia"
2025-10-03T06:16:38.083Z,52.0812,160.2479,16.495,5.3,mww,"155 km SE of Petropavlovsk-Kamchatsky, Russia"
2025-10-03T06:02:38.284Z,-3.033,136.2627,10.0,5.1,mww,"92 km ENE of Nabire, Indonesia"
2025-10-03T04:53:18.930Z,-2.9284,136.3199,10.0,4.6,mb,"102 km ENE of Nabire, Indonesia"
2025-10-03T04:23:43.220Z,28.2717,-43.944,10.0,4.9,mb,northern Mid-Atlantic Ridge
2025-10-03T04:17:51.706Z,28.2537,-43.7754,10.0,5.1,mb,northern Mid-Atlantic Ridge
2025-10-03T03:55:52.189Z,1.5682,122.9767,10.0,4.6,mb,"114 km N of Gorontalo, Indonesia"
2025-10-03T03:48:03.240Z,35.5223,139.9827,106.374,4.5,mb,"9 km W of Ichihara, Japan"
2025-10-03T02:43:57.455Z,-24.0238,-175.2311,10.0,5.2,mb,"298 km S of ‘Ohonua, Tonga"
2025-10-03T02:32:09.973Z,27.037,111.492,10.0,4.6,mb,"22 km S of Shaoyang, China"
2025-10-03T02:20:20.184Z,47.0041,153.0548,46.818,4.6,mb,Kuril Islands
2025-10-03T01:59:21.993Z,51.3272,158.5545,40.888,4.6,mb,"144 km E of Ozernovskiy, Russia"
2025-10-03T00:21:26.116Z,1.9897,-102.1989,10.0,4.8,mb,Galapagos Triple Junction region
2025-10-02T22:45:05.092Z,-3.1055,136.3208,10.0,5.3,mww,"95 km ENE of Nabire, Indonesia"
2025-10-02T21:39:55.817Z,11.0024,124.2384,10.0,5.3,mww,"16 km WSW of Palompon, Philippines"
2025-10-02T21:39:42.436Z,-5.481,151.806,47.426,4.5,mb,"135 km SSW of Kokopo, Papua New Guinea"
2025-10-02T21:37:57.993Z,-27.0643,-63.3875,559.2,5.7,mww,"15 km WSW of El Hoyo, Argentina"
2025-10-02T20:35:04.521Z,33.8719,52.9715,10.0,5.0,mww,"78 km NE of Ardestān, Iran"
2025-10-02T18:23:57.078Z,52.8477,161.1145,10.0,4.9,mb,"168 km E of Petropavlovsk-Kamchatsky, Russia"
2025-10-02T18:11:54.767Z,51.5988,159.9383,10.0,4.7,mb,"181 km SE of Vilyuchinsk, Russia"
2025-10-02T17:36:31.083Z,-22.836,171.1579,10.0,4.7,mb,southeast of the Loyalty Islands
2025-10-02T16:43:56.180Z,-14.4123,65.9865,10.0,4.5,mb,Mid-Indian Ridge
2025-10-02T15:55:27.330Z,37.9075,144.0712,10.0,4.5,mb,"237 km ESE of Onagawa Chō, Japan"
2025-10-02T14:44:51.852Z,-15.732,-171.3705,10.0,4.6,mb,"165 km SSW of Vailoatai, American Samoa"
2025-10-02T14:00:32.115Z,-15.2005,167.4934,156.967,5.0,mb,"48 km ESE of Port-Olry, Vanuatu"
2025-10-02T11:55:03.928Z,40.7641,27.9515,10.0,5.0,mww,"22 km S of Marmara Ereğlisi, Turkey"
2025-10-02T11:39:57.103Z,51.602,159.7578,10.0,4.6,mb,"174 km SSE of Vilyuchinsk, Russia"
2025-10-02T11:23:10.814Z,34.9601,104.6772,10.0,4.6,mb,"16 km NNW of Hualin, China"
2025-10-02T10:43:56.217Z,-30.6076,-71.8337,25.0,5.4,mww,"60 km W of Ovalle, Chile"
2025-10-02T10:21:48.181Z,11.2248,124.0851,10.0,4.7,mb,"3 km SE of Talisay, Philippines"
2025-10-02T09:35:01.129Z,52.2949,160.6674,10.0,4.7,mb,"162 km ESE of Petropavlovsk-Kamchatsky, Russia"
2025-10-02T08:50:14.102Z,51.2193,159.4062,40.937,4.6,mb,"202 km SSE of Vilyuchinsk, Russia"
2025-10-02T08:12:06.462Z,58.6208,-30.981,10.0,4.6,mb,Reykjanes Ridge
2025-10-02T08:06:55.822Z,19.9514,121.3212,10.0,4.7,mb,"87 km SW of Basco, Philippines"
2025-10-02T07:13:49.062Z,57.63,-155.4025,3.9,4.6,ml,"57 km W of Karluk, Alaska"
2025-10-02T02:01:27.925Z,10.7212,123.692,10.0,4.5,mb,"11 km WNW of Santa Nino, Philippines"
2025-10-02T01:37:19.125Z,51.6154,160.1319,10.0,4.5,mb,"187 km SE of Vilyuchinsk, Russia"
2025-10-01T19:26:13.384Z,33.4025,142.3802,10.0,4.5,mb,"271 km SE of Katsuura, Japan"
2025-10-01T17:40:53.379Z,38.0037,143.8548,10.0,4.5,mb,"216 km ESE of Onagawa Chō, Japan"
2025-10-01T17:06:08.163Z,58.8008,-31.4532,10.0,4.9,mb,Reykjanes Ridge
2025-10-01T16:45:46.941Z,58.8913,-31.5493,10.0,4.8,mww,Reykjanes Ridge
2025-10-01T16:34:02.828Z,11.203,124.0679,10.0,4.7,mb,"3 km ENE of Bagay, Philippines"
2025-10-01T16:05:49.726Z,48.2839,154.3139,53.519,4.7,mb,"296 km SSW of Severo-Kuril’sk, Russia"
2025-10-01T14:46:58.066Z,10.9333,124.1065,10.0,5.1,mww,"10 km SE of Anonang, Philippines"
2025-10-01T14:27:44.047Z,11.0423,123.8836,10.0,4.5,mb,"6 km W of Maño, Philippines"
2025-10-01T14:26:06.595Z,53.1058,160.1384,54.452,4.5,mb,"101 km E of Petropavlovsk-Kamchatsky, Russia"
2025-10-01T13:49:49.750Z,-7.322,128.3436,146.835,5.6,mww,"199 km NE of Lospalos, Timor Leste"
2025-10-01T13:03:03.596Z,10.8473,123.9065,10.0,4.8,mww,"3 km E of Tabonok, Philippines"
2025-10-01T12:21:28.598Z,58.8296,-31.3641,10.0,4.7,mww,Reykjanes Ridge
2025-10-01T11:59:30.042Z,11.3109,-86.9375,35.0,4.9,mww,"70 km SW of Masachapa, Nicaragua"
2025-10-01T07:49:00.044Z,10.9745,123.8122,10.0,4.6,mb,"11 km NW of Maravilla, Philippines"
2025-10-01T06:20:59.184Z,-24.8059,-13.5075,10.0,4.6,mb,southern Mid-Atlantic Ridge
2025-10-01T03:31:56.609Z,-8.2166,118.1282,174.854,4.8,mb,"51 km NW of Dompu, Indonesia"
2025-10-01T02:35:36.413Z,17.0167,-85.6812,10.0,4.6,mww,"65 km NNE of Savannah Bight, Honduras"
2025-10-01T02:13:02.628Z,-6.7181,144.0785,10.0,4.7,mb,"49 km S of Ialibu, Papua New Guinea"
2025-09-30T23:29:53.887Z,-30.6419,-177.583,9.38,5.2,mww,"Kermadec Islands, New Zealand"
2025-09-30T23:01:07.911Z,11.1563,123.9487,10.0,4.5,mb,"1 km S of Antipolo, Philippines"
2025-09-30T20:20:10.912Z,11.0619,124.216,10.0,4.6,mb,"18 km W of Palompon, Philippines"
2025-09-30T19:46:05.010Z,-5.6574,-11.5415,10.0,4.7,mb,Ascension Island region
2025-09-30T19:30:28.236Z,11.137,123.9683,10.0,4.7,mb,"1 km NE of Medellin, Philippines"
2025-09-30T18:40:02.713Z,11.1638,124.1068,10.0,4.6,mb,"8 km E of Calape, Philippines"
2025-09-30T18:15:26.237Z,-24.5474,179.7944,549.705,4.5,mb,south of the Fiji Islands
2025-09-30T17:50:30.104Z,-23.1971,-175.1895,10.0,5.1,mb,"206 km S of ‘Ohonua, Tonga"
2025-09-30T16:49:43.533Z,-7.2032,114.1844,19.498,6.0,mww,"31 km ESE of Kalianget, Indonesia"
2025-09-30T16:48:53.565Z,10.9489,124.1902,9.929,4.7,mb,"18 km ESE of Anonang, Philippines"
2025-09-30T16:43:08.150Z,51.6152,159.8164,29.223,5.0,mb,"175 km SSE of Vilyuchinsk, Russia"
2025-09-30T16:34:32.976Z,11.1529,124.24,10.0,4.9,mb,"17 km WSW of Villaba, Philippines"
2025-09-30T16:31:44.648Z,11.2615,124.0555,10.0,4.5,mb,"1 km S of Maya, Philippines"
2025-09-30T16:04:39.475Z,10.8902,123.9522,10.0,4.6,mb,"2 km SW of Ilihan, Philippines"
2025-09-30T16:01:51.128Z,10.7493,123.9835,10.0,4.7,mb,"1 km W of Sogod, Philippines"
2025-09-30T15:59:03.167Z,11.1155,124.2808,10.0,4.5,mb,"13 km W of Tagbubungang Diot, Philippines"
2025-09-30T15:04:08.062Z,-18.4104,167.9108,10.0,4.9,mb,"85 km SSW of Port-Vila, Vanuatu"
2025-09-30T14:52:55.957Z,11.0538,124.0366,10.0,4.5,mb,"0 km W of Nailong, Philippines"
2025-09-30T14:39:39.100Z,10.9951,124.0141,10.0,5.0,mb,"1 km S of Guadalupe, Philippines"
2025-09-30T14:32:59.959Z,11.0714,124.0458,10.0,5.0,mb,"2 km NNE of Nailong, Philippines"
2025-09-30T14:24:35.000Z,11.0827,124.3483,10.0,4.6,mb,"5 km NW of Palompon, Philippines"
2025-09-30T14:17:10.804Z,11.1307,124.1963,10.0,4.8,mb,"18 km ESE of Calape, Philippines"
2025-09-30T14:15:58.396Z,11.0043,124.0449,10.0,5.2,mb,"1 km ENE of Anonang, Philippines"
2025-09-30T14:14:30.729Z,11.1771,124.0974,10.0,4.9,mb,"6 km E of Calape, Philippines"
2025-09-30T14:12:58.412Z,11.2131,124.1111,10.0,5.2,mb,"7 km ESE of Talisay, Philippines"
2025-09-30T14:08:05.552Z,11.0233,123.9682,10.0,5.1,mb,"3 km SE of Maño, Philippines"
2025-09-30T14:06:40.102Z,10.8114,123.6127,10.0,4.8,mb,"5 km ESE of Libertad, Philippines"
2025-09-30T13:59:43.328Z,11.1557,124.111,10.0,6.9,mww,"8 km ESE of Calape, Philippines"
2025-09-30T13:53:29.967Z,52.6084,160.6588,29.872,4.8,mb,"145 km ESE of Petropavlovsk-Kamchatsky, Russia"
2025-09-30T13:18:11.513Z,-2.6383,138.8898,65.572,4.8,mb,"193 km W of Abepura, Indonesia"
2025-09-30T11:06:21.244Z,9.8894,-70.9702,10.0,4.5,mb,"6 km NW of Mene Grande, Venezuela"
2025-09-30T10:52:59.744Z,46.6326,153.0254,35.0,4.5,mb,Kuril Islands
2025-09-30T10:24:49.212Z,18.2252,145.7732,181.387,4.5,mb,"Pagan region, Northern Mariana Islands"
2025-09-30T10:03:11.894Z,36.9307,21.6114,30.643,4.5,mb,"7 km WNW of Pýlos, Greece"
2025-09-30T05:53:46.915Z,-8.2789,107.265,35.0,4.5,mb,"121 km S of Banjar, Indonesia"
2025-09-30T05:16:01.990Z,53.0363,161.0657,30.991,4.8,mb,"163 km E of Petropavlovsk-Kamchatsky, Russia"
2025-09-30T00:40:03.656Z,24.6798,94.7389,93.408,4.9,mb,"69 km E of Wāngjing, India"
2025-09-30T00:33:23.051Z,8.846,-39.9278,10.0,4.6,mb,central Mid-Atlantic Ridge
2025-09-29T22:48:55.474Z,-5.2422,151.7219,78.563,5.0,mb,"116 km SSW of Kokopo, Papua New Guinea"
2025-09-29T22:30:15.681Z,-8.2455,107.3798,35.0,4.6,mb,"116 km S of Banjar, Indonesia"
2025-09-29T22:07:23.711Z,52.9637,159.9446,42.0,5.5,mww,"89 km E of Petropavlovsk-Kamchatsky, Russia"
2025-09-29T17:28:04.469Z,37.9653,144.0844,10.0,4.6,mb,"237 km ESE of Onagawa Chō, Japan"
2025-09-29T15:19:02.450Z,-5.8589,146.5567,103.86,4.9,mb,"90 km ENE of Kainantu, Papua New Guinea"
2025-09-29T13:05:13.363Z,52.2122,160.634,16.666,4.5,mb,"165 km SE of Petropavlovsk-Kamchatsky, Russia"
2025-09-29T12:21:57.445Z,-13.6265,167.1364,224.993,4.5,mb,"52 km WNW of Sola, Vanuatu"
2025-09-29T09:36:59.143Z,-58.0205,-25.2757,35.0,4.5,mb,South Sandwich Islands region
2025-09-29T08:46:42.627Z,53.0468,159.5216,73.927,4.7,mb,"59 km E of Petropavlovsk-Kamchatsky, Russia"
2025-09-29T05:57:42.019Z,-20.9296,-173.148,10.0,5.0,mb,"176 km SE of Pangai, Tonga"
2025-09-29T05:42:36.212Z,9.0498,-84.049,26.424,4.5,mwr,"43 km SSE of Quepos, Costa Rica"
2025-09-29T05:00:57.057Z,-58.0191,-25.0111,35.0,4.6,mb,South Sandwich Islands region
2025-09-29T03:00:14.931Z,5.936,125.905,120.417,4.6,mb,"25 km ESE of Mangili, Philippines"
2025-09-29T01:33:04.463Z,-30.6884,-178.1748,44.899,4.7,mb,"Kermadec Islands, New Zealand"
2025-09-29T01:08:47.776Z,53.6353,160.3412,61.718,4.8,mb,"130 km ENE of Petropavlovsk-Kamchatsky, Russia"
2025-09-28T22:48:30.654Z,39.3784,29.0045,10.0,4.6,mwr,"22 km W of Emet, Turkey"
2025-09-28T21:23:51.219Z,24.3467,123.3229,57.98,4.5,mwr,"35 km ESE of Yonakuni, Japan"
2025-09-28T18:41:23.414Z,-11.687,166.3288,68.03,5.2,mww,"121 km SSE of Lata, Solomon Islands"
2025-09-28T17:21:20.435Z,-2.186,139.7404,27.907,4.5,mb,"109 km WNW of Abepura, Indonesia"
2025-09-28T14:44:24.080Z,52.6705,160.6648,51.875,4.5,mb,"144 km ESE of Petropavlovsk-Kamchatsky, Russia"
2025-09-28T14:25:17.642Z,53.0113,160.7563,38.57,5.0,mb,"142 km E of Petropavlovsk-Kamchatsky, Russia"
2025-09-28T14:05:00.471Z,50.9034,157.1358,82.018,4.5,mb,"75 km ENE of Severo-Kuril’sk, Russia"
2025-09-28T09:59:16.543Z,39.238,28.9377,10.0,5.2,mww,"16 km NNW of Simav, Turkey"
2025-09-28T08:53:01.242Z,-23.8765,178.8114,573.583,5.5,mww,south of the Fiji Islands
2025-09-28T05:25:43.609Z,-21.1444,-68.6911,117.987,4.6,mb,"46 km W of Ollagüe, Chile"
2025-09-28T02:37:24.164Z,49.96,155.9994,86.744,4.6,mb,"80 km S of Severo-Kuril’sk, Russia"
2025-09-28T01:36:38.460Z,37.8141,144.1232,10.0,4.5,mb,"244 km ESE of Onagawa Chō, Japan"
2025-09-27T23:29:02.854Z,37.7406,144.1271,10.0,4.5,mb,"247 km ESE of Onagawa Chō, Japan"
2025-09-27T22:17:56.992Z,-41.1081,-91.2308,10.0,4.9,mb,southeast of Easter Island
2025-09-27T22:12:49.601Z,43.5197,-127.2051,10.0,5.1,mww,"231 km W of Bandon, Oregon"
2025-09-27T20:25:01.432Z,34.9228,104.6734,10.0,4.6,mb,"12 km NNW of Hualin, China"
2025-09-27T18:39:21.026Z,-56.8896,-142.2559,10.0,4.5,mb,Pacific-Antarctic Ridge
2025-09-27T18:01:15.264Z,-4.7059,145.6568,10.405,4.5,mb,"58 km NNW of Madang, Papua New Guinea"
2025-09-27T14:02:48.231Z,-7.3522,128.1259,162.077,4.6,mb,"179 km NE of Lospalos, Timor Leste"
2025-09-27T13:37:17.571Z,37.6699,144.22,10.0,4.8,mb,"258 km ESE of Onagawa Chō, Japan"
2025-09-27T13:02:29.320Z,14.4579,146.8575,10.0,4.9,mb,"144 km ESE of San Jose Village, Northern Mariana Islands"
2025-09-27T12:47:03.016Z,14.481,146.9836,10.0,4.6,mb,"155 km ESE of Saipan, Northern Mariana Islands"
2025-09-27T11:50:19.891Z,-26.3068,71.787,10.0,4.5,mb,Mid-Indian Ridge
2025-09-27T10:28:16.544Z,23.5455,142.5787,57.979,4.5,mb,"Volcano Islands, Japan region"
2025-09-27T10:25:15.255Z,53.6022,160.1487,51.891,4.6,mb,"117 km ENE of Petropavlovsk-Kamchatsky, Russia"
2025-09-27T09:49:27.469Z,-19.6435,169.0822,127.736,5.0,mb,"23 km WSW of Isangel, Vanuatu"
2025-09-27T09:29:10.348Z,-2.9308,129.5978,20.9,4.5,mb,"80 km ENE of Masohi, Indonesia"
2025-09-27T09:08:55.147Z,-2.9387,129.4774,19.328,5.1,mb,"69 km NE of Masohi, Indonesia"
2025-09-27T08:30:23.409Z,-6.6825,132.2214,10.0,4.6,mb,"130 km SSW of Tual, Indonesia"
2025-09-27T08:10:48.598Z,-13.6974,166.7322,33.0,5.5,mww,"90 km WNW of Sola, Vanuatu"
2025-09-27T07:25:00.704Z,49.1839,157.9858,10.0,5.1,mb,"212 km SE of Severo-Kuril’sk, Russia"
2025-09-27T07:17:13.507Z,-17.4331,167.6873,10.0,4.9,mb,"74 km WNW of Port-Vila, Vanuatu"
2025-09-27T04:06:08.416Z,51.0899,159.4185,10.0,4.5,mb,"208 km ESE of Ozernovskiy, Russia"
2025-09-27T04:02:08.891Z,51.253,159.3271,26.563,4.7,mb,"197 km SSE of Vilyuchinsk, Russia"
2025-09-27T02:31:37.688Z,-20.594,-178.6689,614.565,4.6,mb,Fiji region
2025-09-27T00:19:44.317Z,52.6927,160.608,30.025,4.5,mb,"139 km ESE of Petropavlovsk-Kamchatsky, Russia"
2025-09-26T22:28:47.754Z,34.9428,104.6648,10.0,4.9,mb,"15 km NNW of Hualin, China"
2025-09-26T22:28:24.274Z,34.9872,104.603,10.0,4.7,mb,"22 km NW of Hualin, China"
2025-09-26T21:49:58.787Z,34.9197,104.589,10.0,5.2,mww,"18 km NW of Hualin, China"
2025-09-26T19:29:23.657Z,53.1416,160.1562,53.071,5.0,mb,"102 km E of Petropavlovsk-Kamchatsky, Russia"
2025-09-26T19:08:14.697Z,-14.6963,167.3546,120.692,4.5,mb,"48 km NE of Port-Olry, Vanuatu"
2025-09-26T16:09:37.136Z,85.0643,9.0273,10.0,4.6,mb,north of Svalbard
2025-09-26T14:55:02.906Z,-5.5947,104.3749,10.0,4.6,mb,"99 km W of Bandar Lampung, Indonesia"
2025-09-26T14:48:14.999Z,11.6158,140.7343,47.872,4.7,mb,"205 km N of Fais, Micronesia"
2025-09-26T13:44:49.372Z,-14.5097,-73.6093,88.454,4.5,mb,"36 km S of Pampachiri, Peru"
2025-09-26T13:36:51.180Z,50.4351,156.4906,76.983,4.5,mb,"37 km SE of Severo-Kuril’sk, Russia"
2025-09-26T11:52:44.705Z,79.4721,-17.4967,10.0,4.9,mb,eastern Greenland
2025-09-26T11:51:13.421Z,-16.6946,-173.5112,38.319,4.8,mb,"87 km SSE of Hihifo, Tonga"
2025-09-26T11:46:58.603Z,37.6449,144.2525,10.0,4.5,mb,"261 km ESE of Onagawa Chō, Japan"
2025-09-26T10:34:30.231Z,37.8687,144.0451,10.0,4.6,mb,"236 km ESE of Onagawa Chō, Japan"
2025-09-26T08:20:33.227Z,52.2664,160.2345,35.0,4.7,mb,"140 km SE of Petropavlovsk-Kamchatsky, Russia"
2025-09-26T07:49:07.037Z,53.1209,160.1547,54.757,4.6,mb,"102 km E of Petropavlovsk-Kamchatsky, Russia"
2025-09-26T06:45:28.067Z,43.4524,-127.3203,10.0,5.9,mww,"239 km W of Bandon, Oregon"
2025-09-26T06:32:33.959Z,-15.0755,-173.558,10.0,5.1,mb,"100 km NNE of Hihifo, Tonga"
2025-09-26T05:34:00.386Z,-31.262,-176.8567,10.0,4.6,mb,Kermadec Islands region
2025-09-26T03:17:25.867Z,36.4699,70.9099,200.933,4.7,mb,"44 km S of Jurm, Afghanistan"
2025-09-26T02:51:05.495Z,51.5974,159.499,35.0,4.8,mb,"166 km SSE of Vilyuchinsk, Russia"
2025-09-26T02:41:31.119Z,-15.6368,167.9734,139.138,4.6,mb,"77 km NE of Norsup, Vanuatu"
2025-09-26T02:39:09.230Z,-15.2575,-73.3321,87.16,4.9,mb,"8 km SSE of Lampa, Peru"
2025-09-26T00:21:31.074Z,6.7494,-72.9982,166.636,4.5,mb,"2 km WSW of Cepitá, Colombia"
2025-09-25T23:22:37.003Z,51.3345,159.5784,10.0,5.0,mb,"194 km SSE of Vilyuchinsk, Russia"
2025-09-25T23:16:52.037Z,-20.1733,169.0959,49.94,5.4,mww,"72 km SSW of Isangel, Vanuatu"
2025-09-25T23:13:33.345Z,51.6074,158.6189,35.0,4.6,mb,"147 km E of Ozernovskiy, Russia"
2025-09-25T23:05:59.251Z,51.5668,159.5697,35.0,4.8,mb,"171 km SSE of Vilyuchinsk, Russia"
2025-09-25T22:48:09.212Z,12.6852,125.2951,35.0,4.6,mb,"19 km NNE of Cabatuan, Philippines"
2025-09-25T22:38:38.906Z,51.2104,159.6003,10.0,4.6,mb,"208 km SSE of Vilyuchinsk, Russia"
2025-09-25T21:11:06.024Z,17.6947,-94.2824,182.557,4.7,mb,"27 km S of Cuichapa, Mexico"
2025-09-25T21:06:50.521Z,-23.0953,-67.9696,155.337,4.6,mb,"31 km SE of San Pedro de Atacama, Chile"
2025-09-25T20:59:03.286Z,-32.6051,-178.3589,10.0,4.6,mb,south of the Kermadec Islands
2025-09-25T20:05:24.801Z,52.3516,160.0326,41.261,4.7,mb,"123 km SE of Petropavlovsk-Kamchatsky, Russia"
2025-09-25T18:11:43.774Z,-19.5368,-69.3111,108.677,5.3,mww,"27 km SSE of Camiña, Chile"
2025-09-25T18:02:46.223Z,51.6311,159.6573,31.749,4.9,mb,"168 km SSE of Vilyuchinsk, Russia"
2025-09-25T17:59:35.861Z,-47.4197,-13.2132,10.0,5.2,mb,southern Mid-Atlantic Ridge
2025-09-25T17:02:09.520Z,-47.3231,-13.5011,10.0,5.1,mb,southern Mid-Atlantic Ridge
2025-09-25T17:01:00.816Z,30.9515,140.0817,10.041,4.6,mb,"Izu Islands, Japan region"
2025-09-25T15:34:16.943Z,53.0989,160.7333,29.64,4.7,mb,"141 km E of Petropavlovsk-Kamchatsky, Russia"
2025-09-25T11:40:29.933Z,51.4243,-174.3873,15.999,4.5,mb,"86 km S of Atka, Alaska"
2025-09-25T11:28:22.661Z,9.9307,-70.7656,20.305,4.5,mb,"19 km ENE of Mene Grande, Venezuela"
2025-09-25T10:21:20.343Z,18.0806,-105.9027,10.0,5.3,mww,"175 km SW of Emiliano Zapata, Mexico"
2025-09-25T10:16:24.902Z,17.9793,-105.8786,10.0,5.7,mww,"183 km SSW of Emiliano Zapata, Mexico"
2025-09-25T10:02:37.984Z,52.2495,160.1122,46.225,4.9,mb,"135 km SE of Petropavlovsk-Kamchatsky, Russia"
2025-09-25T09:59:51.395Z,52.0856,160.2343,35.0,5.2,mb,"154 km SE of Petropavlovsk-Kamchatsky, Russia"
2025-09-25T09:30:13.490Z,53.0744,160.8581,10.0,4.7,mb,"149 km E of Petropavlovsk-Kamchatsky, Russia"
2025-09-25T09:04:11.319Z,-7.8439,114.4692,10.0,5.2,mww,"17 km NNE of Wongsorejo, Indonesia"
2025-09-25T08:53:37.644Z,-9.9392,154.9354,10.0,5.1,mww,"291 km SW of Gizo, Solomon Islands"
2025-09-25T08:42:29.155Z,11.657,141.975,69.685,5.1,mb,"262 km NE of Fais, Micronesia"
2025-09-25T06:55:38.881Z,9.8621,-70.7516,12.195,5.3,mww,"19 km E of Mene Grande, Venezuela"
2025-09-25T06:04:15.925Z,51.8525,158.5231,88.695,4.5,mb,"120 km S of Vilyuchinsk, Russia"
2025-09-25T05:31:07.578Z,52.7253,161.0937,35.0,4.5,mb,"170 km ESE of Petropavlovsk-Kamchatsky, Russia"
2025-09-25T04:24:14.330Z,9.825,-70.7393,10.0,4.5,mb,"20 km E of Mene Grande, Venezuela"
2025-09-25T03:54:22.826Z,-9.9264,154.9737,10.0,5.0,mww,"287 km SW of Gizo, Solomon Islands"
2025-09-25T03:51:39.565Z,9.9355,-70.7081,14.0,6.3,mww,"25 km ENE of Mene Grande, Venezuela"
2025-09-25T02:42:37.878Z,9.7941,-70.7163,10.0,4.9,mww,"23 km ESE of Mene Grande, Venezuela"
2025-09-25T02:42:14.536Z,43.2155,146.4408,61.011,4.5,mb,"68 km SSW of Shikotan, Russia"
2025-09-25T02:27:57.244Z,9.605,126.1838,10.0,4.7,mb,"18 km SSE of Union, Philippines"
2025-09-25T00:14:28.920Z,37.7701,144.1904,10.0,4.6,mb,"251 km ESE of Onagawa Chō, Japan"
2025-09-24T22:52:14.775Z,9.9265,-70.8178,10.0,4.6,mb,"14 km NE of Mene Grande, Venezuela"
2025-09-24T22:33:10.557Z,9.9192,-70.6755,10.0,4.9,mb,"28 km ENE of Mene Grande, Venezuela"
2025-09-24T22:21:55.716Z,9.8668,-70.8781,9.0,6.2,mww,"5 km ENE of Mene Grande, Venezuela"
2025-09-24T22:15:56.283Z,53.2351,161.1971,29.913,4.6,mb,"172 km E of Petropavlovsk-Kamchatsky, Russia"
2025-09-24T14:53:16.216Z,-4.1858,142.5218,115.962,4.9,mww,"33 km W of Ambunti, Papua New Guinea"
2025-09-24T13:36:29.955Z,-58.0427,-25.4355,69.412,5.1,mb,South Sandwich Islands region
2025-09-24T12:58:22.236Z,2.0682,96.6309,26.827,4.5,mb,"53 km SSE of Sinabang, Indonesia"
2025-09-24T09:32:32.141Z,37.1381,69.1917,10.0,4.5,mb,"2 km ENE of Dasht-e Archī, Afghanistan"
2025-09-24T09:19:54.349Z,-54.5726,-118.9566,10.0,4.7,mb,southern East Pacific Rise
2025-09-24T08:42:26.629Z,51.4024,159.5171,10.0,4.6,mb,"186 km SSE of Vilyuchinsk, Russia"
2025-09-24T08:36:06.682Z,6.3533,94.2208,59.396,4.6,mb,"131 km WNW of Sabang, Indonesia"
2025-09-24T07:09:53.200Z,-40.9829,-86.9533,10.0,4.6,mb,West Chile Rise
2025-09-24T07:05:04.515Z,56.354,-156.5619,44.5,4.6,ml,"114 km E of Chignik, Alaska"
2025-09-24T06:13:32.929Z,51.5075,159.7317,10.0,4.9,mb,"182 km SSE of Vilyuchinsk, Russia"
2025-09-24T05:06:21.672Z,-22.1056,-68.9843,102.419,4.7,mb,"39 km N of Calama, Chile"
2025-09-24T05:00:21.419Z,52.1047,160.6536,10.0,4.5,mb,"173 km SE of Petropavlovsk-Kamchatsky, Russia"
2025-09-24T04:56:59.027Z,-23.8212,-69.1051,104.136,5.2,mww,"132 km E of Antofagasta, Chile"
2025-09-23T22:27:50.888Z,39.2156,28.0869,27.155,4.6,mww,"8 km WSW of Sındırgı, Turkey"
2025-09-23T22:03:50.873Z,3.8907,127.1954,42.911,4.5,mb,"254 km SE of Sarangani, Philippines"
2025-09-23T21:52:15.004Z,11.898,-89.3433,10.0,5.0,mww,"175 km SSW of Puerto El Triunfo, El Salvador"
2025-09-23T21:27:02.042Z,49.8013,155.779,82.136,4.5,mb,"100 km SSW of Severo-Kuril’sk, Russia"
2025-09-23T20:35:03.837Z,51.654,159.2124,35.504,4.6,mb,"152 km SSE of Vilyuchinsk, Russia"
2025-09-23T19:56:45.064Z,-17.2084,-174.6589,206.544,4.5,mb,"166 km SSW of Hihifo, Tonga"
2025-09-23T19:54:41.517Z,-9.6123,119.5807,67.743,4.9,mb,"42 km ESE of Tambolaka, Indonesia"
2025-09-23T17:39:19.799Z,-15.7737,-75.2969,12.0,5.6,mww,"47 km SSW of San Juan, Peru"
2025-09-23T17:26:32.368Z,51.5085,159.3931,35.0,4.6,mb,"172 km SSE of Vilyuchinsk, Russia"
2025-09-23T17:15:21.996Z,53.1767,159.5028,73.319,4.6,mb,"59 km ENE of Petropavlovsk-Kamchatsky, Russia"
2025-09-23T17:08:15.065Z,28.8164,128.5836,147.312,4.5,mb,"85 km NW of Uken, Japan"
2025-09-23T17:08:10.810Z,-6.4048,128.4207,352.561,4.8,mb,"281 km NE of Lospalos, Timor Leste"
2025-09-23T16:45:25.610Z,-62.2292,-154.8408,10.0,4.5,mb,Pacific-Antarctic Ridge
2025-09-23T16:18:07.264Z,51.5242,159.3836,33.65,4.5,mb,"170 km SSE of Vilyuchinsk, Russia"
2025-09-23T16:00:26.870Z,51.5538,159.2515,47.371,4.5,mb,"163 km SSE of Vilyuchinsk, Russia"
2025-09-23T15:54:09.300Z,51.7212,159.2214,57.292,4.6,mb,"145 km SSE of Vilyuchinsk, Russia"
2025-09-23T12:44:38.519Z,-31.5242,-178.5902,65.3,5.2,mww,Kermadec Islands region
2025-09-23T10:50:33.281Z,34.6248,70.6489,10.0,4.9,mb,"28 km NE of Jalālābād, Afghanistan"
2025-09-23T09:40:18.260Z,51.2969,159.6096,10.0,4.6,mb,"199 km SSE of Vilyuchinsk, Russia"
2025-09-23T06:25:26.886Z,38.0774,-30.7808,10.0,5.2,mww,"148 km SSE of Lajes das Flores, Portugal"
2025-09-23T06:19:45.746Z,52.795,160.1798,35.0,5.0,mb,"108 km ESE of Petropavlovsk-Kamchatsky, Russia"
2025-09-23T05:36:33.685Z,-58.7722,-25.3301,33.942,5.1,mb,South Sandwich Islands region
2025-09-23T03:36:49.520Z,-40.1528,-74.99,18.248,5.2,mww,"136 km WSW of Corral, Chile"
2025-09-23T01:20:36.378Z,2.8968,95.3365,10.0,5.1,mb,"124 km WNW of Sinabang, Indonesia"
2025-09-22T22:09:28.816Z,-65.6088,-176.4487,10.0,4.6,mb,Pacific-Antarctic Ridge
2025-09-22T21:51:34.178Z,36.4089,142.5801,10.0,4.5,mb,"167 km ESE of Iwaki, Japan"
2025-09-22T21:42:04.701Z,12.0875,-88.4631,10.0,4.5,mb,"130 km SSW of Chirilagua, El Salvador"
2025-09-22T21:29:14.148Z,-19.5761,-69.4112,104.739,4.5,mb,"29 km S of Camiña, Chile"
2025-09-22T20:48:23.319Z,-8.8757,-75.7111,122.573,4.6,mb,"55 km W of San Alejandro, Peru"
2025-09-22T20:33:00.465Z,19.0218,121.416,45.416,4.6,mb,"52 km NNE of Namuac, Philippines"
2025-09-22T20:11:46.813Z,51.6817,159.1515,35.0,4.5,mb,"148 km SSE of Vilyuchinsk, Russia"
2025-09-22T19:41:02.266Z,51.5139,159.5939,10.0,4.9,mb,"177 km SSE of Vilyuchinsk, Russia"
2025-09-22T19:31:35.353Z,51.2698,159.6813,10.0,4.5,mb,"204 km SSE of Vilyuchinsk, Russia"
2025-09-22T19:23:35.227Z,51.4367,159.4866,31.169,4.5,mb,"182 km SSE of Vilyuchinsk, Russia"
2025-09-22T19:06:29.172Z,51.7951,159.2957,35.0,4.6,mb,"140 km SSE of Vilyuchinsk, Russia"
2025-09-22T18:46:39.476Z,-15.7324,-75.1923,19.376,5.1,mb,"40 km S of San Juan, Peru"
2025-09-22T18:46:30.745Z,51.4799,159.5694,22.135,5.3,mww,"180 km SSE of Vilyuchinsk, Russia"
2025-09-22T18:38:36.807Z,-15.9789,-75.4902,10.0,4.6,mb,"76 km SSW of San Juan, Peru"
2025-09-22T18:31:53.036Z,-5.9761,130.804,122.091,5.0,mb,"219 km W of Tual, Indonesia"
2025-09-22T18:18:53.733Z,51.5235,159.4482,17.0,5.6,mww,"172 km SSE of Vilyuchinsk, Russia"
2025-09-22T17:51:47.909Z,51.5933,159.6433,49.853,4.6,mb,"171 km SSE of Vilyuchinsk, Russia"
2025-09-22T17:13:41.569Z,51.5961,159.4372,22.899,5.1,mww,"164 km SSE of Vilyuchinsk, Russia"
2025-09-22T16:45:04.283Z,82.025,89.1723,10.0,4.5,mb,north of Severnaya Zemlya
2025-09-22T16:32:15.120Z,51.7025,159.1251,60.521,5.1,mb,"145 km SSE of Vilyuchinsk, Russia"
2025-09-22T16:29:56.307Z,52.8786,161.0827,10.0,5.1,mb,"166 km E of Petropavlovsk-Kamchatsky, Russia"
2025-09-22T16:28:54.550Z,51.5296,159.5182,17.0,5.5,mww,"173 km SSE of Vilyuchinsk, Russia"
2025-09-22T15:18:13.084Z,14.1197,-92.9129,10.0,4.5,mb,"85 km SW of Puerto Madero, Mexico"
2025-09-22T14:24:09.003Z,18.6883,-106.5503,10.0,5.4,mww,"180 km SW of José María Morelos, Mexico"
2025-09-22T13:42:52.785Z,49.1377,156.1835,70.426,4.5,mb,"171 km S of Severo-Kuril’sk, Russia"
2025-09-22T11:56:32.825Z,10.6395,-86.5681,10.0,4.6,mb,"88 km WNW of Tamarindo, Costa Rica"
2025-09-22T11:30:26.448Z,-15.5806,-69.1962,260.68,4.5,mb,"27 km ESE of Putina, Peru"
2025-09-22T08:43:41.438Z,52.9804,161.3015,10.0,4.9,mb,"179 km E of Petropavlovsk-Kamchatsky, Russia"
2025-09-22T08:05:24.363Z,51.3983,159.5843,21.636,4.7,mb,"188 km SSE of Vilyuchinsk, Russia"
2025-09-22T07:55:49.497Z,51.5061,159.5535,35.0,4.9,mb,"176 km SSE of Vilyuchinsk, Russia"
2025-09-22T07:43:20.349Z,53.0514,161.5388,10.0,4.5,mb,"195 km E of Petropavlovsk-Kamchatsky, Russia"
2025-09-22T06:47:14.335Z,-6.6166,129.9257,139.142,4.7,mb,Banda Sea
2025-09-22T06:44:40.455Z,52.578,160.2078,35.0,4.5,mb,"119 km ESE of Petropavlovsk-Kamchatsky, Russia"
2025-09-22T06:03:35.766Z,39.1541,33.1999,10.0,4.7,mb,"12 km ENE of Kulu, Turkey"
2025-09-22T05:46:05.978Z,-22.5647,170.5517,10.0,4.9,mb,"297 km ESE of Tadine, New Caledonia"
2025-09-22T04:29:25.631Z,52.3719,159.9605,67.484,4.7,mb,"118 km SE of Petropavlovsk-Kamchatsky, Russia"
2025-09-22T03:59:10.135Z,11.9582,142.1961,35.0,5.1,mb,south of the Mariana Islands
2025-09-22T03:10:41.770Z,31.7458,110.9449,10.389,4.5,mb,"12 km E of Yangri, China"
2025-09-22T02:20:24.012Z,-58.8466,-25.3979,35.0,4.5,mb,South Sandwich Islands region
2025-09-22T02:11:17.539Z,7.7691,122.019,10.0,4.6,mb,"14 km WNW of Siocon, Philippines"
2025-09-22T01:20:01.419Z,40.3032,24.131,12.19,4.9,mww,"10 km WNW of Karyes, Greece"
2025-09-21T22:50:53.012Z,52.81,161.0671,26.364,4.6,mb,"166 km E of Petropavlovsk-Kamchatsky, Russia"
2025-09-21T21:54:36.018Z,51.572,157.9773,79.269,4.5,mb,"102 km E of Ozernovskiy, Russia"
2025-09-21T21:05:46.760Z,39.1842,28.1095,10.0,5.1,mww,"8 km SW of Sındırgı, Turkey"
2025-09-21T20:17:56.883Z,6.5236,-76.2637,10.0,4.9,mb,"25 km WSW of Abriaquí, Colombia"
2025-09-21T19:20:14.483Z,23.7674,120.9029,28.892,4.5,mb,"15 km E of Lugu, Taiwan"
2025-09-21T16:59:27.246Z,29.5925,-42.5327,10.0,5.2,mww,northern Mid-Atlantic Ridge
2025-09-21T15:54:58.033Z,65.8944,-37.5295,10.0,4.5,mb,"31 km N of Tasiilaq, Greenland"
2025-09-21T15:38:47.402Z,52.8686,161.0934,10.0,4.7,mb,"167 km E of Petropavlovsk-Kamchatsky, Russia"
2025-09-21T15:19:12.910Z,83.8577,113.1236,10.0,4.9,mb,north of Severnaya Zemlya
2025-09-21T14:39:53.028Z,52.6834,160.9778,10.0,4.7,mb,"163 km ESE of Petropavlovsk-Kamchatsky, Russia"
2025-09-21T13:28:44.880Z,65.8196,-37.5333,10.0,4.6,mb,"23 km NNE of Tasiilaq, Greenland"
2025-09-21T11:07:33.061Z,50.9968,159.2593,10.0,4.5,mb,"200 km ESE of Ozernovskiy, Russia"
2025-09-21T09:30:36.177Z,-1.9492,139.624,35.0,4.5,mb,"133 km WNW of Abepura, Indonesia"
2025-09-21T09:30:27.862Z,51.1987,-178.0221,30.0,5.5,mww,"122 km SW of Adak, Alaska"
2025-09-21T09:08:59.364Z,-31.9653,-66.9423,145.674,4.6,mb,"90 km NNW of Villa General Roca, Argentina"
2025-09-21T08:17:26.299Z,53.0707,159.9801,51.152,4.6,mb,"90 km E of Petropavlovsk-Kamchatsky, Russia"
2025-09-21T07:34:47.919Z,-13.6971,122.3503,10.0,4.9,mb,northwest of Australia
2025-09-21T07:14:21.347Z,53.218,161.1654,10.0,4.6,mb,"170 km E of Petropavlovsk-Kamchatsky, Russia"
2025-09-21T05:24:49.623Z,83.7465,112.447,10.0,4.9,mww,north of Severnaya Zemlya
2025-09-21T03:35:08.176Z,52.2373,160.1504,35.0,4.8,mb,"138 km SE of Petropavlovsk-Kamchatsky, Russia"
2025-09-21T03:20:53.169Z,52.2948,160.2652,27.541,5.1,mww,"139 km SE of Petropavlovsk-Kamchatsky, Russia"
2025-09-21T01:34:10.600Z,-5.553,152.0161,35.0,4.5,mb,"136 km SSW of Kokopo, Papua New Guinea"
2025-09-21T01:21:22.715Z,53.0029,161.1671,35.0,4.5,mb,"170 km E of Petropavlovsk-Kamchatsky, Russia"
2025-09-21T01:13:35.389Z,52.9362,161.0947,10.0,5.6,mww,"166 km E of Petropavlovsk-Kamchatsky, Russia"
2025-09-21T01:11:19.812Z,-55.7249,-26.8235,35.0,4.5,mb,South Sandwich Islands region
2025-09-20T17:49:16.924Z,49.9488,155.7143,82.536,4.5,mb,"85 km SSW of Severo-Kuril’sk, Russia"
2025-09-20T17:09:22.349Z,53.0926,159.7756,75.658,4.8,mb,"77 km E of Petropavlovsk-Kamchatsky, Russia"
2025-09-20T16:56:17.701Z,-31.8714,-178.6489,39.236,4.6,mb,Kermadec Islands region
2025-09-20T16:39:41.353Z,-14.9077,-177.5607,377.943,4.6,mb,"88 km SE of Alo, Wallis and Futuna"
2025-09-20T16:36:42.282Z,53.104,160.9783,40.665,4.6,mb,"157 km E of Petropavlovsk-Kamchatsky, Russia"
2025-09-20T15:41:49.042Z,-23.4484,-68.581,104.829,4.5,mb,"71 km SSW of San Pedro de Atacama, Chile"
2025-09-20T15:31:09.292Z,-58.0595,-24.6223,10.0,5.2,mb,South Sandwich Islands region
2025-09-20T15:05:03.865Z,53.049,159.9976,53.076,4.5,mb,"91 km E of Petropavlovsk-Kamchatsky, Russia"
2025-09-20T14:06:43.691Z,-7.0774,155.8402,89.869,4.9,mb,"92 km SSE of Panguna, Papua New Guinea"
2025-09-20T14:06:12.912Z,52.9092,160.8801,35.0,4.5,mb,"152 km E of Petropavlovsk-Kamchatsky, Russia"
2025-09-20T13:50:44.038Z,-17.96,-178.3769,598.126,4.5,mb,"244 km E of Levuka, Fiji"
2025-09-20T12:30:09.153Z,38.3847,-30.232,10.0,4.6,mb,"133 km W of Castelo Branco, Portugal"
2025-09-20T11:23:42.761Z,25.4001,141.1153,147.669,4.6,mb,"Volcano Islands, Japan region"
2025-09-20T10:18:23.628Z,51.3844,159.5559,35.688,5.1,mb,"189 km SSE of Vilyuchinsk, Russia"
2025-09-20T08:36:54.549Z,52.9583,160.9558,35.0,4.6,mb,"156 km E of Petropavlovsk-Kamchatsky, Russia"
2025-09-20T08:04:38.976Z,52.7572,160.8608,29.462,4.5,mb,"154 km ESE of Petropavlovsk-Kamchatsky, Russia"
2025-09-20T07:46:44.361Z,38.1018,72.9591,10.0,4.6,mb,"88 km W of Murghob, Tajikistan"
2025-09-20T07:39:07.747Z,53.304,161.252,10.0,4.9,mb,"177 km E of Petropavlovsk-Kamchatsky, Russia"
2025-09-20T07:28:15.955Z,-57.9159,-25.1758,29.662,5.1,mb,South Sandwich Islands region
2025-09-20T06:56:07.367Z,52.9388,161.4143,10.0,5.0,mb,"187 km E of Petropavlovsk-Kamchatsky, Russia"
2025-09-20T06:54:13.232Z,-3.7733,127.8626,10.0,4.9,mb,"36 km WSW of Ambon, Indonesia"
2025-09-20T06:49:35.357Z,13.6434,145.4782,38.77,4.9,mb,"64 km E of Yigo Village, Guam"
2025-09-20T05:55:37.992Z,-21.3015,-66.6905,227.673,4.7,mb,"63 km SW of Atocha, Bolivia"
2025-09-20T04:46:33.888Z,24.0687,126.2927,10.0,4.8,mb,"127 km SE of Miyakojima, Japan"
2025-09-20T04:12:39.981Z,53.2248,161.5452,10.0,4.8,mb,"196 km E of Petropavlovsk-Kamchatsky, Russia"
2025-09-20T04:07:11.402Z,52.8002,160.6336,31.954,4.5,mb,"138 km ESE of Petropavlovsk-Kamchatsky, Russia"
2025-09-20T02:47:49.917Z,52.9931,159.8428,69.346,5.1,mww,"81 km E of Petropavlovsk-Kamchatsky, Russia"
2025-09-20T02:39:48.066Z,3.7501,126.8317,35.171,4.8,mb,"237 km SE of Sarangani, Philippines"
2025-09-20T02:14:57.343Z,-52.9739,22.0891,10.0,4.6,mb,south of Africa
2025-09-20T01:29:52.917Z,52.5188,160.9003,10.0,5.0,mb,"164 km ESE of Petropavlovsk-Kamchatsky, Russia"
2025-09-20T01:28:36.590Z,48.3376,155.4721,10.0,5.1,mb,"264 km S of Severo-Kuril’sk, Russia"
2025-09-20T01:27:46.471Z,48.5106,155.3889,10.0,4.9,mb,"246 km SSW of Severo-Kuril’sk, Russia"
2025-09-20T00:10:58.516Z,51.6633,160.7923,10.0,4.5,mb,"214 km SE of Petropavlovsk-Kamchatsky, Russia"
2025-09-20T00:00:59.894Z,53.8472,160.0143,81.974,4.6,mb,"126 km NE of Petropavlovsk-Kamchatsky, Russia"
2025-09-19T22:56:45.967Z,24.5342,119.3264,10.0,4.7,mww,"53 km SE of Dazuocun, China"
2025-09-19T22:33:06.743Z,-0.5341,-80.324,34.003,4.9,mb,"13 km ENE of Bahía de Caráquez, Ecuador"
2025-09-19T20:46:49.564Z,53.1528,161.03,27.56,4.6,mb,"161 km E of Petropavlovsk-Kamchatsky, Russia"
2025-09-19T20:39:57.093Z,53.2269,160.3241,63.623,4.5,mb,"114 km E of Petropavlovsk-Kamchatsky, Russia"
2025-09-19T20:11:50.944Z,53.1268,161.1155,29.163,4.7,mb,"166 km E of Petropavlovsk-Kamchatsky, Russia"
2025-09-19T19:16:47.890Z,42.2549,81.3974,10.0,4.6,mb,"140 km WNW of Kuqa, China"
2025-09-19T19:01:10.329Z,51.8192,159.6849,43.904,4.6,mb,"151 km SE of Vilyuchinsk, Russia"
2025-09-19T18:40:43.070Z,52.8774,160.8518,20.767,4.9,mb,"150 km E of Petropavlovsk-Kamchatsky, Russia"
2025-09-19T18:02:15.404Z,36.1945,140.8465,38.872,4.6,mb,"27 km ESE of Ōarai, Japan"
2025-09-19T17:57:48.844Z,52.9026,161.18,23.261,4.9,mb,"172 km E of Petropavlovsk-Kamchatsky, Russia"
2025-09-19T17:41:08.804Z,-5.8142,152.5266,10.0,4.7,mb,"165 km S of Kokopo, Papua New Guinea"
2025-09-19T17:38:32.011Z,53.1488,159.8258,64.606,4.9,mb,"80 km E of Petropavlovsk-Kamchatsky, Russia"
2025-09-19T17:06:38.831Z,52.9309,161.1923,14.496,5.2,mb,"172 km E of Petropavlovsk-Kamchatsky, Russia"
2025-09-19T16:11:32.162Z,53.1098,161.4868,10.0,4.5,mb,"191 km E of Petropavlovsk-Kamchatsky, Russia"
2025-09-19T15:55:36.826Z,-32.1962,-178.7431,35.0,4.8,mb,south of the Kermadec Islands
2025-09-19T15:45:35.090Z,52.9112,161.2436,13.0,5.9,mww,"176 km E of Petropavlovsk-Kamchatsky, Russia"
2025-09-19T15:37:33.498Z,52.8095,160.5549,35.0,5.2,mb,"132 km ESE of Petropavlovsk-Kamchatsky, Russia"
2025-09-19T14:55:40.913Z,51.2463,157.8629,58.287,6.0,mb,"98 km ESE of Ozernovskiy, Russia"
2025-09-19T14:55:24.833Z,51.1828,157.9936,45.0,5.9,mww,"109 km ESE of Ozernovskiy, Russia"
2025-09-19T14:26:05.639Z,52.7734,160.9219,10.0,4.5,mb,"157 km ESE of Petropavlovsk-Kamchatsky, Russia"
2025-09-19T14:23:37.226Z,52.431,160.8827,10.0,5.1,mb,"167 km ESE of Petropavlovsk-Kamchatsky, Russia"
2025-09-19T14:07:51.403Z,52.4507,160.9395,10.0,5.1,mb,"170 km ESE of Petropavlovsk-Kamchatsky, Russia"
2025-09-19T13:44:33.143Z,52.9671,160.3815,35.0,4.5,mb,"118 km E of Petropavlovsk-Kamchatsky, Russia"
2025-09-19T13:41:48.131Z,52.328,160.4462,10.0,4.5,mb,"147 km SE of Petropavlovsk-Kamchatsky, Russia"
2025-09-19T13:41:12.454Z,51.9924,159.7692,35.0,4.5,mb,"139 km SE of Vilyuchinsk, Russia"
2025-09-19T13:34:49.789Z,51.8474,160.5503,10.0,4.5,mb,"188 km SE of Petropavlovsk-Kamchatsky, Russia"
2025-09-19T13:27:04.406Z,52.2418,160.6452,10.0,5.5,mww,"164 km SE of Petropavlovsk-Kamchatsky, Russia"
2025-09-19T13:24:30.773Z,-6.3591,155.1338,160.898,4.7,mb,"39 km W of Panguna, Papua New Guinea"
2025-09-19T13:06:05.762Z,53.0776,161.041,10.0,4.5,mb,"161 km E of Petropavlovsk-Kamchatsky, Russia"
2025-09-19T12:43:19.024Z,-58.7317,-24.4711,10.0,4.5,mb,South Sandwich Islands region
2025-09-19T12:40:50.319Z,52.6756,160.7157,10.0,4.5,mb,"147 km ESE of Petropavlovsk-Kamchatsky, Russia"
2025-09-19T12:24:58.344Z,52.7306,160.5708,34.522,5.0,mb,"135 km ESE of Petropavlovsk-Kamchatsky, Russia"
2025-09-19T11:53:36.232Z,-52.9299,22.0895,10.0,4.6,mb,south of Africa
2025-09-19T11:36:32.387Z,53.1242,159.8913,59.651,4.6,mb,"84 km E of Petropavlovsk-Kamchatsky, Russia"
2025-09-19T11:33:03.946Z,52.5928,160.9969,24.31,5.0,mb,"168 km ESE of Petropavlovsk-Kamchatsky, Russia"
2025-09-19T11:28:18.638Z,-58.8943,-25.6228,35.0,4.5,mb,South Sandwich Islands region
2025-09-19T11:26:23.059Z,52.6651,160.8439,10.0,4.7,mb,"155 km ESE of Petropavlovsk-Kamchatsky, Russia"
2025-09-19T11:25:06.840Z,52.7885,160.5759,38.152,5.1,mb,"134 km ESE of Petropavlovsk-Kamchatsky, Russia"
2025-09-19T11:01:04.623Z,52.7099,160.8882,26.305,4.9,mb,"157 km ESE of Petropavlovsk-Kamchatsky, Russia"
2025-09-19T10:39:57.665Z,-58.767,-24.9017,10.0,4.5,mb,South Sandwich Islands region
2025-09-19T10:33:48.991Z,53.1434,160.2961,43.05,4.5,mb,"112 km E of Petropavlovsk-Kamchatsky, Russia"
2025-09-19T10:23:21.773Z,53.2679,159.797,58.308,4.6,mb,"81 km ENE of Petropavlovsk-Kamchatsky, Russia"
2025-09-19T10:06:42.483Z,-58.7694,-24.8342,10.0,4.8,mb,South Sandwich Islands region
2025-09-19T09:58:19.384Z,52.1616,160.6216,21.093,4.6,mb,"168 km SE of Petropavlovsk-Kamchatsky, Russia"
2025-09-19T09:39:01.822Z,-28.3435,-69.177,102.507,4.6,mb,"105 km WNW of Vinchina, Argentina"
2025-09-19T09:33:17.666Z,52.7075,160.8468,10.0,4.5,mb,"154 km ESE of Petropavlovsk-Kamchatsky, Russia"
2025-09-19T09:27:57.521Z,-58.636,-24.6785,10.0,4.6,mb,South Sandwich Islands region
2025-09-19T09:22:34.589Z,-58.7581,-24.8316,10.0,4.8,mb,South Sandwich Islands region
2025-09-19T09:22:08.197Z,52.745,160.9204,10.0,4.9,mb,"158 km ESE of Petropavlovsk-Kamchatsky, Russia"
2025-09-19T09:17:01.998Z,53.2436,159.9863,57.704,4.7,mb,"93 km ENE of Petropavlovsk-Kamchatsky, Russia"
2025-09-19T09:15:30.311Z,-41.5763,84.8486,10.0,4.8,mb,southeast Indian Ridge
2025-09-19T09:11:56.762Z,-58.7504,-24.6648,10.0,5.4,mww,South Sandwich Islands region
2025-09-19T08:36:03.712Z,52.7818,160.9545,10.0,4.6,mb,"159 km ESE of Petropavlovsk-Kamchatsky, Russia"
2025-09-19T08:09:37.417Z,52.2378,160.6673,10.0,4.8,mb,"165 km SE of Petropavlovsk-Kamchatsky, Russia"
2025-09-19T08:05:37.918Z,52.1648,160.6812,21.154,4.7,mb,"171 km SE of Petropavlovsk-Kamchatsky, Russia"
2025-09-19T07:21:50.124Z,52.9667,161.1939,10.0,4.7,mb,"172 km E of Petropavlovsk-Kamchatsky, Russia"
2025-09-19T06:47:40.890Z,52.1441,160.4948,10.0,4.9,mb,"162 km SE of Petropavlovsk-Kamchatsky, Russia"
2025-09-19T05:59:47.807Z,52.568,160.714,10.0,4.5,mb,"151 km ESE of Petropavlovsk-Kamchatsky, Russia"
2025-09-19T05:09:00.995Z,52.6663,160.7467,30.467,4.7,mb,"149 km ESE of Petropavlovsk-Kamchatsky, Russia"
2025-09-19T04:55:56.775Z,-20.2393,-69.258,96.269,5.5,mww,"42 km ENE of La Tirana, Chile"
2025-09-19T04:11:31.941Z,52.9154,160.7317,35.0,4.5,mb,"142 km E of Petropavlovsk-Kamchatsky, Russia"
2025-09-19T03:58:32.260Z,52.9011,161.111,10.0,4.8,mb,"167 km E of Petropavlovsk-Kamchatsky, Russia"
2025-09-19T03:50:20.987Z,52.7739,161.1396,10.0,4.5,mb,"172 km ESE of Petropavlovsk-Kamchatsky, Russia"
2025-09-19T03:11:53.562Z,52.7716,160.2672,35.0,4.7,mb,"114 km ESE of Petropavlovsk-Kamchatsky, Russia"
2025-09-19T02:19:58.490Z,-31.086,-179.303,261.252,4.5,mb,Kermadec Islands region
2025-09-19T01:49:53.392Z,52.7248,160.5298,35.0,5.0,mb,"133 km ESE of Petropavlovsk-Kamchatsky, Russia"
2025-09-19T01:49:50.251Z,-1.4,-80.7338,39.893,4.6,mb,"18 km WSW of Jipijapa, Ecuador"
2025-09-19T01:44:58.098Z,52.7752,161.1082,10.0,4.5,mb,"169 km ESE of Petropavlovsk-Kamchatsky, Russia"
2025-09-19T01:35:29.968Z,52.9721,160.6757,35.0,4.5,mb,"137 km E of Petropavlovsk-Kamchatsky, Russia"
2025-09-19T01:18:07.374Z,53.2429,159.8177,51.794,4.6,mb,"82 km ENE of Petropavlovsk-Kamchatsky, Russia"
2025-09-19T01:12:02.623Z,53.3119,160.7704,35.0,5.1,mb,"145 km E of Petropavlovsk-Kamchatsky, Russia"
2025-09-19T00:53:29.170Z,52.9957,160.9178,31.774,4.5,mb,"153 km E of Petropavlovsk-Kamchatsky, Russia"
2025-09-19T00:48:29.540Z,52.4951,160.8899,10.0,5.4,mb,"165 km ESE of Petropavlovsk-Kamchatsky, Russia"
2025-09-19T00:32:23.864Z,52.9662,160.8942,17.693,4.8,mb,"152 km E of Petropavlovsk-Kamchatsky, Russia"
2025-09-19T00:25:16.667Z,52.8863,159.8201,64.213,5.1,mb,"82 km ESE of Petropavlovsk-Kamchatsky, Russia"
2025-09-19T00:22:36.086Z,52.8545,161.1417,10.0,5.4,mb,"170 km E of Petropavlovsk-Kamchatsky, Russia"
2025-09-19T00:20:04.693Z,52.0431,160.2987,10.0,4.5,mb,"160 km SE of Petropavlovsk-Kamchatsky, Russia"
2025-09-19T00:16:54.659Z,52.7083,161.1113,19.308,4.7,mb,"171 km ESE of Petropavlovsk-Kamchatsky, Russia"
2025-09-18T23:55:24.175Z,-24.456,-112.0681,10.0,4.7,mb,Easter Island region
2025-09-18T23:41:46.674Z,52.4826,160.693,10.064,4.7,mb,"153 km ESE of Petropavlovsk-Kamchatsky, Russia"
2025-09-18T23:40:46.174Z,52.6351,160.8157,10.0,4.9,mb,"154 km ESE of Petropavlovsk-Kamchatsky, Russia"
2025-09-18T23:27:44.520Z,52.8339,160.9304,10.0,4.8,mb,"156 km E of Petropavlovsk-Kamchatsky, Russia"
2025-09-18T23:14:59.697Z,52.5331,160.7241,20.89,5.2,mb,"153 km ESE of Petropavlovsk-Kamchatsky, Russia"
2025-09-18T23:10:08.638Z,52.8408,160.0032,46.784,4.8,mb,"95 km ESE of Petropavlovsk-Kamchatsky, Russia"
2025-09-18T22:59:41.003Z,52.3669,160.3972,28.123,4.6,mb,"142 km ESE of Petropavlovsk-Kamchatsky, Russia"
2025-09-18T22:53:41.772Z,-3.5765,135.5487,10.0,5.0,mb,"24 km SSE of Nabire, Indonesia"
2025-09-18T22:50:37.278Z,53.3934,160.7094,35.0,4.9,mb,"143 km ENE of Petropavlovsk-Kamchatsky, Russia"
2025-09-18T22:45:46.369Z,53.0652,159.4891,91.441,4.5,mb,"57 km E of Petropavlovsk-Kamchatsky, Russia"
2025-09-18T22:37:10.562Z,53.0067,160.8847,35.0,5.5,mb,"151 km E of Petropavlovsk-Kamchatsky, Russia"
2025-09-18T22:34:32.481Z,52.5535,160.5109,31.366,4.5,mb,"139 km ESE of Petropavlovsk-Kamchatsky, Russia"
2025-09-18T22:17:07.822Z,53.0361,160.8224,31.363,4.9,mb,"147 km E of Petropavlovsk-Kamchatsky, Russia"
2025-09-18T22:10:19.821Z,52.9932,160.8329,35.0,4.9,mb,"148 km E of Petropavlovsk-Kamchatsky, Russia"
2025-09-18T22:08:06.146Z,52.7692,160.8821,10.0,4.9,mb,"155 km ESE of Petropavlovsk-Kamchatsky, Russia"
2025-09-18T21:42:11.627Z,53.0548,160.9982,35.0,4.6,mb,"158 km E of Petropavlovsk-Kamchatsky, Russia"
2025-09-18T21:41:06.764Z,52.9813,161.0013,10.0,4.9,mb,"159 km E of Petropavlovsk-Kamchatsky, Russia"
2025-09-18T21:37:55.577Z,52.9373,160.7052,47.898,5.7,mb,"140 km E of Petropavlovsk-Kamchatsky, Russia"
2025-09-18T21:36:41.130Z,52.3527,160.7563,10.0,5.2,mb,"164 km ESE of Petropavlovsk-Kamchatsky, Russia"
2025-09-18T21:29:25.770Z,53.0036,160.4457,58.963,4.7,mb,"122 km E of Petropavlovsk-Kamchatsky, Russia"
2025-09-18T21:21:40.510Z,23.9796,121.671,19.975,4.6,mb,"6 km E of Hualien City, Taiwan"
2025-09-18T21:17:22.850Z,-10.8013,161.8095,35.0,4.5,mb,"40 km SSW of Kirakira, Solomon Islands"
2025-09-18T21:14:34.777Z,53.4274,160.8714,31.291,4.6,mb,"155 km ENE of Petropavlovsk-Kamchatsky, Russia"
2025-09-18T21:03:06.805Z,52.1919,160.1743,34.0,4.8,mb,"142 km SE of Petropavlovsk-Kamchatsky, Russia"
2025-09-18T20:59:02.759Z,52.8343,160.6277,35.0,4.7,mb,"136 km ESE of Petropavlovsk-Kamchatsky, Russia"
2025-09-18T20:55:24.322Z,52.5074,160.7114,10.0,4.5,mb,"153 km ESE of Petropavlovsk-Kamchatsky, Russia"
2025-09-18T20:53:25.537Z,52.8721,160.8301,10.0,5.2,mb,"149 km E of Petropavlovsk-Kamchatsky, Russia"
2025-09-18T20:52:43.913Z,52.7989,161.1886,10.0,5.3,mb,"174 km E of Petropavlovsk-Kamchatsky, Russia"
2025-09-18T20:50:55.643Z,52.8926,161.048,10.0,4.7,mb,"163 km E of Petropavlovsk-Kamchatsky, Russia"
2025-09-18T20:49:07.782Z,51.7035,160.3373,10.0,4.9,mb,"189 km SE of Vilyuchinsk, Russia"
2025-09-18T20:48:58.204Z,52.1232,160.5376,10.0,5.0,mb,"166 km SE of Petropavlovsk-Kamchatsky, Russia"
2025-09-18T20:43:28.235Z,52.6078,160.3815,38.482,4.8,mb,"128 km ESE of Petropavlovsk-Kamchatsky, Russia"
2025-09-18T20:30:49.233Z,53.2472,160.6744,35.0,4.7,mb,"138 km E of Petropavlovsk-Kamchatsky, Russia"
2025-09-18T20:21:01.717Z,53.1908,160.549,32.869,4.5,mb,"129 km E of Petropavlovsk-Kamchatsky, Russia"
2025-09-18T20:19:26.289Z,52.8862,160.8619,10.0,4.9,mb,"151 km E of Petropavlovsk-Kamchatsky, Russia"
2025-09-18T20:17:44.835Z,52.9284,160.7605,35.714,5.5,mb,"144 km E of Petropavlovsk-Kamchatsky, Russia"
2025-09-18T20:12:00.776Z,52.5866,160.5637,31.742,4.5,mb,"140 km ESE of Petropavlovsk-Kamchatsky, Russia"
2025-09-18T20:06:03.763Z,52.3906,160.7468,10.0,5.1,mb,"161 km ESE of Petropavlovsk-Kamchatsky, Russia"
2025-09-18T20:04:16.816Z,51.8525,160.4306,10.0,4.9,mb,"182 km SE of Petropavlovsk-Kamchatsky, Russia"
2025-09-18T20:03:02.493Z,52.4163,160.6915,10.0,5.6,mb,"156 km ESE of Petropavlovsk-Kamchatsky, Russia"
2025-09-18T20:02:14.743Z,53.0277,160.7846,35.0,4.7,mb,"144 km E of Petropavlovsk-Kamchatsky, Russia"
2025-09-18T19:59:26.361Z,52.3144,160.15,31.091,4.5,mb,"132 km SE of Petropavlovsk-Kamchatsky, Russia"
2025-09-18T19:55:41.938Z,52.8301,160.7388,34.384,4.6,mb,"144 km E of Petropavlovsk-Kamchatsky, Russia"
2025-09-18T19:52:10.415Z,16.8635,120.0268,35.0,5.4,mb,"38 km WNW of Bacnotan, Philippines"
2025-09-18T19:38:03.114Z,53.5129,160.1176,66.432,4.8,mb,"111 km ENE of Petropavlovsk-Kamchatsky, Russia"
2025-09-18T19:35:22.098Z,2.624,127.2715,49.74,4.5,mb,"128 km NW of Tobelo, Indonesia"
2025-09-18T19:26:37.834Z,52.7596,160.965,10.0,5.5,mb,"160 km ESE of Petropavlovsk-Kamchatsky, Russia"
2025-09-18T19:26:14.122Z,52.6444,160.7219,10.0,4.5,mb,"148 km ESE of Petropavlovsk-Kamchatsky, Russia"
2025-09-18T19:20:15.085Z,52.8522,160.8574,10.0,4.7,mb,"151 km E of Petropavlovsk-Kamchatsky, Russia"
2025-09-18T19:19:23.947Z,52.9469,160.7987,32.356,5.4,mb,"146 km E of Petropavlovsk-Kamchatsky, Russia"
2025-09-18T19:18:15.928Z,-60.346,-31.3399,10.0,4.7,mb,Scotia Sea
2025-09-18T19:11:49.523Z,53.0995,160.3259,32.405,5.0,mb,"113 km E of Petropavlovsk-Kamchatsky, Russia"
2025-09-18T19:10:48.133Z,52.953,160.9277,10.0,5.3,mb,"154 km E of Petropavlovsk-Kamchatsky, Russia"
2025-09-18T19:08:19.904Z,52.9863,160.7735,10.0,5.8,mb,"144 km E of Petropavlovsk-Kamchatsky, Russia"
2025-09-18T19:07:47.518Z,-60.4185,-31.5333,10.0,5.4,mb,Scotia Sea
2025-09-18T19:06:06.348Z,52.688,160.8695,24.19,5.2,mb,"156 km ESE of Petropavlovsk-Kamchatsky, Russia"
2025-09-18T18:58:14.939Z,53.1426,160.7206,27.0,7.8,mww,"140 km E of Petropavlovsk-Kamchatsky, Russia"
2025-09-18T18:52:37.875Z,51.6219,159.8177,10.0,4.5,mb,"174 km SSE of Vilyuchinsk, Russia"
2025-09-18T18:39:21.040Z,35.4105,141.059,34.941,4.5,mb,"41 km SSE of Hasaki, Japan"
2025-09-18T18:19:49.220Z,-3.5961,135.4658,28.0,6.0,mww,"26 km S of Nabire, Indonesia"
2025-09-18T18:03:20.816Z,-32.8568,-69.3216,121.245,4.5,mb,"46 km W of Mendoza, Argentina"
2025-09-18T17:40:37.528Z,49.8601,155.7493,73.855,4.5,mb,"94 km SSW of Severo-Kuril’sk, Russia"
2025-09-18T17:08:47.760Z,1.6693,126.5186,40.741,4.5,mb,"136 km NW of Ternate, Indonesia"
2025-09-18T15:25:04.596Z,8.0552,126.9205,49.894,4.5,mb,"52 km E of Santa Maria, Philippines"
2025-09-18T14:59:32.806Z,-10.1696,113.9017,10.0,4.7,mb,"197 km SSW of Muncar, Indonesia"
2025-09-18T13:10:50.220Z,51.485,159.7227,35.0,4.5,mb,"184 km SSE of Vilyuchinsk, Russia"
2025-09-18T12:48:55.449Z,1.6163,126.5285,32.622,4.6,mb,"131 km NW of Ternate, Indonesia"
2025-09-18T12:41:52.979Z,12.2024,95.3077,10.0,4.8,mb,"285 km ENE of Port Blair, India"
2025-09-18T08:19:01.931Z,-55.0778,-129.7063,10.0,5.3,mww,Pacific-Antarctic Ridge
2025-09-18T07:41:50.036Z,19.2351,145.578,165.243,4.5,mb,"Maug Islands region, Northern Mariana Islands"
2025-09-18T06:41:28.147Z,-23.1555,170.2002,10.0,4.8,mb,"282 km E of Vao, New Caledonia"
2025-09-18T05:15:08.370Z,11.938,-89.3483,10.0,4.8,mww,"171 km S of La Libertad, El Salvador"
2025-09-18T03:47:33.242Z,4.2665,127.6824,129.988,4.7,mww,"276 km ESE of Sarangani, Philippines"
2025-09-18T03:30:32.263Z,-0.5822,128.0835,10.0,4.8,mb,"67 km E of Labuha, Indonesia"
2025-09-17T22:08:39.256Z,49.0998,156.215,44.781,4.5,mb,"175 km S of Severo-Kuril’sk, Russia"
2025-09-17T20:57:47.240Z,52.6317,159.302,54.177,5.4,mww,"66 km SE of Petropavlovsk-Kamchatsky, Russia"
2025-09-17T16:45:05.552Z,54.5036,161.1448,49.785,4.5,mb,"155 km SE of Atlasovo, Russia"
2025-09-17T16:03:28.534Z,-56.4232,-26.6999,76.216,4.5,mb,South Sandwich Islands region
2025-09-17T14:46:40.981Z,53.0445,161.7109,10.0,5.0,mb,"206 km E of Petropavlovsk-Kamchatsky, Russia"
2025-09-17T13:27:29.655Z,29.7534,129.6362,10.0,4.6,mb,"95 km SW of Kurio, Japan"
2025-09-17T13:11:55.632Z,-2.9109,128.1972,10.0,4.6,mb,"86 km N of Ambon, Indonesia"
2025-09-17T13:00:28.911Z,29.6194,129.599,10.0,4.9,mww,"107 km SW of Kurio, Japan"
2025-09-17T12:55:02.855Z,29.5916,129.679,8.368,4.9,mb,"104 km SW of Kurio, Japan"
2025-09-17T12:53:28.547Z,29.5939,129.6537,10.0,4.6,mb,"105 km SW of Kurio, Japan"
2025-09-17T12:02:39.132Z,-19.2595,168.5843,35.0,5.1,mww,"79 km WNW of Isangel, Vanuatu"
2025-09-17T06:38:56.077Z,51.3965,159.8057,10.0,4.7,mb,"195 km SSE of Vilyuchinsk, Russia"
2025-09-17T06:35:40.812Z,56.3453,-152.176,11.8,4.6,ml,"117 km SE of Old Harbor, Alaska"
2025-09-16T19:10:30.477Z,51.7045,178.15,113.077,4.5,mb,"Rat Islands, Aleutian Islands, Alaska"
2025-09-16T16:59:46.550Z,-5.5179,153.7354,31.0,6.0,mww,"208 km SE of Kokopo, Papua New Guinea"
2025-09-16T16:11:25.787Z,14.4193,-92.8007,52.976,4.9,mww,"52 km SW of Puerto Madero, Mexico"
2025-09-16T09:33:02.890Z,-58.8145,-26.4439,132.969,4.7,mb,South Sandwich Islands region
2025-09-16T09:02:37.586Z,51.8776,-169.6612,26.935,5.1,mww,"130 km SSW of Nikolski, Alaska"
2025-09-16T08:04:29.893Z,30.2671,69.8789,10.0,4.6,mb,"53 km NE of Barkhan, Pakistan"
2025-09-16T06:05:58.585Z,51.5649,159.3577,35.0,5.0,mb,"165 km SSE of Vilyuchinsk, Russia"
2025-09-16T03:54:49.142Z,-1.6625,-81.0281,10.0,4.7,mb,"60 km SW of Jipijapa, Ecuador"
2025-09-16T03:41:52.928Z,-5.702,-81.2004,10.0,5.1,mb,"44 km WSW of Sechura, Peru"
2025-09-16T03:00:17.017Z,23.3055,-44.9733,10.0,4.7,mb,northern Mid-Atlantic Ridge
2025-09-16T01:09:47.011Z,-52.7147,18.8986,10.0,4.5,mb,southwest of Africa
2025-09-15T23:21:44.659Z,-21.635,-68.4076,121.731,4.5,mb,"48 km SSW of Ollagüe, Chile"
2025-09-15T20:56:13.174Z,-20.0735,-69.1103,108.936,4.8,mb,"64 km ENE of La Tirana, Chile"
2025-09-15T20:29:21.674Z,-17.9551,-177.8607,629.043,4.7,mb,"299 km E of Levuka, Fiji"
2025-09-15T20:07:17.536Z,-17.4649,-70.8409,97.077,4.5,mb,"18 km NNW of Locumba, Peru"
2025-09-15T18:01:02.112Z,19.3217,119.6961,10.0,4.5,mb,"132 km NW of Davila, Philippines"
2025-09-15T17:15:42.652Z,49.4867,159.036,10.0,5.0,mb,"246 km ESE of Severo-Kuril’sk, Russia"
2025-09-15T16:34:35.213Z,52.6973,160.6791,15.0,6.0,mww,"144 km ESE of Petropavlovsk-Kamchatsky, Russia"
2025-09-15T14:21:59.281Z,79.6091,4.0277,10.0,4.7,mb,"292 km WNW of Longyearbyen, Svalbard and Jan Mayen"
2025-09-15T12:36:31.554Z,16.362,-95.1391,53.49,4.5,mb,"6 km NW of Santa Rosa, Mexico"
2025-09-15T12:00:50.229Z,-16.4737,176.8404,10.0,4.7,mb,"142 km NNW of Lautoka, Fiji"
2025-09-15T09:55:12.225Z,34.3393,16.3558,10.0,5.1,mww,"234 km SE of Birżebbuġa, Malta"
2025-09-15T09:16:21.100Z,16.6949,-61.347,59.336,5.0,mww,"29 km NE of Anse-Bertrand, Guadeloupe"
2025-09-15T08:42:10.426Z,29.3916,104.0487,10.0,4.7,mb,"2 km ENE of Luocheng, China"
2025-09-15T02:11:39.460Z,-5.8244,152.4463,10.0,4.6,mb,"164 km S of Kokopo, Papua New Guinea"
2025-09-15T01:52:44.693Z,-13.6599,-74.7467,90.914,4.9,mb,"23 km WSW of Vilcanchos, Peru"
2025-09-15T01:39:54.470Z,53.2241,159.8378,63.043,5.2,mww,"82 km ENE of Petropavlovsk-Kamchatsky, Russia"
2025-09-15T01:12:21.213Z,53.191,159.9222,65.918,4.5,mb,"87 km E of Petropavlovsk-Kamchatsky, Russia"
2025-09-15T01:10:10.057Z,49.5168,157.24,10.0,4.5,mb,"151 km SSE of Severo-Kuril’sk, Russia"
2025-09-15T00:06:36.965Z,53.1002,160.0005,62.667,5.2,mww,"92 km E of Petropavlovsk-Kamchatsky, Russia"
2025-09-14T18:57:29.007Z,12.9753,121.2449,10.0,4.7,mb,"13 km WNW of Malamig, Philippines"
2025-09-14T15:18:38.595Z,36.6327,75.4388,10.0,4.5,mb,"75 km ENE of Barishal, Pakistan"
2025-09-14T14:56:44.808Z,20.9575,93.7795,59.107,4.6,mb,"108 km W of Chauk, Burma (Myanmar)"
2025-09-14T14:49:45.298Z,-2.809,101.0948,75.477,5.3,mb,"89 km SSW of Sungai Penuh, Indonesia"
2025-09-14T11:42:03.293Z,51.4602,159.6865,10.0,4.8,mb,"185 km SSE of Vilyuchinsk, Russia"
2025-09-14T11:11:51.373Z,26.7097,92.2103,29.0,5.5,mww,"11 km ESE of Udalguri, India"
2025-09-14T08:12:23.609Z,69.734,-15.8382,10.0,4.5,mb,"298 km WSW of Olonkinbyen, Svalbard and Jan Mayen"
2025-09-14T07:12:12.402Z,6.8248,-76.1391,10.0,5.4,mww,"5 km N of Frontino, Colombia"
2025-09-14T05:18:08.479Z,-7.0885,155.8877,133.175,4.5,mb,"96 km SSE of Panguna, Papua New Guinea"
2025-09-14T05:15:15.093Z,51.1916,159.5628,10.0,4.6,mb,"209 km SSE of Vilyuchinsk, Russia"
2025-09-14T05:01:21.281Z,51.4621,159.733,10.0,4.7,mb,"186 km SSE of Vilyuchinsk, Russia"
2025-09-14T04:43:46.393Z,29.5759,51.466,10.0,4.6,mb,"18 km WSW of Kāzerūn, Iran"
2025-09-14T04:36:19.077Z,-6.2374,130.3775,121.844,4.5,mb,"271 km WSW of Tual, Indonesia"
2025-09-14T02:58:46.038Z,-22.893,-66.3295,226.514,4.7,mb,"67 km WSW of Abra Pampa, Argentina"
2025-09-14T01:13:44.959Z,2.5539,95.6971,10.0,4.5,mb,"76 km W of Sinabang, Indonesia"
2025-09-13T23:59:55.076Z,-1.732,-81.1699,10.0,4.8,mb,"58 km NNW of Salinas, Ecuador"
2025-09-13T22:45:47.436Z,12.9374,122.8587,10.0,4.7,mb,"20 km SSW of San Rafael, Philippines"
2025-09-13T22:29:55.149Z,51.694,-170.6741,18.771,4.5,mb,"185 km SW of Nikolski, Alaska"
2025-09-13T22:00:22.851Z,69.9642,-15.9072,10.0,4.5,mb,"288 km WSW of Olonkinbyen, Svalbard and Jan Mayen"
2025-09-13T21:30:52.707Z,10.3303,123.3056,10.0,4.5,mb,"1 km WSW of Malaiba, Philippines"
2025-09-13T17:17:16.634Z,53.6214,160.1364,62.434,4.5,mb,"118 km ENE of Petropavlovsk-Kamchatsky, Russia"
2025-09-13T16:08:26.844Z,5.1756,123.1806,561.143,4.8,mb,"159 km SW of Palimbang, Philippines"
2025-09-13T15:05:42.859Z,-4.0331,141.992,109.001,4.8,mb,"93 km WNW of Ambunti, Papua New Guinea"
2025-09-13T12:52:27.086Z,-24.1662,-66.8788,178.818,4.5,mb,"57 km W of San Antonio de los Cobres, Argentina"
2025-09-13T12:37:27.583Z,29.5796,51.3509,10.0,4.6,mb,"29 km W of Kāzerūn, Iran"
2025-09-13T11:49:35.535Z,-17.6271,-65.8958,10.0,4.5,mb,"5 km SE of Cliza, Bolivia"
2025-09-13T11:08:25.605Z,-59.5656,-26.0415,35.0,4.9,mb,South Sandwich Islands region
2025-09-13T08:44:38.605Z,34.3478,23.8015,11.464,4.7,mb,"59 km SSW of Kastrí, Greece"
2025-09-13T07:30:06.921Z,-16.5625,176.9306,10.0,4.7,mb,"129 km NNW of Lautoka, Fiji"
2025-09-13T07:03:50.140Z,51.2807,158.7094,35.0,5.2,mb,"155 km E of Ozernovskiy, Russia"
2025-09-13T06:22:26.861Z,53.2245,160.3688,45.096,5.2,mb,"117 km E of Petropavlovsk-Kamchatsky, Russia"
2025-09-13T05:49:34.722Z,-48.6862,-10.1852,10.0,4.7,mb,southern Mid-Atlantic Ridge
2025-09-13T05:39:47.108Z,25.9678,96.9455,10.0,4.5,mb,"29 km SSE of Sarupathar, India"
2025-09-13T04:46:12.864Z,23.9572,122.5406,10.0,4.5,mb,"73 km SW of Yonakuni, Japan"
2025-09-13T04:32:06.790Z,-55.6948,-28.0794,34.514,5.4,mb,South Sandwich Islands region
2025-09-13T03:57:57.423Z,-8.0643,-75.7757,19.437,4.9,mb,"83 km E of Tocache, Peru"
2025-09-13T02:37:56.761Z,53.1969,160.1901,58.0,7.4,mww,"105 km E of Petropavlovsk-Kamchatsky, Russia"
2025-09-13T01:58:55.800Z,51.4762,179.634,72.5,4.5,mb,"261 km W of Adak, Alaska"
2025-09-13T01:31:29.674Z,52.1943,159.7124,38.581,4.9,mb,"120 km SE of Vilyuchinsk, Russia"
2025-09-13T01:30:50.944Z,52.1476,159.7059,36.363,4.7,mb,"124 km SE of Vilyuchinsk, Russia"
2025-09-13T01:01:11.283Z,-6.3743,104.5726,61.31,4.5,mb,"129 km SW of Bandar Lampung, Indonesia"
2025-09-13T00:17:55.018Z,32.8985,141.7533,10.0,4.9,mb,"282 km SSE of Katsuura, Japan"
2025-09-12T23:49:37.989Z,-24.2635,-67.0219,186.192,4.5,mb,"71 km W of San Antonio de los Cobres, Argentina"
2025-09-12T23:35:53.501Z,14.649,-94.2682,10.0,4.6,mb,"147 km SW of El Palmarcito, Mexico"
2025-09-12T23:12:54.724Z,-56.1688,-143.0756,10.0,5.4,mww,Pacific-Antarctic Ridge
2025-09-12T23:11:47.517Z,50.4745,157.713,40.941,4.5,mb,"114 km ESE of Severo-Kuril’sk, Russia"
2025-09-12T22:29:25.266Z,52.1377,159.7096,35.0,4.9,mb,"125 km SE of Vilyuchinsk, Russia"
2025-09-12T21:50:27.047Z,52.1915,159.6795,35.0,4.7,mb,"119 km SE of Vilyuchinsk, Russia"
2025-09-12T21:42:10.839Z,29.1796,87.0157,10.0,5.0,mb,"137 km N of Lobuche, Nepal"
2025-09-12T21:20:09.045Z,51.5212,160.458,10.0,4.5,mb,"210 km SE of Vilyuchinsk, Russia"
2025-09-12T20:53:07.030Z,52.0634,159.8576,22.256,5.1,mww,"138 km SE of Vilyuchinsk, Russia"
2025-09-12T20:33:25.966Z,42.4932,-28.8979,10.0,4.5,mb,Azores Islands region
2025-09-12T18:38:26.785Z,-10.3275,120.4323,54.204,4.6,mb,"76 km SSE of Waingapu, Indonesia"
2025-09-12T18:35:39.486Z,-56.0224,-143.4819,10.0,5.1,mb,Pacific-Antarctic Ridge
2025-09-12T17:46:45.860Z,-39.4342,-15.621,10.0,5.6,mww,Tristan da Cunha region
2025-09-12T17:36:02.794Z,37.0475,75.4095,10.0,4.7,mb,"102 km NE of Barishal, Pakistan"
2025-09-12T17:29:44.061Z,-10.7629,165.1071,61.329,5.1,mb,"75 km W of Lata, Solomon Islands"
2025-09-12T15:57:45.028Z,43.1447,146.5868,36.519,4.8,mb,"73 km S of Shikotan, Russia"
2025-09-12T14:13:22.878Z,-52.9829,21.7342,10.0,4.6,mb,south of Africa
2025-09-12T12:01:26.251Z,-52.9951,22.1673,10.0,4.6,mb,south of Africa
2025-09-12T08:58:01.154Z,-21.7192,170.8455,184.629,4.6,mb,"290 km SE of Isangel, Vanuatu"
2025-09-12T07:21:57.735Z,-7.2049,125.917,10.0,4.7,mb,"144 km N of Manatutu, Timor Leste"
2025-09-12T06:05:22.763Z,-16.3302,167.2356,19.584,4.9,mb,"31 km SW of Lakatoro, Vanuatu"
2025-09-12T04:50:35.650Z,-16.3977,167.3376,10.0,5.0,mb,"34 km SSW of Lakatoro, Vanuatu"
2025-09-12T04:38:06.475Z,-4.3339,153.042,27.36,4.6,mb,"85 km E of Kokopo, Papua New Guinea"
2025-09-12T04:30:06.465Z,-23.9499,-66.9871,173.069,4.5,mb,"74 km WNW of San Antonio de los Cobres, Argentina"
2025-09-12T03:31:04.097Z,-56.3281,-27.833,10.0,5.3,mww,South Sandwich Islands region
2025-09-12T01:38:39.190Z,-22.9046,-66.6358,217.95,4.5,mb,"98 km WSW of Abra Pampa, Argentina"
2025-09-12T00:42:09.654Z,51.4217,16.2483,5.0,4.5,mb,"3 km NE of Lubin, Poland"
2025-09-11T23:26:05.324Z,-7.3399,156.1613,75.991,4.6,mb,"112 km NW of Gizo, Solomon Islands"
2025-09-11T18:27:12.092Z,51.3044,159.6645,10.0,4.6,mb,"200 km SSE of Vilyuchinsk, Russia"
2025-09-11T17:45:09.127Z,51.6573,159.1871,35.776,4.6,mb,"151 km SSE of Vilyuchinsk, Russia"
2025-09-11T15:43:53.812Z,-16.4743,167.3368,10.0,4.9,mww,"42 km SSW of Lakatoro, Vanuatu"
2025-09-11T14:06:23.942Z,51.2353,159.9008,10.0,4.5,mb,"214 km SSE of Vilyuchinsk, Russia"
2025-09-11T14:02:13.316Z,-63.0531,-63.8138,10.0,4.8,mb,South Shetland Islands
2025-09-11T10:40:37.151Z,51.4261,159.6962,10.0,5.0,mb,"189 km SSE of Vilyuchinsk, Russia"
2025-09-11T10:08:11.823Z,-3.677,-102.9953,10.0,4.9,mb,central East Pacific Rise
2025-09-11T09:43:37.569Z,49.8397,155.7456,80.711,4.5,mb,"96 km SSW of Severo-Kuril’sk, Russia"
2025-09-11T09:26:52.709Z,51.5039,159.5283,35.0,4.7,mb,"176 km SSE of Vilyuchinsk, Russia"
2025-09-11T09:06:26.217Z,-5.5707,131.691,35.0,4.9,mb,"117 km W of Tual, Indonesia"
2025-09-11T08:28:11.332Z,-15.0016,-173.3144,10.0,4.6,mb,"117 km NNE of Hihifo, Tonga"
2025-09-11T06:09:41.405Z,15.1935,120.0363,65.313,4.5,mb,"2 km SSE of Panan, Philippines"
2025-09-11T05:52:44.299Z,51.5942,159.7,35.0,4.8,mb,"173 km SSE of Vilyuchinsk, Russia"
2025-09-11T05:05:54.920Z,51.6012,159.6582,34.798,4.7,mb,"170 km SSE of Vilyuchinsk, Russia"
2025-09-11T04:54:22.035Z,51.5289,159.7602,10.0,5.3,mb,"181 km SSE of Vilyuchinsk, Russia"
2025-09-11T04:53:55.973Z,51.5379,159.6606,10.0,5.0,mb,"177 km SSE of Vilyuchinsk, Russia"
2025-09-11T04:15:57.702Z,8.1028,-38.3825,10.0,4.5,mb,central Mid-Atlantic Ridge
2025-09-11T03:43:12.092Z,50.9747,159.6394,10.0,4.5,mb,"226 km ESE of Ozernovskiy, Russia"
2025-09-11T03:37:30.332Z,51.9818,158.6714,65.925,4.7,mb,"107 km S of Vilyuchinsk, Russia"
2025-09-11T03:37:02.341Z,51.4918,159.5325,35.0,4.7,mb,"177 km SSE of Vilyuchinsk, Russia"
2025-09-11T03:35:11.937Z,51.5535,159.7272,10.0,5.1,mww,"177 km SSE of Vilyuchinsk, Russia"
2025-09-11T03:14:59.008Z,-9.623,112.8724,49.654,5.0,mb,"156 km S of Dampit, Indonesia"
2025-09-10T21:46:04.545Z,51.9725,160.1045,48.566,4.8,mb,"157 km SE of Vilyuchinsk, Russia"
2025-09-10T19:30:24.539Z,52.9664,159.7556,57.486,5.0,mb,"76 km E of Petropavlovsk-Kamchatsky, Russia"
2025-09-10T18:52:45.056Z,-8.1718,-75.8205,10.0,4.9,mb,"77 km E of Tocache, Peru"
2025-09-10T18:36:29.912Z,15.0498,108.1553,10.0,4.5,mb,"32 km SSW of Trà My, Vietnam"
2025-09-10T18:03:51.804Z,51.3825,159.5233,10.0,5.2,mb,"188 km SSE of Vilyuchinsk, Russia"
2025-09-10T17:42:56.824Z,-60.1622,-61.6308,10.0,4.5,mb,Drake Passage
2025-09-10T16:16:01.986Z,22.4055,143.1202,174.318,4.7,mb,"Volcano Islands, Japan region"
2025-09-10T10:31:56.628Z,52.5887,160.8157,35.0,4.5,mb,"156 km ESE of Petropavlovsk-Kamchatsky, Russia"
2025-09-10T08:30:33.659Z,30.463,140.3523,22.997,4.5,mb,"Izu Islands, Japan region"
2025-09-10T06:51:26.692Z,50.7714,157.0498,69.999,4.8,mb,"66 km E of Severo-Kuril’sk, Russia"
2025-09-10T06:25:43.951Z,-0.7281,124.6327,58.426,4.5,mb,"132 km S of Modisi, Indonesia"
2025-09-10T05:14:20.710Z,19.2317,-108.6047,10.0,4.9,mww,Revilla Gigedo Islands region
2025-09-10T05:10:58.189Z,39.2316,144.806,10.0,4.6,mb,"247 km E of Yamada, Japan"
2025-09-09T21:25:56.699Z,51.6608,159.7004,42.971,4.8,mww,"166 km SSE of Vilyuchinsk, Russia"
2025-09-09T20:56:17.457Z,29.504,130.5768,35.0,4.8,mb,"81 km S of Koshima, Japan"
2025-09-09T20:36:57.656Z,19.0029,39.1078,10.0,4.5,mb,"158 km ENE of Tokār, Sudan"
2025-09-09T20:01:35.994Z,53.1244,161.5648,24.129,4.6,mb,"196 km E of Petropavlovsk-Kamchatsky, Russia"
2025-09-09T19:31:43.949Z,42.4522,-126.57,10.0,5.1,mww,"173 km WSW of Port Orford, Oregon"
2025-09-09T19:02:04.606Z,42.4438,-126.5855,10.0,4.9,mww,"174 km WSW of Port Orford, Oregon"
2025-09-09T17:35:20.995Z,-24.2893,-67.1581,174.986,4.5,mb,"85 km W of San Antonio de los Cobres, Argentina"
2025-09-09T17:02:45.122Z,-28.4916,-177.4295,10.0,4.6,mb,Kermadec Islands region
2025-09-09T16:32:08.973Z,42.4293,-126.2798,10.0,4.6,mww,"150 km WSW of Port Orford, Oregon"
2025-09-09T15:46:04.085Z,-2.8837,129.3479,19.031,4.6,mb,"62 km NE of Masohi, Indonesia"
2025-09-09T15:35:59.847Z,-6.4137,131.4916,23.241,4.8,mb,"164 km WSW of Tual, Indonesia"
2025-09-09T15:21:16.445Z,-37.4955,78.1132,10.0,5.3,mww,Mid-Indian Ridge
2025-09-09T14:39:03.748Z,7.8807,-38.6405,10.0,4.6,mb,central Mid-Atlantic Ridge
2025-09-09T13:12:11.047Z,26.6443,54.1759,15.34,4.5,mb,"18 km ENE of Kīsh, Iran"
2025-09-09T13:03:28.206Z,-21.4051,-66.6325,219.565,4.9,mww,"67 km SW of Atocha, Bolivia"
2025-09-09T10:53:29.439Z,-9.9186,121.7796,35.0,4.7,mb,"119 km S of Ende, Indonesia"
2025-09-09T10:35:22.460Z,55.4542,166.3641,10.0,4.7,mb,"258 km ESE of Ust’-Kamchatsk Staryy, Russia"
2025-09-09T06:56:23.768Z,11.2144,125.476,83.937,4.7,mb,"7 km WSW of General MacArthur, Philippines"
2025-09-09T05:59:28.487Z,42.4867,-126.4601,10.0,5.1,mww,"163 km W of Port Orford, Oregon"
2025-09-09T05:59:03.287Z,42.4523,-126.315,8.057,4.9,mb,"152 km WSW of Port Orford, Oregon"
2025-09-09T04:33:37.885Z,49.0112,156.1091,25.765,4.9,mb,"185 km S of Severo-Kuril’sk, Russia"
2025-09-09T04:08:01.584Z,42.36,-126.5618,10.0,5.7,mww,"174 km WSW of Port Orford, Oregon"
2025-09-09T02:13:07.310Z,51.2958,159.4283,28.491,4.5,mb,"194 km SSE of Vilyuchinsk, Russia"
2025-09-09T02:09:32.914Z,6.2494,-82.4704,10.0,4.9,mww,"202 km SSE of Burica, Panama"
2025-09-09T00:23:16.510Z,49.8334,155.8118,64.365,4.7,mb,"96 km SSW of Severo-Kuril’sk, Russia"
2025-09-08T22:49:07.269Z,4.0528,127.934,69.783,4.6,mb,"257 km N of Tobelo, Indonesia"
2025-09-08T22:33:19.764Z,16.2607,-98.1418,10.0,5.2,mb,"5 km ENE of Corralero, Mexico"
2025-09-08T21:47:48.117Z,-21.0025,173.7046,10.0,6.4,mww,Vanuatu region
2025-09-08T21:27:56.372Z,38.2551,24.1197,10.0,5.0,mww,"11 km NW of Néa Stíra, Greece"
2025-09-08T18:52:10.347Z,9.9133,125.5075,143.517,5.3,mww,"10 km WSW of Dinagat, Philippines"
2025-09-08T16:58:21.931Z,-15.1079,-173.8465,10.0,4.6,mb,"93 km N of Hihifo, Tonga"
2025-09-08T14:04:15.192Z,37.066,141.966,44.433,4.5,mb,"89 km ESE of Tomioka, Japan"
2025-09-08T12:55:51.406Z,-56.1601,-25.0535,10.0,4.9,mb,South Sandwich Islands region
2025-09-08T12:51:26.407Z,5.747,125.9377,162.82,4.6,mb,"37 km ESE of Caburan, Philippines"
2025-09-08T11:39:52.168Z,7.7349,136.7563,10.0,4.6,mb,"228 km E of Kayangel, Palau"
2025-09-08T11:32:31.813Z,52.4795,160.8577,10.0,5.0,mww,"163 km ESE of Petropavlovsk-Kamchatsky, Russia"
2025-09-08T10:24:30.038Z,32.1565,140.3549,96.348,4.5,mb,"Izu Islands, Japan region"
2025-09-08T08:26:11.322Z,52.3669,160.7748,10.0,5.1,mb,"164 km ESE of Petropavlovsk-Kamchatsky, Russia"
2025-09-08T05:50:45.261Z,23.7537,122.5237,10.0,4.8,mb,"92 km SSW of Yonakuni, Japan"
2025-09-08T05:34:34.812Z,-6.5347,92.0678,10.0,4.5,mb,South Indian Ocean
2025-09-08T04:23:04.766Z,-0.9822,134.2512,32.556,4.6,mb,"24 km ESE of Manokwari, Indonesia"
2025-09-08T03:45:47.580Z,32.4076,141.7538,10.0,4.6,mb,"Izu Islands, Japan region"
2025-09-08T03:09:59.255Z,-58.1885,-15.9097,10.0,5.1,mb,east of the South Sandwich Islands
2025-09-08T02:13:21.657Z,-19.117,168.6541,35.0,4.5,mb,"80 km NW of Isangel, Vanuatu"
2025-09-08T01:27:24.660Z,-50.791,162.2552,10.0,5.2,mww,"Auckland Islands, New Zealand region"
2025-09-07T23:49:05.118Z,-20.9612,-69.0134,108.208,4.6,mb,"84 km WNW of Ollagüe, Chile"
2025-09-07T23:40:52.357Z,12.3193,142.4637,87.415,4.5,mb,"261 km WSW of Merizo Village, Guam"
2025-09-07T23:24:22.854Z,37.3791,137.0576,10.329,4.5,mb,"21 km NE of Anamizu, Japan"
2025-09-07T23:05:09.998Z,1.2814,126.4633,49.04,4.7,mb,"115 km WNW of Ternate, Indonesia"
2025-09-07T22:58:38.738Z,-36.8899,106.5942,10.0,4.7,mb,southwest of Australia
2025-09-07T21:56:07.233Z,41.9173,81.9796,10.0,4.5,mb,"82 km WNW of Kuqa, China"
2025-09-07T21:24:59.658Z,50.8501,157.1112,79.757,5.0,mb,"72 km ENE of Severo-Kuril’sk, Russia"
2025-09-07T19:08:41.341Z,50.0813,155.8287,75.895,4.8,mb,"69 km SSW of Severo-Kuril’sk, Russia"
2025-09-07T15:36:27.893Z,3.5477,126.7457,46.704,4.5,mb,"245 km NW of Tobelo, Indonesia"
2025-09-07T15:29:11.421Z,-6.4454,130.7902,89.641,4.9,mb,"235 km WSW of Tual, Indonesia"
2025-09-07T10:38:40.325Z,-7.0091,150.2701,10.0,4.8,mb,"119 km SE of Kandrian, Papua New Guinea"
2025-09-07T09:35:09.687Z,39.2065,28.1295,10.0,4.9,mww,"5 km SW of Sındırgı, Turkey"
2025-09-07T08:47:57.246Z,52.2773,160.4729,10.0,4.9,mb,"152 km SE of Petropavlovsk-Kamchatsky, Russia"
2025-09-07T08:40:45.595Z,51.2443,157.5855,78.229,4.5,mb,"80 km ESE of Ozernovskiy, Russia"
2025-09-07T08:31:26.163Z,52.1658,160.4818,10.0,5.0,mb,"160 km SE of Petropavlovsk-Kamchatsky, Russia"
2025-09-07T07:29:07.651Z,9.2452,126.908,10.0,5.1,mww,"76 km ENE of Bacolod, Philippines"
2025-09-07T06:51:08.246Z,26.2732,141.0657,117.054,4.5,mb,"Bonin Islands, Japan region"
2025-09-07T05:08:49.716Z,-16.0342,-75.5304,10.0,4.6,mb,"83 km SSW of San Juan, Peru"
2025-09-07T04:12:30.874Z,-24.32,-67.1008,167.076,4.5,mb,"80 km W of San Antonio de los Cobres, Argentina"
2025-09-07T03:17:06.030Z,19.0137,96.264,10.0,4.6,mb,"19 km WNW of Taungoo, Burma (Myanmar)"
2025-09-07T00:01:20.684Z,34.6792,70.6092,10.0,4.5,mb,"31 km NNE of Jalālābād, Afghanistan"
2025-09-06T21:14:01.851Z,52.3982,160.1575,43.492,4.6,mb,"127 km SE of Petropavlovsk-Kamchatsky, Russia"
2025-09-06T21:09:17.356Z,52.3174,160.1852,30.832,4.7,mb,"134 km SE of Petropavlovsk-Kamchatsky, Russia"
2025-09-06T20:40:42.434Z,52.3153,-169.4988,37.69,5.4,mww,"81 km SSW of Nikolski, Alaska"
2025-09-06T20:00:57.904Z,51.7562,158.1845,72.653,4.9,mb,"120 km ENE of Ozernovskiy, Russia"
2025-09-06T19:55:06.035Z,-37.4133,178.6202,43.92,5.0,mb,"35 km NE of Hicks Bay, New Zealand"
2025-09-06T18:51:29.988Z,-17.7485,-178.3923,558.289,4.7,mb,"245 km E of Levuka, Fiji"
2025-09-06T17:33:35.523Z,32.2667,142.0712,10.0,4.5,mb,"Izu Islands, Japan region"
2025-09-06T17:33:06.845Z,32.25,142.1296,10.0,4.6,mb,"Izu Islands, Japan region"
2025-09-06T16:08:28.166Z,51.454,159.518,10.0,4.8,mww,"181 km SSE of Vilyuchinsk, Russia"
2025-09-06T12:46:22.183Z,-11.312,165.8242,55.485,4.5,mb,"64 km S of Lata, Solomon Islands"
2025-09-06T11:02:17.143Z,43.2761,-28.9956,10.0,4.7,mb,northern Mid-Atlantic Ridge
2025-09-06T06:25:25.833Z,54.1089,-159.9425,10.0,5.1,mww,"141 km SSE of Sand Point, Alaska"
2025-09-06T06:18:12.858Z,-22.5477,170.9152,35.0,4.7,mb,southeast of the Loyalty Islands
2025-09-06T05:35:18.463Z,-18.7412,168.8691,167.308,4.5,mb,"98 km NNW of Isangel, Vanuatu"
2025-09-06T03:14:48.524Z,57.5867,119.7191,10.0,4.6,mb,"116 km NE of Chara, Russia"
2025-09-05T21:48:28.363Z,11.6148,-85.8245,195.012,4.5,mb,"13 km NNE of Potosí, Nicaragua"
2025-09-05T21:05:28.061Z,49.0858,156.0926,30.416,4.6,mb,"176 km S of Severo-Kuril’sk, Russia"
2025-09-05T20:55:10.484Z,49.1633,156.1058,39.687,5.2,mww,"168 km S of Severo-Kuril’sk, Russia"
2025-09-05T20:27:41.947Z,32.9882,102.963,10.0,4.5,mb,"90 km ESE of Cairima, China"
2025-09-05T19:28:27.677Z,-23.4533,-179.9944,536.206,4.5,mb,south of the Fiji Islands
2025-09-05T17:43:39.971Z,72.6397,3.906,10.0,4.7,mww,Norwegian Sea
2025-09-05T17:42:32.285Z,-1.821,-81.0466,3.061,5.4,mww,"44 km NNW of Salinas, Ecuador"
2025-09-05T17:25:50.466Z,34.5525,70.6837,10.0,5.2,mb,"25 km ENE of Jalālābād, Afghanistan"
2025-09-05T16:29:07.697Z,-9.6347,113.7339,52.334,4.6,mb,"144 km SSW of Gambiran Satu, Indonesia"
2025-09-05T16:19:24.697Z,31.0108,143.0862,10.0,4.5,mb,"Izu Islands, Japan region"
2025-09-05T15:06:56.839Z,-60.3049,-62.8163,10.0,4.7,mb,Drake Passage
2025-09-05T14:27:58.835Z,-7.5618,-79.9607,53.72,4.5,mb,"46 km WSW of Pacasmayo, Peru"
2025-09-05T13:59:06.746Z,-25.4394,-177.1288,137.709,4.6,mb,south of the Fiji Islands
2025-09-05T12:21:49.442Z,33.3622,139.1847,10.0,4.5,mb,"147 km S of Shimoda, Japan"
2025-09-05T12:05:20.743Z,-7.2592,129.3381,154.863,4.5,mb,"293 km ENE of Lospalos, Timor Leste"
2025-09-05T09:29:15.851Z,-6.1202,146.4662,114.63,4.6,mb,"69 km ENE of Kainantu, Papua New Guinea"
2025-09-05T06:58:36.996Z,-59.2055,-17.2326,10.0,4.7,mb,east of the South Sandwich Islands
2025-09-05T06:33:13.624Z,15.8388,-96.2319,33.717,4.7,mb,"9 km ENE of Cuapinolito (Azulillo), Mexico"
2025-09-05T05:37:44.496Z,34.6969,70.789,10.0,4.5,mb,"38 km WSW of Asadābād, Afghanistan"
2025-09-05T04:01:21.792Z,-17.4158,-178.7573,552.972,4.5,mb,"216 km ENE of Levuka, Fiji"
2025-09-05T02:16:47.737Z,34.7254,70.6555,10.0,4.8,mb,"38 km NNE of Jalālābād, Afghanistan"
2025-09-05T01:32:01.544Z,34.5564,70.7886,10.0,4.7,mb,"34 km ENE of Jalālābād, Afghanistan"
2025-09-05T01:30:02.494Z,34.8172,70.8104,8.988,5.3,mb,"31 km WSW of Asadābād, Afghanistan"
2025-09-05T01:27:41.972Z,-23.3907,-175.4457,36.768,5.0,mb,"232 km SSW of ‘Ohonua, Tonga"
2025-09-04T23:21:11.040Z,10.9916,138.592,10.0,4.5,mb,"171 km NNE of Colonia, Micronesia"
2025-09-04T22:38:37.778Z,52.3004,160.7564,10.0,5.2,mww,"167 km ESE of Petropavlovsk-Kamchatsky, Russia"
2025-09-04T21:46:40.248Z,34.7018,70.6667,10.0,4.9,mb,"36 km NNE of Jalālābād, Afghanistan"
2025-09-04T20:03:03.698Z,11.7318,-87.459,39.674,4.9,mb,"88 km SSW of Corinto, Nicaragua"
2025-09-04T19:54:26.248Z,52.1859,-169.4297,35.0,5.2,mww,"92 km SSW of Nikolski, Alaska"
2025-09-04T19:48:03.314Z,-1.8147,137.3545,27.436,4.5,mb,"158 km ESE of Biak, Indonesia"
2025-09-04T19:01:14.016Z,52.1866,-169.4951,35.0,5.2,mww,"94 km SSW of Nikolski, Alaska"
2025-09-04T16:56:26.361Z,34.6972,70.758,16.505,5.6,mww,"40 km WSW of Asadābād, Afghanistan"
2025-09-04T12:55:46.994Z,51.9986,160.378,10.0,4.5,mb,"167 km SE of Petropavlovsk-Kamchatsky, Russia"
2025-09-04T11:58:59.016Z,-19.4046,169.6941,35.0,4.5,mb,"45 km ENE of Isangel, Vanuatu"
2025-09-04T11:10:15.301Z,-19.4817,169.7526,34.312,5.1,mb,"49 km E of Isangel, Vanuatu"
2025-09-04T11:08:01.286Z,-19.3256,169.7102,35.0,4.5,mb,"50 km ENE of Isangel, Vanuatu"
2025-09-04T10:40:34.868Z,-19.3442,169.6929,35.0,4.5,mb,"48 km ENE of Isangel, Vanuatu"
2025-09-04T10:23:57.484Z,39.1271,142.8068,35.0,4.5,mb,"82 km ESE of Ōtsuchi, Japan"
2025-09-04T10:06:03.754Z,26.4927,140.471,385.072,4.7,mb,"Bonin Islands, Japan region"
2025-09-04T09:38:40.579Z,-4.8633,153.4113,60.303,5.2,mb,"139 km ESE of Kokopo, Papua New Guinea"
2025-09-04T07:15:06.232Z,41.8075,82.0929,10.0,4.7,mb,"70 km W of Kuqa, China"
2025-09-04T06:34:23.299Z,51.9703,158.1461,83.176,4.5,mb,"108 km S of Vilyuchinsk, Russia"
2025-09-04T05:10:52.494Z,34.624,70.7561,10.0,4.7,mb,"35 km NE of Jalālābād, Afghanistan"
2025-09-04T04:37:49.099Z,11.6636,141.8368,10.0,5.2,mb,"254 km NE of Fais, Micronesia"
2025-09-04T04:36:30.634Z,-9.2397,124.1181,101.893,4.5,mb,"29 km W of Pante Makasar, Timor Leste"
2025-09-04T04:22:01.077Z,21.5879,95.5933,10.0,4.5,mb,"25 km ENE of Myingyan, Burma (Myanmar)"
2025-09-04T04:10:19.917Z,-24.1304,-67.1572,182.0,5.9,mww,"85 km W of San Antonio de los Cobres, Argentina"
2025-09-04T04:10:08.732Z,-24.3102,-67.0928,172.477,5.0,mb,"79 km W of San Antonio de los Cobres, Argentina"
2025-09-04T02:40:32.948Z,4.6501,92.2411,10.0,4.5,mb,off the west coast of northern Sumatra
2025-09-04T01:09:57.926Z,-0.8989,120.3595,10.0,4.5,mb,"54 km E of Palu, Indonesia"
2025-09-04T01:01:49.984Z,2.9189,125.8797,131.199,4.6,mb,"183 km NNE of Bitung, Indonesia"
2025-09-04T00:29:42.105Z,52.1171,-169.4631,35.0,4.6,mb,"100 km SSW of Nikolski, Alaska"
2025-09-04T00:25:49.801Z,-2.7517,130.2049,10.0,4.5,mb,"150 km ENE of Masohi, Indonesia"
2025-09-04T00:14:26.215Z,-2.7285,130.133,9.194,4.9,mww,"143 km ENE of Masohi, Indonesia"
2025-09-03T23:56:39.604Z,52.2025,159.0263,61.666,4.9,mb,"91 km SSE of Vilyuchinsk, Russia"
2025-09-03T23:23:49.952Z,-9.5616,158.4298,10.0,4.7,mb,"142 km W of Malango, Solomon Islands"
2025-09-03T23:07:11.585Z,-23.2002,172.4082,10.0,4.6,mb,southeast of the Loyalty Islands
2025-09-03T23:04:25.454Z,9.6784,126.2416,32.153,4.5,mb,"16 km ESE of Union, Philippines"
2025-09-03T22:56:11.878Z,-23.3892,-175.707,35.0,5.0,mb,"239 km SSW of ‘Ohonua, Tonga"
2025-09-03T22:45:45.860Z,9.6436,126.3902,35.0,5.0,mb,"33 km ESE of Union, Philippines"
2025-09-03T20:57:47.645Z,52.207,-169.5044,18.0,5.9,mww,"92 km SSW of Nikolski, Alaska"
2025-09-03T20:31:16.568Z,27.3882,129.3926,23.212,4.6,mb,"55 km SE of Isen, Japan"
2025-09-03T18:39:33.267Z,-4.0111,142.9279,68.88,4.8,mb,"25 km NNE of Ambunti, Papua New Guinea"
2025-09-03T17:02:52.607Z,52.4694,160.352,24.799,4.5,mb,"133 km ESE of Petropavlovsk-Kamchatsky, Russia"
2025-09-03T17:02:03.746Z,51.2292,158.1545,69.552,4.5,mb,"118 km ESE of Ozernovskiy, Russia"
2025-09-03T16:41:13.564Z,-1.7993,139.1109,22.998,4.9,mb,"190 km WNW of Abepura, Indonesia"
2025-09-03T14:56:45.140Z,-1.5015,-77.856,161.773,5.3,mww,"16 km E of Puyo, Ecuador"
2025-09-03T13:51:12.283Z,49.9923,158.7005,10.0,4.5,mb,"198 km ESE of Severo-Kuril’sk, Russia"
2025-09-03T13:45:33.556Z,-20.5024,-177.8381,532.426,4.7,mb,"274 km WNW of Houma, Tonga"
2025-09-03T12:41:35.233Z,-12.1686,166.5046,93.295,4.6,mb,"177 km SSE of Lata, Solomon Islands"
2025-09-03T12:26:31.180Z,-5.4566,153.7616,35.0,4.5,mb,"206 km SE of Kokopo, Papua New Guinea"
2025-09-03T10:18:41.752Z,-1.92,139.1436,25.027,4.7,mb,"181 km WNW of Abepura, Indonesia"
2025-09-03T07:34:26.070Z,-60.4174,-62.4535,10.0,4.9,mb,Drake Passage
2025-09-03T04:02:19.793Z,51.877,160.1195,35.0,4.9,mww,"165 km SE of Vilyuchinsk, Russia"
2025-09-03T03:38:18.866Z,51.4122,159.4654,10.0,5.2,mww,"183 km SSE of Vilyuchinsk, Russia"
2025-09-03T03:25:59.350Z,31.0111,-8.2571,9.076,4.5,mb,"43 km WSW of Oukaïmedene, Morocco"
2025-09-03T03:20:21.859Z,51.436,159.5406,35.0,4.7,mb,"183 km SSE of Vilyuchinsk, Russia"
2025-09-03T00:37:56.691Z,-23.7317,170.4312,10.0,5.0,mww,southeast of the Loyalty Islands
2025-09-03T00:21:29.895Z,-6.0279,150.2339,35.0,4.7,mb,"53 km SSE of Kimbe, Papua New Guinea"
2025-09-03T00:15:24.816Z,-11.4393,165.5204,10.0,5.0,mb,"84 km SSW of Lata, Solomon Islands"
2025-09-02T23:53:12.343Z,-0.93,120.3686,10.0,5.0,mww,"55 km E of Palu, Indonesia"
2025-09-02T22:12:58.829Z,-20.3625,-177.6239,469.676,4.7,mb,"257 km WNW of Houma, Tonga"
2025-09-02T20:14:28.907Z,-23.3474,170.7457,10.0,5.0,mb,southeast of the Loyalty Islands
2025-09-02T20:04:46.982Z,-7.024,150.1524,10.0,4.8,mb,"112 km SE of Kandrian, Papua New Guinea"
2025-09-02T17:40:49.844Z,51.542,159.5575,36.094,4.5,mb,"173 km SSE of Vilyuchinsk, Russia"
2025-09-02T17:10:35.602Z,-33.1049,-178.567,10.0,4.9,mb,south of the Kermadec Islands
2025-09-02T16:02:55.015Z,-30.8782,-178.1211,35.0,4.7,mb,"Kermadec Islands, New Zealand"
2025-09-02T15:50:17.406Z,-20.8579,-178.7333,548.336,4.5,mb,Fiji region
2025-09-02T14:39:26.944Z,51.3747,158.4227,53.255,4.7,mb,"134 km E of Ozernovskiy, Russia"
2025-09-02T13:10:21.943Z,-3.4265,129.2662,10.0,4.7,mb,"35 km ESE of Masohi, Indonesia"
2025-09-02T13:04:59.476Z,51.553,159.4942,42.741,4.5,mb,"170 km SSE of Vilyuchinsk, Russia"
2025-09-02T12:38:35.754Z,-3.5108,68.4291,10.0,4.6,mb,Chagos Archipelago region
2025-09-02T12:29:38.946Z,34.6057,70.763,10.0,5.2,mb,"34 km NE of Jalālābād, Afghanistan"
2025-09-02T12:18:46.311Z,48.2049,157.1677,10.0,4.6,mb,"284 km SSE of Severo-Kuril’sk, Russia"
2025-09-02T11:56:34.539Z,49.5277,157.461,10.0,4.7,mb,"159 km SE of Severo-Kuril’sk, Russia"
2025-09-02T11:25:04.025Z,52.6415,160.5051,35.0,5.1,mb,"134 km ESE of Petropavlovsk-Kamchatsky, Russia"
2025-09-02T08:21:28.102Z,2.4029,128.4917,230.487,4.5,mb,"91 km NE of Tobelo, Indonesia"
2025-09-02T07:58:49.958Z,40.6139,78.8172,10.0,4.9,mb,"85 km NNW of Tumxuk, China"
2025-09-02T07:09:19.254Z,9.6602,122.2503,10.0,4.6,mb,"19 km WSW of Maricalom, Philippines"
2025-09-02T05:12:42.921Z,13.0953,144.6742,52.351,4.5,mb,"18 km S of Merizo Village, Guam"
2025-09-02T04:00:48.049Z,49.2905,157.7345,10.0,4.5,mb,"192 km SE of Severo-Kuril’sk, Russia"
2025-09-02T03:37:29.792Z,51.2454,-173.9464,13.369,4.7,mb,"107 km S of Atka, Alaska"
2025-09-02T03:32:31.323Z,30.6722,140.1285,10.0,5.3,mww,"Izu Islands, Japan region"
2025-09-02T02:29:29.010Z,18.8533,120.5426,10.0,4.7,mb,"41 km NW of Pagudpud, Philippines"
2025-09-02T02:02:00.348Z,-4.1792,128.6891,9.651,4.6,mb,"77 km SE of Ambon, Indonesia"
2025-09-01T21:38:20.472Z,22.9779,-109.6979,10.0,4.8,mww,"8 km S of San José del Cabo, Mexico"
2025-09-01T21:35:18.014Z,0.495,126.5682,52.799,4.5,mb,"96 km WSW of Ternate, Indonesia"
2025-09-01T19:19:10.795Z,56.2682,-152.1728,11.1,4.6,ml,"125 km SSE of Old Harbor, Alaska"
2025-09-01T19:09:50.920Z,56.1701,-152.0818,11.9,4.5,mww,"137 km SSE of Old Harbor, Alaska"
2025-09-01T16:12:08.858Z,52.159,160.2778,44.436,4.5,mb,"150 km SE of Petropavlovsk-Kamchatsky, Russia"
2025-09-01T15:35:45.250Z,51.7899,159.3228,35.0,4.5,mb,"141 km SSE of Vilyuchinsk, Russia"
2025-09-01T15:06:11.116Z,50.9647,160.1123,10.0,4.6,mb,"248 km SSE of Vilyuchinsk, Russia"
2025-09-01T13:48:01.348Z,-30.654,-71.2748,56.106,4.6,mb,"9 km SW of Ovalle, Chile"
2025-09-01T11:58:43.016Z,51.727,159.6954,31.565,4.9,mb,"160 km SSE of Vilyuchinsk, Russia"
2025-09-01T11:45:47.630Z,56.2886,-152.0314,10.5,4.9,mww,"128 km SE of Old Harbor, Alaska"
2025-09-01T11:08:50.285Z,56.3683,-152.1691,11.6,4.6,mb,"116 km SE of Old Harbor, Alaska"
2025-09-01T11:07:24.770Z,56.1959,-152.0801,11.6,4.7,mb,"134 km SSE of Old Harbor, Alaska"
2025-09-01T11:02:09.766Z,56.2482,-151.9738,12.0,5.6,mww,"133 km SE of Old Harbor, Alaska"
2025-09-01T08:58:24.362Z,-6.3743,149.3391,32.99,5.0,mb,"29 km SW of Kandrian, Papua New Guinea"
2025-09-01T07:38:33.874Z,-24.1923,-66.9878,176.971,4.8,mb,"68 km W of San Antonio de los Cobres, Argentina"
2025-09-01T06:47:55.918Z,51.698,159.7912,33.141,4.7,mb,"166 km SE of Vilyuchinsk, Russia"
2025-09-01T05:01:47.478Z,34.6356,70.6623,10.0,4.6,mb,"30 km NE of Jalālābād, Afghanistan"
2025-09-01T04:26:03.574Z,51.7948,159.5325,35.0,4.6,mb,"147 km SSE of Vilyuchinsk, Russia"
2025-09-01T03:59:14.014Z,51.457,159.4595,35.0,4.8,mb,"179 km SSE of Vilyuchinsk, Russia"
2025-09-01T03:53:25.627Z,51.5596,159.7074,29.499,4.6,mb,"176 km SSE of Vilyuchinsk, Russia"
2025-09-01T02:43:45.617Z,34.705,70.7777,10.0,4.7,mb,"38 km WSW of Asadābād, Afghanistan"
2025-09-01T01:59:18.438Z,50.5248,157.8161,28.78,4.7,mb,"120 km E of Severo-Kuril’sk, Russia"
2025-09-01T01:43:56.110Z,51.137,157.3056,83.788,4.5,mb,"68 km SE of Ozernovskiy, Russia"
2025-08-31T23:46:27.869Z,34.7164,70.7355,8.457,5.2,mb,"41 km NE of Jalālābād, Afghanistan"
2025-08-31T23:04:31.227Z,-8.176,107.481,35.0,4.5,mb,"108 km S of Banjar, Indonesia"
2025-08-31T21:41:06.604Z,34.756,70.6969,10.0,4.5,mb,"42 km NNE of Jalālābād, Afghanistan"
2025-08-31T21:39:55.643Z,11.8039,141.3984,35.0,4.5,mb,"245 km NNE of Fais, Micronesia"
2025-08-31T21:33:20.052Z,34.7363,70.7649,10.0,5.2,mb,"38 km WSW of Asadābād, Afghanistan"
2025-08-31T21:19:40.993Z,51.3268,-173.9362,10.0,4.5,mb,"98 km S of Atka, Alaska"
2025-08-31T19:38:06.602Z,34.5804,70.7936,10.0,4.5,mb,"35 km ENE of Jalālābād, Afghanistan"
2025-08-31T19:17:34.124Z,34.7106,70.8087,8.0,6.0,mww,"35 km WSW of Asadābād, Afghanistan"
2025-08-31T17:10:43.686Z,51.22,159.3297,10.0,4.8,mb,"199 km E of Ozernovskiy, Russia"
2025-08-31T16:24:27.451Z,-58.3758,-25.6202,67.461,5.6,mww,South Sandwich Islands region
2025-08-31T16:13:52.415Z,27.2093,126.5004,158.972,4.6,mb,"141 km WNW of Ie, Japan"
2025-08-31T15:10:46.879Z,-24.2718,-66.9523,181.723,4.5,mb,"64 km W of San Antonio de los Cobres, Argentina"
2025-08-31T13:27:38.609Z,51.9143,158.3912,77.264,4.5,mb,"113 km S of Vilyuchinsk, Russia"
2025-08-31T13:10:40.267Z,-35.3341,-105.0972,10.0,4.7,mb,southern East Pacific Rise
2025-08-31T10:58:37.230Z,-4.4676,153.5383,108.916,4.6,mb,"141 km E of Kokopo, Papua New Guinea"
2025-08-31T08:16:06.627Z,-6.445,147.3034,72.135,4.9,mb,"45 km NE of Lae, Papua New Guinea"
2025-08-31T07:49:53.171Z,7.3003,123.4816,10.0,4.9,mb,"17 km SSE of Malim, Philippines"
2025-08-31T07:11:23.178Z,-23.3734,179.0041,546.395,4.6,mb,south of the Fiji Islands
2025-08-31T04:18:39.180Z,50.9418,158.6839,35.0,4.5,mb,"164 km ESE of Ozernovskiy, Russia"
2025-08-31T04:09:01.683Z,-15.9117,-75.5832,10.0,4.5,mb,"75 km SW of San Juan, Peru"
2025-08-31T03:59:41.743Z,-15.888,-75.4768,10.0,4.7,mb,"66 km SSW of San Juan, Peru"
2025-08-31T03:50:18.687Z,-21.391,-11.8515,10.0,5.2,mww,southern Mid-Atlantic Ridge
2025-08-31T01:14:44.970Z,0.5931,98.5165,66.916,4.5,mb,"79 km E of Teluk Dalam, Indonesia"
2025-08-31T00:44:04.215Z,3.35,-84.1606,10.0,4.6,mb,off the coast of Central America
2025-08-31T00:35:13.185Z,3.323,-84.304,10.0,4.7,mww,off the coast of Central America
2025-08-31T00:30:17.300Z,2.0449,126.6728,35.0,4.6,mb,"152 km WNW of Tobelo, Indonesia"
2025-08-30T23:50:25.853Z,52.6895,160.303,56.773,4.7,mb,"120 km ESE of Petropavlovsk-Kamchatsky, Russia"
2025-08-30T23:03:53.591Z,-6.1522,131.283,64.093,4.8,mb,"172 km WSW of Tual, Indonesia"
2025-08-30T21:50:34.213Z,6.885,-73.1159,147.324,4.5,mb,"13 km SSW of Piedecuesta, Colombia"
2025-08-30T20:09:27.619Z,-11.5525,166.3607,60.034,5.5,mww,"110 km SE of Lata, Solomon Islands"
2025-08-30T18:59:53.401Z,41.1396,-116.7192,8.1,4.8,mw,"51 km NE of Valmy, Nevada"
2025-08-30T18:58:45.925Z,-6.2897,151.9767,10.0,4.7,mb,"217 km S of Kokopo, Papua New Guinea"
2025-08-30T17:16:38.977Z,-12.9498,166.631,81.472,4.8,mww,"142 km NW of Sola, Vanuatu"
2025-08-30T17:05:31.112Z,15.4223,96.3416,10.0,4.7,mww,"119 km SE of Pyapon, Burma (Myanmar)"
2025-08-30T16:59:41.326Z,49.9692,157.3925,24.387,5.0,mww,"119 km SE of Severo-Kuril’sk, Russia"
2025-08-30T14:58:50.189Z,-11.6361,166.1774,55.573,5.1,mww,"109 km SSE of Lata, Solomon Islands"
2025-08-30T13:35:34.169Z,-4.8112,103.0418,65.038,5.0,mb,"89 km SSW of Pagar Alam, Indonesia"
2025-08-30T10:34:00.706Z,31.5239,50.1367,10.0,4.5,mb,"57 km ENE of Rāmhormoz, Iran"
2025-08-30T09:35:17.566Z,-32.2113,-13.2885,10.0,5.0,mb,southern Mid-Atlantic Ridge
2025-08-30T09:26:37.160Z,39.4538,141.8821,72.464,4.7,mww,"6 km WSW of Yamada, Japan"
2025-08-30T07:50:06.108Z,34.5242,16.3568,12.706,4.7,mww,"220 km SE of Marsaskala, Malta"
2025-08-29T23:53:58.326Z,52.1538,160.0609,57.838,5.1,mb,"140 km SE of Petropavlovsk-Kamchatsky, Russia"
2025-08-29T23:48:30.294Z,53.2404,159.8481,73.815,5.0,mww,"83 km ENE of Petropavlovsk-Kamchatsky, Russia"
2025-08-29T22:58:35.442Z,50.8858,157.0731,79.74,5.2,mb,"70 km ENE of Severo-Kuril’sk, Russia"
2025-08-29T21:48:43.165Z,-18.9533,-69.4163,112.094,4.6,mb,"39 km N of Camiña, Chile"
2025-08-29T20:00:48.303Z,49.6131,158.6953,10.0,4.5,mb,"218 km ESE of Severo-Kuril’sk, Russia"
2025-08-29T18:42:09.043Z,3.7264,128.5381,60.52,4.5,mb,"228 km NNE of Tobelo, Indonesia"
2025-08-29T16:51:01.204Z,37.2958,141.7003,47.843,4.9,mww,"60 km E of Tomioka, Japan"
2025-08-29T16:29:22.449Z,38.4534,142.0646,51.698,5.5,mww,"53 km E of Onagawa Chō, Japan"
2025-08-29T14:02:16.115Z,-8.4015,108.8627,89.559,4.6,mb,"76 km SSW of Cilacap, Indonesia"
2025-08-29T11:32:53.268Z,42.0247,72.9254,10.0,4.6,mb,"16 km N of Toktogul, Kyrgyzstan"
2025-08-29T10:16:04.667Z,-1.8823,140.7671,10.0,4.7,mb,"72 km N of Jayapura, Indonesia"
2025-08-29T10:08:09.816Z,51.495,159.8786,29.385,4.5,mb,"188 km SSE of Vilyuchinsk, Russia"
2025-08-29T09:45:17.832Z,50.4134,159.0824,10.0,4.8,mb,"211 km E of Severo-Kuril’sk, Russia"
2025-08-29T09:14:25.405Z,51.7122,179.5965,81.285,5.1,mww,"260 km W of Adak, Alaska"
2025-08-29T09:09:50.233Z,49.2785,155.3187,67.254,4.5,mb,"165 km SSW of Severo-Kuril’sk, Russia"
2025-08-29T06:53:21.960Z,51.4441,159.7871,10.0,4.9,mb,"190 km SSE of Vilyuchinsk, Russia"
2025-08-29T04:56:39.982Z,49.9239,159.3342,10.0,4.6,mb,"243 km ESE of Severo-Kuril’sk, Russia"
2025-08-29T04:41:14.550Z,51.8379,159.8056,35.0,4.5,mb,"154 km SE of Vilyuchinsk, Russia"
2025-08-29T04:21:00.902Z,52.0672,160.318,35.0,4.6,mb,"159 km SE of Petropavlovsk-Kamchatsky, Russia"
2025-08-29T03:40:43.952Z,49.9147,159.3534,10.0,4.7,mb,"244 km ESE of Severo-Kuril’sk, Russia"
2025-08-29T00:44:17.971Z,10.0457,125.8534,87.356,4.7,mb,"19 km WNW of San Benito, Philippines"
2025-08-28T23:58:29.803Z,52.3708,160.5584,10.0,4.7,mb,"151 km ESE of Petropavlovsk-Kamchatsky, Russia"
2025-08-28T22:10:35.566Z,52.2581,160.7256,10.0,5.0,mww,"167 km ESE of Petropavlovsk-Kamchatsky, Russia"
2025-08-28T19:54:32.289Z,36.6497,141.0197,91.72,4.6,mb,"28 km ESE of Takahagi, Japan"
2025-08-28T18:58:40.139Z,-60.3491,-61.8384,10.0,4.5,mb,Drake Passage
2025-08-28T17:36:43.617Z,5.4512,128.0449,10.0,4.5,mb,"229 km ESE of Pondaguitan, Philippines"
2025-08-28T17:02:59.786Z,-22.3676,-65.8268,270.762,4.8,mb,"37 km SW of La Quiaca, Argentina"
2025-08-28T14:46:05.928Z,13.2104,-90.9184,35.0,4.6,mb,"80 km S of Puerto San José, Guatemala"
2025-08-28T14:16:30.974Z,48.8544,156.0836,10.0,4.9,mb,"202 km S of Severo-Kuril’sk, Russia"
2025-08-28T12:08:54.024Z,13.527,120.3513,62.176,4.6,mb,"12 km NW of Harrison, Philippines"
2025-08-28T11:40:20.747Z,-20.6779,169.753,50.249,5.2,mww,"135 km SSE of Isangel, Vanuatu"
2025-08-28T11:07:48.125Z,52.1251,179.9386,130.0,5.9,mww,"237 km W of Adak, Alaska"
2025-08-28T09:50:07.416Z,42.9627,146.0068,32.171,4.5,mb,"53 km SE of Nemuro, Japan"
2025-08-28T09:28:55.322Z,32.4189,141.7133,10.0,4.5,mb,"Izu Islands, Japan region"
2025-08-28T07:03:09.780Z,7.0369,-82.1321,10.0,4.5,mb,"115 km SW of Río Grande, Panama"
2025-08-28T06:51:52.346Z,51.2058,159.5623,10.0,4.5,mb,"207 km SSE of Vilyuchinsk, Russia"
2025-08-28T04:31:38.218Z,-5.7179,152.5813,10.0,5.2,mb,"155 km SSE of Kokopo, Papua New Guinea"
2025-08-28T03:12:51.110Z,26.6648,127.762,53.997,4.8,mww,"6 km SW of Ie, Japan"
2025-08-28T02:54:52.934Z,48.4259,84.2462,10.0,4.5,mb,"45 km ESE of Kurchum, Kazakhstan"
2025-08-28T02:22:53.065Z,49.562,92.4647,10.0,5.4,mb,"54 km SSE of Ulaangom, Mongolia"
2025-08-28T02:15:41.622Z,-4.6311,104.7303,193.05,4.9,mb,"27 km NW of Kotabumi, Indonesia"
2025-08-28T01:34:11.475Z,-30.7593,-177.8487,49.896,4.5,mb,"Kermadec Islands, New Zealand"
2025-08-28T00:32:51.314Z,-10.1817,160.9105,15.093,4.6,mb,"114 km WNW of Kirakira, Solomon Islands"
2025-08-27T14:40:10.990Z,-6.8296,131.5473,10.0,4.6,mb,"188 km SW of Tual, Indonesia"
2025-08-27T13:27:11.624Z,36.467,71.3831,138.771,5.1,mww,"27 km SSW of Ashkāsham, Afghanistan"
2025-08-27T13:10:59.947Z,24.8222,121.9111,114.91,5.3,mww,"17 km ENE of Yilan, Taiwan"
2025-08-27T10:19:59.597Z,3.0842,65.2326,10.0,5.2,mww,Carlsberg Ridge
2025-08-27T08:28:50.461Z,51.6021,159.3397,35.0,4.5,mb,"161 km SSE of Vilyuchinsk, Russia"
2025-08-27T07:14:05.960Z,51.6558,159.9843,10.0,4.9,mb,"178 km SE of Vilyuchinsk, Russia"
2025-08-27T05:37:33.505Z,-16.3254,167.4168,27.168,4.9,mb,"24 km S of Lakatoro, Vanuatu"
2025-08-27T05:34:03.566Z,-55.3038,-26.8856,10.0,5.0,mb,South Sandwich Islands region
2025-08-27T03:49:50.441Z,50.7675,157.4273,40.0,6.0,mww,"92 km E of Severo-Kuril’sk, Russia"
2025-08-27T02:19:51.598Z,-18.132,168.3039,18.282,4.5,mb,"43 km S of Port-Vila, Vanuatu"
2025-08-27T01:31:08.514Z,-5.5624,150.9183,94.546,4.9,mb,"86 km E of Kimbe, Papua New Guinea"
2025-08-27T00:10:36.929Z,-24.8269,-175.6649,35.0,5.2,mb,south of Tonga
2025-08-27T00:04:37.994Z,-61.8937,-64.6163,10.0,5.2,mb,Drake Passage
2025-08-26T22:14:44.891Z,-16.0765,-172.1508,10.0,4.7,mb,"176 km E of Hihifo, Tonga"
2025-08-26T20:33:38.281Z,42.443,48.2426,66.28,5.4,mww,"21 km ENE of Novokayakent, Russia"
2025-08-26T20:16:10.377Z,33.0193,88.3561,10.0,5.0,mb,western Xizang
2025-08-26T19:45:47.012Z,8.6228,126.3529,74.651,4.8,mb,"15 km NE of Gamut, Philippines"
2025-08-26T19:15:26.207Z,-6.7731,129.4486,165.352,4.6,mb,Banda Sea
2025-08-26T17:57:45.486Z,-60.4935,-26.2138,10.0,4.5,mb,South Sandwich Islands region
2025-08-26T14:55:10.864Z,50.0572,159.4598,10.0,4.6,mb,"246 km ESE of Severo-Kuril’sk, Russia"
2025-08-26T12:44:14.657Z,22.2315,143.6738,131.816,4.5,mb,"Volcano Islands, Japan region"
2025-08-26T12:25:28.568Z,13.0947,-91.0654,31.699,5.1,mww,"95 km SSW of Puerto San José, Guatemala"
2025-08-26T10:32:13.269Z,51.0471,159.1274,27.747,4.8,mb,"189 km ESE of Ozernovskiy, Russia"
2025-08-26T10:11:07.684Z,2.5504,128.1961,136.215,4.7,mb,"93 km NNE of Tobelo, Indonesia"
2025-08-26T08:39:17.456Z,-6.3772,154.4982,60.089,4.8,mb,"109 km W of Panguna, Papua New Guinea"
2025-08-26T08:03:46.843Z,54.438,-160.0697,31.197,5.0,mww,"103 km SSE of Sand Point, Alaska"
2025-08-26T05:54:30.375Z,-12.5107,166.5385,68.261,4.9,mb,"186 km NW of Sola, Vanuatu"
2025-08-26T05:51:38.856Z,51.2477,159.3672,28.624,4.6,mb,"198 km SSE of Vilyuchinsk, Russia"
2025-08-26T04:07:05.732Z,38.2565,11.6084,1.181,4.8,mww,"72 km WNW of Favignana, Italy"
2025-08-26T02:03:56.690Z,29.9566,84.4391,10.0,4.6,mb,"103 km NW of Saga, China"
2025-08-26T01:44:50.582Z,2.5185,128.1702,197.71,4.8,mb,"89 km NNE of Tobelo, Indonesia"
2025-08-26T01:32:50.378Z,-17.8109,-178.5196,614.102,5.6,mww,"230 km E of Levuka, Fiji"
2025-08-26T00:03:58.080Z,33.9261,87.7533,10.0,5.1,mb,western Xizang
2025-08-25T22:13:11.671Z,49.1051,156.0996,31.0,5.6,mww,"174 km S of Severo-Kuril’sk, Russia"
2025-08-25T21:47:05.759Z,18.5829,-47.3495,10.0,4.6,mb,northern Mid-Atlantic Ridge
2025-08-25T20:00:10.820Z,12.9859,40.8964,10.0,4.5,mb,"132 km N of Semera, Ethiopia"
2025-08-25T19:18:24.036Z,5.3031,127.0477,126.766,4.8,mb,"151 km SE of Pondaguitan, Philippines"
2025-08-25T18:10:57.293Z,2.1354,-79.9559,10.0,4.9,mww,"134 km NNW of Esmeraldas, Ecuador"
2025-08-25T18:01:03.381Z,-21.7903,-68.5845,120.568,4.6,mb,"71 km SSW of Ollagüe, Chile"
2025-08-25T06:54:51.918Z,14.0785,-91.3783,86.886,4.6,mb,"15 km SSW of Nueva Concepción, Guatemala"
2025-08-25T06:53:17.369Z,-8.851,124.1198,97.437,4.7,mb,"48 km NW of Pante Makasar, Timor Leste"
2025-08-25T06:48:34.819Z,49.3726,160.0428,9.0,6.1,mww,east of the Kuril Islands
2025-08-25T06:36:53.457Z,-56.7236,-23.9957,10.0,5.1,mb,South Sandwich Islands region
2025-08-25T04:54:30.476Z,51.3721,159.5822,10.0,4.5,mb,"191 km SSE of Vilyuchinsk, Russia"
2025-08-25T04:06:01.593Z,50.6926,157.4307,52.793,4.9,mb,"92 km E of Severo-Kuril’sk, Russia"
2025-08-25T04:00:16.905Z,53.179,160.3616,43.591,4.5,mb,"116 km E of Petropavlovsk-Kamchatsky, Russia"
2025-08-25T02:56:17.690Z,52.7146,160.6469,28.497,4.6,mb,"141 km ESE of Petropavlovsk-Kamchatsky, Russia"
2025-08-24T23:04:30.664Z,-6.8441,129.37,174.154,4.6,mb,Banda Sea
2025-08-24T21:12:44.569Z,-61.0159,-38.6218,10.0,4.5,mb,Scotia Sea
2025-08-24T20:48:56.038Z,51.625,159.3136,35.0,4.5,mb,"158 km SSE of Vilyuchinsk, Russia"
2025-08-24T18:58:18.229Z,39.2095,28.1422,13.641,4.8,mww,"4 km SW of Sındırgı, Turkey"
2025-08-24T18:19:21.656Z,-4.6612,152.4077,105.784,4.8,mb,"38 km SSE of Kokopo, Papua New Guinea"
2025-08-24T17:22:43.730Z,-2.1097,139.0313,35.0,4.9,mb,"186 km WNW of Abepura, Indonesia"
2025-08-24T15:45:38.810Z,-60.1446,-62.0491,10.0,4.8,mb,Drake Passage
2025-08-24T14:30:46.664Z,-2.0984,139.2894,38.388,4.6,mb,"159 km WNW of Abepura, Indonesia"
2025-08-24T13:12:05.027Z,45.8546,151.4427,35.0,4.6,mb,"287 km ENE of Kuril’sk, Russia"
2025-08-24T12:55:04.873Z,24.0658,121.9821,38.079,4.5,mwr,"39 km ENE of Hualien City, Taiwan"
2025-08-24T11:04:30.331Z,52.4948,160.7915,38.703,4.9,mb,"159 km ESE of Petropavlovsk-Kamchatsky, Russia"
2025-08-24T11:03:55.994Z,15.2367,147.3542,10.0,4.5,mb,"171 km E of Saipan, Northern Mariana Islands"
2025-08-24T10:50:32.963Z,-2.3844,-79.0147,94.391,4.8,mb,"21 km NNW of Cañar, Ecuador"
2025-08-24T10:47:57.837Z,13.5836,122.9062,10.0,4.5,mb,"3 km ESE of Tinalmud, Philippines"
2025-08-24T10:21:51.559Z,51.5138,159.7014,25.46,4.9,mb,"180 km SSE of Vilyuchinsk, Russia"
2025-08-24T10:18:30.687Z,51.2809,159.6382,24.868,4.7,mb,"202 km SSE of Vilyuchinsk, Russia"
2025-08-24T10:14:17.845Z,27.096,-44.4686,10.0,4.5,mb,northern Mid-Atlantic Ridge
2025-08-24T08:01:04.206Z,-18.7929,-177.1958,352.442,5.4,mww,Fiji region
2025-08-24T06:36:05.846Z,52.2858,160.291,27.676,4.5,mb,"141 km SE of Petropavlovsk-Kamchatsky, Russia"
2025-08-24T05:50:17.924Z,-22.7543,-175.0961,10.0,4.6,mb,"157 km S of ‘Ohonua, Tonga"
2025-08-24T05:37:09.478Z,52.3309,160.2762,35.0,4.5,mb,"138 km SE of Petropavlovsk-Kamchatsky, Russia"
2025-08-24T05:34:25.054Z,52.1062,160.4997,10.0,4.9,mb,"165 km SE of Petropavlovsk-Kamchatsky, Russia"
2025-08-24T03:44:08.461Z,-19.3882,-69.3331,97.707,4.6,mwr,"12 km SE of Camiña, Chile"
2025-08-24T03:10:35.996Z,52.1491,160.3446,10.0,5.2,mww,"154 km SE of Petropavlovsk-Kamchatsky, Russia"
2025-08-24T02:31:39.405Z,51.6062,159.8053,35.0,5.0,mb,"175 km SSE of Vilyuchinsk, Russia"
2025-08-24T02:04:06.073Z,51.8036,158.6287,60.376,4.7,mb,"126 km S of Vilyuchinsk, Russia"
2025-08-23T23:39:00.428Z,-22.636,173.3987,10.0,4.5,mb,southeast of the Loyalty Islands
2025-08-23T23:37:27.459Z,18.9676,145.4429,248.09,4.5,mb,"Pagan region, Northern Mariana Islands"
2025-08-23T21:29:35.653Z,52.2154,160.3044,35.0,5.3,mww,"147 km SE of Petropavlovsk-Kamchatsky, Russia"
2025-08-23T20:38:44.437Z,-20.238,-177.7084,505.13,4.5,mb,"271 km WNW of Houma, Tonga"
2025-08-23T19:58:54.396Z,51.6515,160.1221,10.0,4.7,mb,"184 km SE of Vilyuchinsk, Russia"
2025-08-23T19:53:22.558Z,44.0547,83.4228,10.0,4.6,mb,"71 km NNE of Xinyuan, China"
2025-08-23T19:08:23.941Z,-6.1006,130.5131,142.824,4.5,mb,"253 km WSW of Tual, Indonesia"
2025-08-23T19:06:49.890Z,41.192,78.5358,10.0,4.8,mb,"135 km SSE of Kyzyl-Suu, Kyrgyzstan"
2025-08-23T18:52:51.580Z,-60.2489,-62.2307,10.0,5.0,mb,Drake Passage
2025-08-23T15:49:54.127Z,-17.1324,-172.1242,10.0,5.1,mww,"221 km SE of Hihifo, Tonga"
2025-08-23T14:34:30.277Z,-60.0788,-61.5983,10.0,4.8,mb,Drake Passage
2025-08-23T13:24:17.291Z,-6.1107,153.6281,10.0,4.6,mb,"206 km W of Panguna, Papua New Guinea"
2025-08-23T12:58:55.391Z,-56.2953,-26.8369,76.161,5.2,mb,South Sandwich Islands region
2025-08-23T12:24:53.914Z,2.0106,96.5997,18.0,5.8,mww,"57 km SSE of Sinabang, Indonesia"
2025-08-23T09:14:22.210Z,13.0601,-90.4343,17.0,6.0,mww,"88 km SW of Acajutla, El Salvador"
2025-08-23T09:07:59.056Z,-32.4859,-71.4911,47.457,4.5,mwr,"24 km W of La Ligua, Chile"
2025-08-23T07:58:32.703Z,51.7128,159.9186,25.934,4.5,mb,"170 km SE of Vilyuchinsk, Russia"
2025-08-23T04:43:59.279Z,53.0959,161.4165,10.0,4.5,mb,"186 km E of Petropavlovsk-Kamchatsky, Russia"
2025-08-23T04:43:45.632Z,-30.2388,-177.4398,35.0,4.7,mb,"Kermadec Islands, New Zealand"
2025-08-23T04:22:25.994Z,51.7695,160.2913,10.0,5.2,mb,"182 km SE of Vilyuchinsk, Russia"
2025-08-23T03:44:13.908Z,50.763,157.3228,45.0,5.4,mww,"85 km E of Severo-Kuril’sk, Russia"
2025-08-23T01:57:34.876Z,49.9329,157.3474,27.075,4.6,mb,"119 km SE of Severo-Kuril’sk, Russia"
2025-08-23T01:45:27.535Z,53.05,161.502,10.0,4.6,mb,"192 km E of Petropavlovsk-Kamchatsky, Russia"
2025-08-23T00:43:42.343Z,-24.5984,-175.9865,35.0,5.0,mb,south of Tonga
2025-08-23T00:22:05.522Z,49.8443,155.9729,68.381,4.6,mb,"93 km S of Severo-Kuril’sk, Russia"
2025-08-23T00:10:54.678Z,-24.6736,-175.8881,10.0,5.5,mww,south of Tonga
2025-08-22T23:22:06.608Z,52.1842,160.3934,10.0,4.5,mb,"154 km SE of Petropavlovsk-Kamchatsky, Russia"
2025-08-22T20:42:25.831Z,-30.2701,-67.4064,30.9,4.9,mww,"40 km N of San Agustín de Valle Fértil, Argentina"
2025-08-22T17:31:23.164Z,-57.1716,-67.3232,10.0,4.7,mb,"270 km SSE of Ushuaia, Argentina"
2025-08-22T16:25:22.017Z,52.2884,160.9574,10.0,4.8,mb,"179 km ESE of Petropavlovsk-Kamchatsky, Russia"
2025-08-22T15:57:40.273Z,51.2967,159.4748,40.389,5.0,mb,"196 km SSE of Vilyuchinsk, Russia"
2025-08-22T15:05:58.718Z,-60.2307,-61.9289,10.0,4.9,mb,Drake Passage
2025-08-22T13:15:32.496Z,-60.3956,-61.8687,10.0,4.7,mb,Drake Passage
2025-08-22T12:53:29.371Z,-17.5267,168.6638,210.852,5.2,mb,"43 km ENE of Port-Vila, Vanuatu"
2025-08-22T12:52:56.154Z,-17.6286,168.6842,213.944,5.4,mww,"41 km ENE of Port-Vila, Vanuatu"
2025-08-22T10:26:21.591Z,-6.3623,148.0242,68.85,4.5,mb,"29 km NE of Finschhafen, Papua New Guinea"
2025-08-22T09:33:39.108Z,-30.4607,-177.7927,35.0,5.0,mb,"Kermadec Islands, New Zealand"
2025-08-22T09:27:22.151Z,-38.9301,-75.175,10.0,4.5,mb,"176 km W of Carahue, Chile"
2025-08-22T08:19:37.052Z,-60.2284,-61.8747,10.0,4.5,mb,Drake Passage
2025-08-22T08:15:57.126Z,50.3121,159.2264,10.0,4.8,mb,"223 km ESE of Severo-Kuril’sk, Russia"
2025-08-22T07:08:20.578Z,7.4498,126.5118,143.421,4.8,mb,"4 km WNW of San Luis, Philippines"
2025-08-22T06:42:02.122Z,50.4094,156.5118,77.711,4.5,mb,"40 km SE of Severo-Kuril’sk, Russia"
2025-08-22T06:10:52.804Z,-23.9974,-66.5944,194.469,4.5,mb,"37 km NW of San Antonio de los Cobres, Argentina"
2025-08-22T06:06:14.107Z,23.1563,120.4142,10.0,4.7,mwr,"5 km NW of Yujing, Taiwan"
2025-08-22T05:40:04.466Z,51.3797,159.6732,10.0,4.6,mb,"193 km SSE of Vilyuchinsk, Russia"
2025-08-22T05:18:54.453Z,-60.1907,-61.8641,10.0,5.1,mb,Drake Passage
2025-08-22T04:56:14.177Z,23.403,94.2596,10.0,5.3,mb,"30 km SSW of Mawlaik, Burma (Myanmar)"
2025-08-22T03:54:07.166Z,-60.3182,-61.6911,10.0,4.6,mb,Drake Passage
2025-08-22T03:17:24.781Z,-60.2135,-61.8745,10.0,5.1,mb,Drake Passage
2025-08-22T03:14:13.519Z,-60.3422,-61.6432,10.0,4.8,mb,Drake Passage
2025-08-22T03:08:44.548Z,-60.1912,-61.8861,10.0,4.6,mb,Drake Passage
2025-08-22T03:04:27.817Z,-5.8503,153.7487,10.0,4.9,mb,"198 km WNW of Panguna, Papua New Guinea"
2025-08-22T02:33:23.172Z,-60.3604,-61.9665,10.0,4.9,mb,Drake Passage
2025-08-22T02:16:18.246Z,-60.3187,-61.9221,10.0,7.5,mww,2025 Southern Drake Passage Earthquake
2025-08-22T00:52:23.216Z,51.3088,157.5788,83.882,4.5,mb,"77 km ESE of Ozernovskiy, Russia"
2025-08-21T23:31:43.144Z,33.1712,-39.6429,10.0,4.7,mb,northern Mid-Atlantic Ridge
2025-08-21T23:06:16.475Z,38.7987,142.1097,52.533,4.5,mb,"45 km SE of Ōfunato, Japan"
2025-08-21T22:34:44.657Z,-57.1362,-67.2125,10.0,4.7,mb,"267 km SSE of Ushuaia, Argentina"
2025-08-21T22:34:44.484Z,38.757,142.309,40.0,5.6,mww,"62 km SE of Ōfunato, Japan"
2025-08-21T21:37:14.031Z,49.9153,155.9959,78.162,4.8,mww,"85 km S of Severo-Kuril’sk, Russia"
2025-08-21T20:17:32.397Z,51.4839,159.0275,66.762,4.5,mb,"166 km SSE of Vilyuchinsk, Russia"
2025-08-21T19:40:22.503Z,51.3064,159.3758,37.033,4.8,mb,"192 km SSE of Vilyuchinsk, Russia"
2025-08-21T18:57:22.226Z,53.6258,161.2762,36.294,4.7,mb,"187 km ENE of Petropavlovsk-Kamchatsky, Russia"
2025-08-21T17:16:32.323Z,52.041,160.395,9.892,4.9,mb,"165 km SE of Petropavlovsk-Kamchatsky, Russia"
2025-08-21T17:16:20.665Z,52.0814,160.3966,10.0,4.9,mb,"162 km SE of Petropavlovsk-Kamchatsky, Russia"
2025-08-21T14:42:39.880Z,51.8774,160.1431,43.871,4.8,mb,"166 km SE of Vilyuchinsk, Russia"
2025-08-21T14:06:59.160Z,-5.0735,151.4069,133.765,5.0,mww,"125 km SW of Kokopo, Papua New Guinea"
2025-08-21T13:19:04.422Z,-2.5089,139.8282,35.0,4.6,mb,"89 km W of Abepura, Indonesia"
2025-08-21T11:21:03.945Z,51.8817,160.125,10.0,5.8,mww,"165 km SE of Vilyuchinsk, Russia"
2025-08-21T10:13:44.362Z,49.8346,156.5585,35.0,4.5,mb,"98 km SSE of Severo-Kuril’sk, Russia"
2025-08-21T08:37:47.479Z,23.2215,120.6178,21.15,4.6,mwr,"19 km ENE of Yujing, Taiwan"
2025-08-21T08:03:21.756Z,-16.5534,177.0266,10.0,4.7,mb,"126 km NNW of Lautoka, Fiji"
2025-08-21T07:59:55.421Z,-2.1624,139.0509,19.002,4.7,mb,"182 km WNW of Abepura, Indonesia"
2025-08-21T05:57:08.132Z,15.6512,145.9249,112.693,4.5,mb,"51 km NNE of Saipan, Northern Mariana Islands"
2025-08-21T05:35:47.567Z,49.7666,157.604,10.0,4.5,mb,"146 km SE of Severo-Kuril’sk, Russia"
2025-08-21T03:58:27.676Z,-59.3519,-24.8794,10.0,4.5,mb,South Sandwich Islands region
2025-08-21T03:49:35.848Z,14.6936,-94.5322,10.0,4.7,mb,"159 km SSW of Cabeza de Toro, Mexico"
2025-08-21T03:44:52.412Z,51.565,159.9418,28.178,4.9,mww,"184 km SE of Vilyuchinsk, Russia"
2025-08-21T03:05:12.287Z,49.8424,155.9951,74.82,4.5,mb,"93 km S of Severo-Kuril’sk, Russia"
2025-08-21T02:58:06.895Z,16.1249,96.5679,10.0,4.6,mb,"70 km S of Thongwa, Burma (Myanmar)"
2025-08-21T02:42:14.907Z,12.5946,144.281,35.0,4.5,mb,"85 km SSW of Merizo Village, Guam"
2025-08-21T01:44:00.035Z,34.4572,139.4227,10.0,4.7,mww,"50 km ESE of Shimoda, Japan"
2025-08-21T01:24:15.226Z,-6.3677,147.846,64.856,4.7,mb,"21 km N of Finschhafen, Papua New Guinea"
2025-08-21T00:43:48.455Z,51.7045,160.0823,8.983,4.7,mb,"178 km SE of Vilyuchinsk, Russia"
2025-08-21T00:43:36.116Z,9.1609,122.607,10.0,4.5,mb,"27 km S of Basay, Philippines"
2025-08-20T21:24:55.732Z,43.469,147.5281,41.217,5.1,mb,"74 km ESE of Shikotan, Russia"
2025-08-20T19:55:50.582Z,-17.4016,-171.9308,10.0,4.5,mb,"255 km SE of Hihifo, Tonga"
2025-08-20T19:49:40.072Z,52.8036,159.2221,71.828,4.6,mb,"49 km SE of Petropavlovsk-Kamchatsky, Russia"
2025-08-20T17:28:58.539Z,-8.0664,117.9992,214.174,4.5,mb,"68 km NE of Pototano, Indonesia"
2025-08-20T17:25:19.342Z,53.0191,159.7545,59.686,4.6,mb,"75 km E of Petropavlovsk-Kamchatsky, Russia"
2025-08-20T17:13:18.581Z,-30.154,-177.7973,10.0,5.0,mb,"Kermadec Islands, New Zealand"
2025-08-20T16:44:09.827Z,50.5109,157.7844,35.0,4.7,mb,"118 km E of Severo-Kuril’sk, Russia"
2025-08-20T15:35:35.378Z,11.7781,125.9635,10.0,4.9,mb,"55 km E of San Julian, Philippines"
2025-08-20T15:27:30.752Z,35.1436,23.325,61.077,4.5,mb,"33 km WSW of Palaióchora, Greece"
2025-08-20T15:06:59.764Z,-3.8222,-76.2677,112.687,4.9,mb,"42 km SSE of Alianza Cristiana, Peru"
2025-08-20T14:39:14.411Z,-18.6102,65.3227,10.0,4.5,mb,"233 km ENE of Port Mathurin, Mauritius"
2025-08-20T12:54:54.324Z,-6.4631,107.2303,9.635,4.9,mb,"23 km SSE of Cikarang, Indonesia"
2025-08-20T12:46:23.303Z,16.0999,96.4474,9.447,4.5,mb,"73 km S of Thongwa, Burma (Myanmar)"
2025-08-20T09:40:43.548Z,-8.9565,124.1623,108.412,4.6,mb,"36 km NW of Pante Makasar, Timor Leste"
2025-08-20T09:11:59.672Z,-7.0179,129.8029,111.775,4.5,mb,"Kepulauan Babar, Indonesia"
2025-08-20T08:39:04.276Z,-24.3512,179.9396,521.596,4.5,mb,south of the Fiji Islands
2025-08-20T05:55:29.656Z,5.5922,-32.9158,10.0,4.8,mb,central Mid-Atlantic Ridge
2025-08-20T05:19:21.534Z,49.876,155.7349,86.888,4.5,mb,"93 km SSW of Severo-Kuril’sk, Russia"
2025-08-20T01:37:20.035Z,52.6365,160.7446,10.0,4.9,mb,"150 km ESE of Petropavlovsk-Kamchatsky, Russia"
2025-08-19T22:42:01.305Z,51.0445,157.1213,70.239,4.6,mb,"66 km SE of Ozernovskiy, Russia"
2025-08-19T22:13:48.712Z,-15.3877,67.0483,10.0,4.5,mb,Mid-Indian Ridge
2025-08-19T21:58:50.012Z,-15.4175,67.3036,10.0,4.5,mb,Mid-Indian Ridge
2025-08-19T21:38:00.474Z,-15.3027,66.9258,10.0,5.0,mww,Mid-Indian Ridge
2025-08-19T21:27:40.984Z,-13.1696,167.1462,207.973,4.6,mb,"89 km NNW of Sola, Vanuatu"
2025-08-19T20:38:28.287Z,-35.4508,53.763,10.0,4.5,mb,Southwest Indian Ridge
2025-08-19T19:41:10.749Z,50.1236,158.8934,10.0,4.6,mb,"206 km ESE of Severo-Kuril’sk, Russia"
2025-08-19T18:50:30.398Z,52.2138,160.3446,10.0,4.9,mb,"149 km SE of Petropavlovsk-Kamchatsky, Russia"
2025-08-19T17:49:36.203Z,-60.0375,-26.5563,10.0,4.5,mb,South Sandwich Islands region
2025-08-19T17:33:14.436Z,-62.122,164.6961,10.0,5.4,mww,Balleny Islands region
2025-08-19T17:20:06.303Z,-6.4851,153.2283,10.0,4.5,mb,"250 km W of Panguna, Papua New Guinea"
2025-08-19T16:43:18.284Z,13.9315,120.8166,93.766,4.7,mb,"0 km ESE of Calaca, Philippines"
2025-08-19T14:41:18.754Z,49.5674,155.5514,76.844,4.9,mww,"129 km SSW of Severo-Kuril’sk, Russia"
2025-08-19T14:37:12.491Z,-24.2547,-175.9875,10.0,5.4,mb,south of Tonga
2025-08-19T12:25:42.573Z,48.246,154.4603,81.873,4.5,mb,"295 km SSW of Severo-Kuril’sk, Russia"
2025-08-19T09:39:10.795Z,-8.3468,119.7327,174.306,4.8,mb,"23 km NW of Labuan Bajo, Indonesia"
2025-08-19T09:29:10.009Z,-5.883,149.3334,99.962,4.8,mb,"42 km NNW of Kandrian, Papua New Guinea"
2025-08-19T08:05:39.440Z,14.3815,-90.5566,188.205,4.6,mb,"9 km ESE of San Vicente Pacaya, Guatemala"
2025-08-19T06:29:05.678Z,53.1689,-35.1398,10.0,4.5,mb,Reykjanes Ridge
2025-08-19T06:08:41.850Z,-57.1412,-67.2466,10.0,5.2,mww,"267 km SSE of Ushuaia, Argentina"
2025-08-19T05:19:51.712Z,36.4758,70.8427,203.997,5.1,mww,"43 km S of Jurm, Afghanistan"
2025-08-19T01:26:07.648Z,23.9869,121.7603,28.431,4.6,mb,"15 km E of Hualien City, Taiwan"
2025-08-19T00:22:56.191Z,-29.7113,-71.3402,41.074,4.5,mb,"23 km NNW of La Serena, Chile"
2025-08-18T23:03:09.204Z,-24.3735,-175.9688,12.0,5.6,mww,south of Tonga
2025-08-18T22:19:22.794Z,42.033,140.5262,128.361,5.1,mww,"20 km NW of Honchō, Japan"
2025-08-18T20:38:11.193Z,-7.3281,126.7221,398.062,4.7,mb,"130 km NNE of Baukau, Timor Leste"
2025-08-18T18:41:18.434Z,37.1759,69.6035,10.0,4.6,mwr,"14 km NE of Ārt Khwājah, Afghanistan"
2025-08-18T18:22:28.423Z,-44.4413,-80.2321,10.0,4.7,mb,"Off the coast of Aisen, Chile"
2025-08-18T18:05:46.024Z,1.063,125.5336,78.756,4.5,mb,"61 km SE of Bitung, Indonesia"
2025-08-18T15:15:40.747Z,1.0561,125.534,72.012,4.6,mb,"62 km SE of Bitung, Indonesia"
2025-08-18T15:10:57.407Z,49.9094,157.3663,26.722,4.6,mb,"122 km SE of Severo-Kuril’sk, Russia"
2025-08-18T12:47:03.040Z,-15.8161,-72.4661,98.716,4.8,mb,"10 km SSW of Uñon, Peru"
2025-08-18T11:55:34.624Z,51.4159,159.3457,10.0,4.9,mb,"180 km SSE of Vilyuchinsk, Russia"
2025-08-18T11:43:52.705Z,-12.4565,125.7407,10.0,4.8,mb,south of Timor
2025-08-18T11:11:19.274Z,-6.6149,129.9367,145.501,4.5,mb,Banda Sea
2025-08-18T10:12:48.196Z,51.2789,159.5264,9.727,5.0,mww,"199 km SSE of Vilyuchinsk, Russia"
2025-08-18T10:05:18.390Z,1.0972,125.5495,73.06,4.9,mb,"60 km SE of Bitung, Indonesia"
2025-08-18T08:30:49.468Z,3.1627,124.4304,321.44,4.5,mb,"191 km NNW of Manado, Indonesia"
2025-08-18T08:26:28.343Z,39.262,27.9697,10.0,4.6,mb,"18 km W of Sındırgı, Turkey"
2025-08-18T07:52:00.569Z,-58.9567,-26.0934,102.946,4.5,mb,South Sandwich Islands region
2025-08-18T07:48:48.029Z,-15.2513,-173.2669,42.226,5.2,mww,"96 km NE of Hihifo, Tonga"
2025-08-18T07:10:12.806Z,-44.7541,-79.9408,10.0,5.6,mww,"Off the coast of Aisen, Chile"
2025-08-18T04:44:24.344Z,2.7019,127.1005,81.019,4.5,mb,"147 km NW of Tobelo, Indonesia"
2025-08-18T03:30:57.789Z,51.3518,159.7018,13.297,4.6,mb,"196 km SSE of Vilyuchinsk, Russia"
2025-08-18T02:52:48.016Z,49.301,155.2481,74.986,4.8,mww,"165 km SSW of Severo-Kuril’sk, Russia"
2025-08-18T02:09:33.049Z,49.8779,156.0447,80.031,4.9,mb,"88 km S of Severo-Kuril’sk, Russia"
2025-08-18T00:51:56.191Z,50.0259,156.9525,35.0,4.5,mb,"93 km SE of Severo-Kuril’sk, Russia"
2025-08-18T00:32:01.035Z,-57.0789,-25.1358,10.0,4.5,mb,South Sandwich Islands region
2025-08-18T00:05:55.863Z,-30.1172,-177.6754,35.0,4.6,mb,"Kermadec Islands, New Zealand"
2025-08-17T23:33:27.668Z,34.1184,137.7707,10.0,4.8,mb,"64 km S of Hamamatsu, Japan"
2025-08-17T19:22:41.123Z,34.329,7.478,10.0,4.5,mb,"42 km W of Chebika, Tunisia"
2025-08-17T19:11:01.981Z,34.3778,7.4276,10.0,5.1,mww,"47 km W of Chebika, Tunisia"
2025-08-17T19:09:40.604Z,-22.6794,-66.311,241.728,5.0,mww,"63 km W of Abra Pampa, Argentina"
2025-08-17T18:35:39.334Z,-6.2054,151.528,10.0,5.0,mb,"170 km ESE of Kimbe, Papua New Guinea"
2025-08-17T18:19:38.060Z,14.3101,120.5221,147.677,4.5,mb,"14 km SSE of Mariveles, Philippines"
2025-08-17T15:31:19.979Z,2.0781,127.0014,33.991,5.0,mb,"118 km WNW of Tobelo, Indonesia"
2025-08-17T15:03:12.628Z,2.1675,127.1307,20.1,5.5,mww,"109 km WNW of Tobelo, Indonesia"
2025-08-17T13:59:19.366Z,50.278,159.5416,10.0,4.5,mb,"246 km ESE of Severo-Kuril’sk, Russia"
2025-08-17T10:48:13.665Z,-57.39,-66.929,10.0,4.6,mb,"299 km SSE of Ushuaia, Argentina"
2025-08-17T09:01:20.020Z,-47.8478,115.9885,10.0,4.9,mb,western Indian-Antarctic Ridge
2025-08-17T07:58:32.898Z,2.0049,126.9327,29.138,4.6,mb,"123 km WNW of Tobelo, Indonesia"
2025-08-17T07:55:58.716Z,25.842,-110.2577,10.0,4.9,mww,"92 km W of Las Grullas Margen Derecha, Mexico"
2025-08-17T06:26:21.187Z,-14.8081,167.9903,10.0,4.6,mb,"102 km ENE of Port-Olry, Vanuatu"
2025-08-17T05:59:51.245Z,13.1891,-91.1097,10.0,5.4,mww,"87 km SSW of Puerto San José, Guatemala"
2025-08-17T05:06:25.755Z,-14.9069,167.3469,134.987,4.9,mb,"33 km ENE of Port-Olry, Vanuatu"
2025-08-17T03:32:40.358Z,52.686,159.214,62.336,4.5,mb,"57 km SE of Petropavlovsk-Kamchatsky, Russia"
2025-08-17T03:12:08.122Z,52.2444,160.6286,10.0,4.5,mb,"163 km SE of Petropavlovsk-Kamchatsky, Russia"
2025-08-17T01:54:09.202Z,-48.8913,-8.8268,10.0,4.6,mb,southern Mid-Atlantic Ridge
2025-08-17T00:24:10.330Z,4.1814,62.7163,10.0,4.9,mb,Carlsberg Ridge
2025-08-16T22:52:07.212Z,-24.3545,-176.0169,10.0,5.3,mww,south of the Fiji Islands
2025-08-16T22:51:28.631Z,21.0452,119.9104,10.0,5.1,mww,"136 km SW of Hengchun, Taiwan"
2025-08-16T22:38:52.030Z,-1.2749,120.7206,8.0,5.8,mww,"13 km NNW of Poso, Indonesia"
2025-08-16T21:13:14.873Z,32.0131,131.811,30.0,5.5,mww,"32 km ESE of Takanabe, Japan"
2025-08-16T20:35:42.965Z,13.7848,120.7204,148.78,4.9,mb,"6 km SSE of Hukay, Philippines"
2025-08-16T19:50:38.248Z,-6.2257,151.6306,10.0,4.7,mb,"181 km ESE of Kimbe, Papua New Guinea"
2025-08-16T19:30:49.528Z,30.6523,107.094,13.2,4.5,mb,"37 km WSW of Bishan, China"
2025-08-16T18:22:15.497Z,-6.241,151.6536,10.0,4.6,mb,"184 km ESE of Kimbe, Papua New Guinea"
2025-08-16T17:35:08.116Z,37.1337,71.4437,113.609,4.7,mb,"40 km SSW of Khorugh, Tajikistan"
2025-08-16T16:28:39.341Z,37.7796,-17.9371,10.0,4.8,mww,Azores-Cape St. Vincent Ridge
2025-08-16T15:59:21.690Z,49.1581,156.213,26.728,4.8,mb,"168 km S of Severo-Kuril’sk, Russia"
2025-08-16T15:54:54.708Z,49.2195,155.9881,31.738,4.6,mb,"162 km S of Severo-Kuril’sk, Russia"
2025-08-16T15:51:59.168Z,49.2268,156.1364,30.659,4.9,mb,"161 km S of Severo-Kuril’sk, Russia"
2025-08-16T15:51:11.534Z,49.1345,156.2091,21.4,4.9,mb,"171 km S of Severo-Kuril’sk, Russia"
2025-08-16T13:42:53.972Z,49.3583,155.39,75.832,4.5,mb,"155 km SSW of Severo-Kuril’sk, Russia"
2025-08-16T13:13:34.439Z,32.2389,142.5224,10.0,4.5,mb,"Izu Islands, Japan region"
2025-08-16T12:08:24.075Z,-23.1833,170.8077,11.0,5.6,mww,southeast of the Loyalty Islands
2025-08-16T10:47:02.299Z,-0.589,-78.3584,10.0,4.6,mb,"24 km ESE of Machachi, Ecuador"
2025-08-16T09:41:29.245Z,-21.3434,-175.2534,10.0,4.5,mb,"18 km SSW of Vaini, Tonga"
2025-08-16T08:46:24.147Z,40.0327,113.4545,10.0,4.5,mb,"15 km ESE of Datong, China"
2025-08-16T08:33:57.989Z,51.5819,159.4999,35.0,4.5,mb,"167 km SSE of Vilyuchinsk, Russia"
2025-08-16T08:20:42.315Z,50.405,156.4777,65.379,4.8,mb,"39 km SE of Severo-Kuril’sk, Russia"
2025-08-16T08:07:17.438Z,-39.0771,78.1647,10.0,4.7,mb,Mid-Indian Ridge
2025-08-16T08:05:36.379Z,-38.8752,78.0637,10.0,5.4,mww,Mid-Indian Ridge
2025-08-16T05:56:58.720Z,49.9421,158.497,27.854,4.5,mb,"187 km ESE of Severo-Kuril’sk, Russia"
2025-08-16T01:36:51.064Z,-23.4317,178.9877,575.858,4.5,mb,south of the Fiji Islands
2025-08-16T00:20:33.797Z,52.7294,160.2751,28.675,4.6,mb,"116 km ESE of Petropavlovsk-Kamchatsky, Russia"
2025-08-15T23:49:25.053Z,-26.3389,152.0711,10.0,4.9,mww,"12 km ESE of Cherbourg, Australia"
2025-08-15T22:13:50.769Z,52.141,160.455,10.0,4.7,mb,"160 km SE of Petropavlovsk-Kamchatsky, Russia"
2025-08-15T19:06:43.185Z,49.1029,156.2714,35.486,4.5,mb,"175 km S of Severo-Kuril’sk, Russia"
2025-08-15T19:04:15.465Z,2.59,-31.1585,10.0,4.5,mb,central Mid-Atlantic Ridge
2025-08-15T18:54:03.772Z,49.8904,158.7821,10.0,4.5,mb,"208 km ESE of Severo-Kuril’sk, Russia"
2025-08-15T15:50:17.341Z,45.6571,153.9083,10.0,5.1,mww,east of the Kuril Islands
2025-08-15T14:20:00.680Z,51.7436,160.0437,24.864,4.5,mb,"173 km SE of Vilyuchinsk, Russia"
2025-08-15T10:39:54.447Z,33.3671,141.0696,35.0,4.5,mb,"209 km SSE of Wada, Japan"
2025-08-15T10:11:52.133Z,52.7866,159.9421,43.0,5.7,mww,"93 km ESE of Petropavlovsk-Kamchatsky, Russia"
2025-08-15T07:37:16.573Z,-59.4233,-25.5308,34.612,4.5,mb,South Sandwich Islands region
2025-08-15T07:14:30.521Z,-65.0002,177.8542,10.0,5.4,mww,Balleny Islands region
2025-08-15T06:34:06.182Z,35.5058,-36.5504,10.0,4.6,mb,northern Mid-Atlantic Ridge
2025-08-15T06:27:43.475Z,51.5536,159.7544,25.666,4.6,mb,"178 km SSE of Vilyuchinsk, Russia"
2025-08-15T05:25:16.311Z,51.2698,159.8048,10.0,4.8,mb,"208 km SSE of Vilyuchinsk, Russia"
2025-08-15T03:13:32.758Z,-20.7978,168.4491,10.0,4.8,mb,"101 km NE of Tadine, New Caledonia"
2025-08-15T02:28:37.923Z,-2.095,120.684,10.0,4.6,mb,"64 km NE of Masamba, Indonesia"
2025-08-15T01:53:07.710Z,52.6557,160.9638,40.708,4.5,mb,"163 km ESE of Petropavlovsk-Kamchatsky, Russia"
2025-08-15T00:16:41.571Z,53.4876,160.2138,57.832,4.5,mb,"115 km ENE of Petropavlovsk-Kamchatsky, Russia"
2025-08-14T23:12:39.193Z,50.6711,157.8204,35.0,4.9,mb,"119 km E of Severo-Kuril’sk, Russia"
2025-08-14T22:03:19.045Z,-57.1844,-67.8729,10.0,4.5,mb,"265 km S of Ushuaia, Argentina"
2025-08-14T21:52:02.251Z,49.795,156.1823,64.353,5.0,mww,"98 km S of Severo-Kuril’sk, Russia"
2025-08-14T20:51:09.399Z,-34.2051,179.3238,220.519,4.5,mb,south of the Kermadec Islands
2025-08-14T20:02:15.583Z,50.1587,158.6248,10.0,4.5,mb,"186 km ESE of Severo-Kuril’sk, Russia"
2025-08-14T19:45:41.971Z,-1.9946,138.9596,28.217,4.5,mb,"197 km WNW of Abepura, Indonesia"
2025-08-14T19:25:32.665Z,52.3792,160.4315,10.0,4.7,mb,"143 km ESE of Petropavlovsk-Kamchatsky, Russia"
2025-08-14T18:00:55.356Z,51.8539,-170.0196,10.0,5.2,mww,"144 km SSW of Nikolski, Alaska"
2025-08-14T17:59:48.785Z,51.8141,-169.7752,10.0,4.7,mb,"139 km SSW of Nikolski, Alaska"
2025-08-14T16:46:56.759Z,49.746,155.8336,57.438,5.0,mb,"105 km SSW of Severo-Kuril’sk, Russia"
2025-08-14T16:22:34.235Z,-11.6933,166.2048,44.99,6.3,mww,"115 km SSE of Lata, Solomon Islands"
2025-08-14T16:07:38.124Z,-57.2637,-66.5438,10.0,4.5,mb,"294 km SSE of Ushuaia, Argentina"
2025-08-14T15:02:36.723Z,-29.4335,-179.1442,334.44,4.6,mb,Kermadec Islands region
2025-08-14T11:27:09.290Z,51.9405,161.1381,10.0,4.5,mb,"211 km SE of Petropavlovsk-Kamchatsky, Russia"
2025-08-14T09:50:45.723Z,-15.9896,-173.4176,10.0,4.8,mb,"40 km E of Hihifo, Tonga"
2025-08-14T07:19:36.615Z,51.2537,157.5788,69.781,4.5,mb,"79 km ESE of Ozernovskiy, Russia"
2025-08-14T06:48:13.856Z,-2.0432,139.0376,30.792,4.9,mb,"187 km WNW of Abepura, Indonesia"
2025-08-14T04:38:16.447Z,-18.4141,-172.5723,24.0,5.6,mww,"151 km E of Neiafu, Tonga"
2025-08-14T01:20:18.288Z,-7.987,130.1395,10.0,4.6,mb,"Pulau Pulau Tanimbar, Indonesia"
2025-08-14T01:19:42.973Z,-7.9744,130.3851,10.0,4.6,mb,"Pulau Pulau Tanimbar, Indonesia"
2025-08-13T23:42:36.884Z,50.0944,158.4424,19.206,4.5,mb,"176 km ESE of Severo-Kuril’sk, Russia"
2025-08-13T23:11:56.265Z,50.1812,158.172,10.0,4.5,mb,"155 km ESE of Severo-Kuril’sk, Russia"
2025-08-13T21:31:37.618Z,51.0664,157.2636,80.229,4.6,mb,"71 km SE of Ozernovskiy, Russia"
2025-08-13T19:13:38.598Z,36.4922,141.167,50.136,4.9,mww,"47 km ESE of Takahagi, Japan"
2025-08-13T17:39:12.999Z,36.3293,26.8433,130.513,4.7,mb,"40 km SW of Mandráki, Greece"
2025-08-13T16:45:56.006Z,1.1085,125.5481,73.358,5.3,mww,"59 km SE of Bitung, Indonesia"
2025-08-13T15:35:59.802Z,50.6833,158.1511,27.675,4.7,mb,"143 km E of Severo-Kuril’sk, Russia"
2025-08-13T14:18:04.310Z,50.3653,159.2181,10.0,4.9,mb,"221 km E of Severo-Kuril’sk, Russia"
2025-08-13T13:28:53.736Z,51.3891,159.0767,35.0,4.6,mb,"177 km SSE of Vilyuchinsk, Russia"
2025-08-13T13:18:18.018Z,52.4254,160.6948,34.746,4.6,mb,"156 km ESE of Petropavlovsk-Kamchatsky, Russia"
2025-08-13T12:43:32.696Z,50.3721,158.9448,10.0,4.6,mb,"202 km E of Severo-Kuril’sk, Russia"
2025-08-13T11:40:30.051Z,51.3828,159.9403,10.0,5.2,mww,"201 km SSE of Vilyuchinsk, Russia"
2025-08-13T11:00:17.412Z,50.0304,159.3884,10.0,4.5,mb,"242 km ESE of Severo-Kuril’sk, Russia"
2025-08-13T09:23:45.508Z,13.063,145.8602,10.0,5.0,mb,"117 km ESE of Yigo Village, Guam"
2025-08-13T09:20:05.567Z,-5.0765,102.1558,35.0,4.5,mb,"141 km S of Bengkulu, Indonesia"
2025-08-13T09:04:20.102Z,-18.5359,-177.3719,392.932,4.5,mb,Fiji region
2025-08-13T08:07:12.597Z,-5.3713,131.2815,61.865,5.0,mb,"165 km W of Tual, Indonesia"
2025-08-13T07:38:27.901Z,49.9371,159.3518,10.0,4.6,mb,"243 km ESE of Severo-Kuril’sk, Russia"
2025-08-13T06:38:02.353Z,52.1001,160.429,10.0,5.1,mww,"162 km SE of Petropavlovsk-Kamchatsky, Russia"
2025-08-13T05:53:10.675Z,-39.9473,176.9777,35.0,4.6,mwr,"36 km SSE of Hastings, New Zealand"
2025-08-13T05:31:12.469Z,52.0653,160.4067,10.0,4.8,mb,"164 km SE of Petropavlovsk-Kamchatsky, Russia"
2025-08-13T02:56:48.262Z,-21.6705,-174.3301,10.0,4.5,mb,"74 km ESE of ‘Ohonua, Tonga"
2025-08-13T01:32:24.862Z,-7.4635,106.9863,54.542,4.5,mb,"57 km WSW of Banjar, Indonesia"
2025-08-13T00:54:34.154Z,-8.9291,-78.9696,68.021,5.0,mww,"36 km W of Puerto Santa, Peru"
2025-08-12T23:52:04.331Z,50.3549,159.111,10.0,4.9,mb,"214 km E of Severo-Kuril’sk, Russia"
2025-08-12T22:50:27.217Z,43.2345,146.029,63.305,4.5,mb,"38 km ESE of Nemuro, Japan"
2025-08-12T22:26:04.011Z,50.0659,158.467,10.0,4.6,mb,"179 km ESE of Severo-Kuril’sk, Russia"
2025-08-12T20:45:17.739Z,-6.8749,125.3117,520.733,4.5,mb,"188 km N of Dili, Timor Leste"
2025-08-12T20:24:00.688Z,50.3131,159.1634,10.429,5.1,mww,"219 km ESE of Severo-Kuril’sk, Russia"
2025-08-12T20:19:48.509Z,-6.1815,152.1657,10.0,4.5,mb,"203 km S of Kokopo, Papua New Guinea"
2025-08-12T19:07:21.022Z,49.1289,154.501,102.912,4.6,mb,"207 km SSW of Severo-Kuril’sk, Russia"
2025-08-12T19:06:53.663Z,50.6043,158.6047,10.0,4.8,mb,"175 km E of Severo-Kuril’sk, Russia"
2025-08-12T19:02:45.572Z,50.932,157.0759,73.182,4.9,mb,"72 km ENE of Severo-Kuril’sk, Russia"
2025-08-12T16:58:31.974Z,-2.0397,139.0206,3.291,4.9,mww,"189 km WNW of Abepura, Indonesia"
2025-08-12T16:39:14.164Z,49.2244,156.3117,41.381,4.5,mb,"161 km S of Severo-Kuril’sk, Russia"
2025-08-12T16:32:00.333Z,-6.8496,125.2921,520.496,4.5,mb,"191 km N of Dili, Timor Leste"
2025-08-12T16:21:50.662Z,-6.8616,125.2616,524.126,5.4,mww,"190 km N of Dili, Timor Leste"
2025-08-12T16:00:04.376Z,51.6428,159.3522,33.276,4.6,mb,"157 km SSE of Vilyuchinsk, Russia"
2025-08-12T15:23:59.634Z,-31.2502,-178.2403,35.0,4.6,mb,Kermadec Islands region
2025-08-12T14:45:47.398Z,51.0671,160.6301,10.0,4.5,mb,"257 km SE of Vilyuchinsk, Russia"
2025-08-12T13:41:28.882Z,-15.2362,-173.3285,36.0,5.6,mww,"93 km NNE of Hihifo, Tonga"
2025-08-12T12:58:55.211Z,-14.906,167.2372,112.225,4.6,mb,"23 km NE of Port-Olry, Vanuatu"
2025-08-12T12:57:44.115Z,49.8927,158.5678,10.0,4.6,mb,"194 km ESE of Severo-Kuril’sk, Russia"
2025-08-12T10:02:06.513Z,51.3333,159.1468,35.0,4.5,mb,"184 km SSE of Vilyuchinsk, Russia"
2025-08-12T09:53:49.774Z,-7.3346,-111.1817,10.0,4.5,mb,central East Pacific Rise
2025-08-12T09:43:26.431Z,-2.1151,139.1764,10.0,5.0,mb,"170 km WNW of Abepura, Indonesia"
2025-08-12T09:26:49.731Z,-1.8217,139.2059,17.683,4.8,mb,"180 km WNW of Abepura, Indonesia"
2025-08-12T09:18:01.237Z,-2.1393,138.4607,10.0,4.7,mb,"246 km WNW of Abepura, Indonesia"
2025-08-12T09:17:02.225Z,-2.0229,139.1473,10.0,4.5,mb,"176 km WNW of Abepura, Indonesia"
2025-08-12T09:11:13.041Z,42.2972,144.7893,35.0,5.4,mww,"82 km S of Akkeshi, Japan"
2025-08-12T08:36:43.489Z,31.2633,130.3235,169.726,4.5,mb,"0 km ESE of Makurazaki, Japan"
2025-08-12T08:24:23.409Z,-2.0302,138.966,14.0,6.3,mww,"195 km WNW of Abepura, Indonesia"
2025-08-12T08:22:27.258Z,50.9944,160.5997,10.0,4.8,mb,"263 km SE of Vilyuchinsk, Russia"
2025-08-12T07:28:15.232Z,51.2523,159.2584,10.0,4.8,mb,"193 km E of Ozernovskiy, Russia"
2025-08-12T05:08:31.126Z,5.5785,126.1455,137.859,5.3,mww,"67 km SE of Caburan, Philippines"
2025-08-12T04:35:35.918Z,-23.4951,171.78,10.0,4.7,mb,southeast of the Loyalty Islands
2025-08-12T04:15:49.818Z,50.1143,157.001,37.985,4.6,mb,"88 km SE of Severo-Kuril’sk, Russia"
2025-08-12T03:34:44.381Z,49.7474,157.6091,10.0,4.5,mb,"147 km SE of Severo-Kuril’sk, Russia"
2025-08-12T02:14:10.141Z,0.4341,123.2841,273.874,5.2,mww,"27 km ESE of Gorontalo, Indonesia"
2025-08-12T02:07:15.415Z,51.3956,157.9937,60.809,4.9,mb,"104 km E of Ozernovskiy, Russia"
2025-08-12T01:42:15.363Z,52.8311,159.6597,68.279,4.7,mb,"74 km ESE of Petropavlovsk-Kamchatsky, Russia"
2025-08-12T01:08:59.097Z,52.221,159.6112,52.772,4.6,mb,"113 km SE of Vilyuchinsk, Russia"
2025-08-11T23:45:41.740Z,51.1722,160.888,10.0,4.5,mb,"259 km SE of Vilyuchinsk, Russia"
2025-08-11T21:12:05.244Z,51.4462,159.6896,10.0,4.8,mb,"187 km SSE of Vilyuchinsk, Russia"
2025-08-11T21:02:38.654Z,51.6145,159.7614,10.0,5.0,mb,"173 km SSE of Vilyuchinsk, Russia"
2025-08-11T19:52:26.714Z,51.6635,160.0305,10.0,4.8,mb,"179 km SE of Vilyuchinsk, Russia"
2025-08-11T19:36:39.548Z,-26.8737,-71.1662,21.244,4.8,mwr,"99 km WNW of Copiapó, Chile"
2025-08-11T18:29:31.944Z,-22.6682,171.0096,10.0,4.8,mb,southeast of the Loyalty Islands
2025-08-11T17:46:42.615Z,14.841,-94.4289,10.0,4.5,mb,"139 km SW of Doctor Belisario Domínguez (La Barra), Mexico"
2025-08-11T17:25:33.995Z,50.2311,156.9744,42.7,5.0,mww,"77 km SE of Severo-Kuril’sk, Russia"
2025-08-11T15:06:40.978Z,53.42,161.6344,10.0,4.5,mb,"204 km E of Petropavlovsk-Kamchatsky, Russia"
2025-08-11T13:24:39.995Z,51.3848,159.8739,10.0,4.7,mb,"199 km SSE of Vilyuchinsk, Russia"
2025-08-11T13:22:31.073Z,12.9664,145.5158,10.0,4.5,mb,"89 km ESE of Inarajan Village, Guam"
2025-08-11T12:35:03.986Z,51.9529,160.3445,36.582,4.5,mb,"169 km SE of Petropavlovsk-Kamchatsky, Russia"
2025-08-11T12:20:32.745Z,-36.5703,178.5565,110.659,4.8,mb,"116 km N of Hicks Bay, New Zealand"
2025-08-11T12:14:17.995Z,-18.1893,168.064,45.78,4.7,mb,"56 km SSW of Port-Vila, Vanuatu"
2025-08-11T12:10:36.524Z,52.0507,160.4649,35.0,4.7,mb,"168 km SE of Petropavlovsk-Kamchatsky, Russia"
2025-08-11T12:05:13.675Z,51.7801,160.3175,16.638,5.0,mww,"182 km SE of Vilyuchinsk, Russia"
2025-08-11T11:41:26.170Z,-14.4624,-76.4447,10.0,4.5,mb,"68 km SSW of Paracas, Peru"
2025-08-11T11:10:46.158Z,-21.7698,-68.5327,115.129,4.7,mwr,"66 km SSW of Ollagüe, Chile"
2025-08-11T11:09:38.067Z,-15.2883,-172.8333,10.0,4.7,mb,"126 km NE of Hihifo, Tonga"
2025-08-11T09:53:42.897Z,50.6225,157.161,63.379,4.9,mb,"73 km E of Severo-Kuril’sk, Russia"
2025-08-11T08:57:14.541Z,22.7691,143.5336,73.846,4.6,mb,"Volcano Islands, Japan region"
2025-08-11T08:05:38.817Z,-55.527,-26.9868,10.0,4.6,mb,South Sandwich Islands region
2025-08-11T08:03:46.466Z,-0.5026,135.7253,10.0,4.6,mb,"78 km NNW of Insrom, Indonesia"
2025-08-11T06:53:04.044Z,-18.7187,-174.7279,87.54,4.7,mb,"78 km W of Neiafu, Tonga"
2025-08-11T06:42:16.624Z,-55.1456,-26.382,10.0,4.6,mb,South Sandwich Islands region
2025-08-11T06:37:52.137Z,51.0628,159.7329,10.0,4.5,mb,"227 km SSE of Vilyuchinsk, Russia"
2025-08-11T06:37:40.608Z,-16.7618,-174.0509,130.154,5.1,mb,"93 km SSW of Hihifo, Tonga"
2025-08-11T05:52:02.655Z,53.4599,-163.7209,10.0,4.5,mb,"154 km ESE of Akutan, Alaska"
2025-08-11T04:11:03.709Z,-34.6337,179.9395,78.408,4.5,mb,south of the Kermadec Islands
2025-08-11T03:21:35.458Z,1.9255,-30.7366,10.0,4.5,mb,central Mid-Atlantic Ridge
2025-08-11T02:55:40.044Z,18.1793,121.4718,125.483,4.7,mb,"6 km SE of Flora, Philippines"
2025-08-11T02:30:06.221Z,-16.9629,168.5344,10.0,4.6,mb,"88 km NNE of Port-Vila, Vanuatu"
2025-08-11T02:20:59.773Z,14.8228,-94.3855,9.0,5.8,mww,"138 km SW of Manuel Ávila Camacho (Ponte Duro), Mexico"
2025-08-11T02:11:41.171Z,-9.7631,120.5286,81.43,5.0,mb,"31 km ESE of Waingapu, Indonesia"
2025-08-11T02:02:00.498Z,-29.6146,-176.6915,10.0,4.6,mb,Kermadec Islands region
2025-08-11T00:36:22.610Z,53.0157,161.082,35.0,4.6,mb,"164 km E of Petropavlovsk-Kamchatsky, Russia"
2025-08-11T00:16:32.147Z,4.3578,-76.1928,150.107,4.7,mww,"2 km NNW of Bolívar, Colombia"
2025-08-10T22:54:21.597Z,12.9684,145.6685,10.0,4.9,mb,"105 km SE of Yigo Village, Guam"
2025-08-10T22:28:29.036Z,12.5899,145.3153,10.0,4.6,mb,"97 km SE of Inarajan Village, Guam"
2025-08-10T22:10:34.173Z,13.0045,145.5948,10.0,4.7,mb,"96 km ESE of Inarajan Village, Guam"
2025-08-10T21:49:44.867Z,13.5155,-92.4205,10.0,4.5,mb,"102 km SSW of Champerico, Guatemala"
2025-08-10T20:37:49.849Z,13.5682,-92.4025,10.0,4.7,mb,"96 km SSW of Champerico, Guatemala"
2025-08-10T20:30:46.835Z,2.1086,128.5542,41.783,4.7,mb,"73 km NE of Tobelo, Indonesia"
2025-08-10T16:59:52.617Z,-11.7076,-90.5634,10.0,4.5,mb,southeast of the Galapagos Islands
2025-08-10T16:58:04.984Z,50.1074,158.717,10.0,4.8,mb,"194 km ESE of Severo-Kuril’sk, Russia"
2025-08-10T16:53:47.260Z,39.3709,28.0168,10.0,6.1,mww,"10 km WSW of Bigadiç, Turkey"
2025-08-10T16:36:04.267Z,-20.7152,-175.4953,10.0,5.0,mb,"54 km NNW of Houma, Tonga"
2025-08-10T15:57:37.306Z,-0.2339,125.8821,54.642,4.6,mb,"177 km ESE of Modisi, Indonesia"
2025-08-10T15:24:01.811Z,12.939,143.9307,94.758,4.5,mb,"87 km WSW of Merizo Village, Guam"
2025-08-10T14:31:58.255Z,13.6674,-92.347,10.0,4.6,mb,"83 km SW of Champerico, Guatemala"
2025-08-10T13:42:04.720Z,51.9756,161.0779,10.0,4.5,mb,"205 km SE of Petropavlovsk-Kamchatsky, Russia"
2025-08-10T13:26:43.390Z,57.84,-133.09,0.0,5.4,mww,"44 km NNE of Hobart Bay, Alaska"
2025-08-10T11:19:18.553Z,51.3452,157.4768,75.036,5.0,mww,"69 km ESE of Ozernovskiy, Russia"
2025-08-10T10:47:39.961Z,52.6096,160.9387,20.0,4.9,mb,"163 km ESE of Petropavlovsk-Kamchatsky, Russia"
2025-08-10T10:26:08.784Z,12.8559,145.4504,10.0,4.6,mb,"89 km ESE of Inarajan Village, Guam"
2025-08-10T09:58:09.517Z,52.2203,160.4333,31.78,4.7,mb,"154 km SE of Petropavlovsk-Kamchatsky, Russia"
2025-08-10T09:30:58.986Z,52.0187,160.6424,21.572,4.5,mb,"179 km SE of Petropavlovsk-Kamchatsky, Russia"
2025-08-10T09:29:17.072Z,52.2235,160.4049,35.0,5.0,mb,"152 km SE of Petropavlovsk-Kamchatsky, Russia"
2025-08-10T09:20:59.543Z,12.9052,145.6098,10.0,4.5,mb,"101 km ESE of Inarajan Village, Guam"
2025-08-10T09:08:47.076Z,13.009,145.6741,10.0,4.5,mb,"103 km SE of Yigo Village, Guam"
2025-08-10T08:19:11.431Z,-6.1749,142.5106,10.0,4.6,mb,"60 km SW of Tari, Papua New Guinea"
2025-08-10T06:59:35.135Z,51.4556,159.7189,13.929,5.1,mww,"187 km SSE of Vilyuchinsk, Russia"
2025-08-10T06:32:32.923Z,13.6724,92.7915,10.0,4.7,mb,"218 km N of Bamboo Flat, India"
2025-08-10T06:14:29.699Z,13.4243,-92.402,10.0,4.6,mb,"109 km SSW of Champerico, Guatemala"
2025-08-10T06:03:34.909Z,23.7185,121.6141,12.624,4.6,mwr,"28 km S of Hualien City, Taiwan"
2025-08-10T05:57:29.362Z,12.9896,145.4727,10.0,5.2,mww,"84 km ESE of Inarajan Village, Guam"
2025-08-10T05:32:21.596Z,13.082,145.7357,10.0,4.6,mb,"104 km ESE of Yigo Village, Guam"
2025-08-10T05:17:43.971Z,12.567,145.3836,10.0,4.5,mb,"104 km SE of Inarajan Village, Guam"
2025-08-10T05:14:40.762Z,12.8319,145.5557,10.0,4.5,mb,"100 km ESE of Inarajan Village, Guam"
2025-08-10T05:12:49.070Z,50.2101,159.6414,10.0,4.5,mb,"254 km ESE of Severo-Kuril’sk, Russia"
2025-08-10T05:08:31.223Z,12.9437,145.7441,10.0,4.5,mb,"113 km SE of Yigo Village, Guam"
2025-08-10T05:02:46.352Z,12.8591,145.6419,10.0,4.5,mb,"107 km ESE of Inarajan Village, Guam"
2025-08-10T04:56:49.867Z,12.9438,145.6375,16.0,5.9,mww,"103 km ESE of Inarajan Village, Guam"
2025-08-10T04:04:00.941Z,51.5279,159.7667,10.0,4.7,mb,"181 km SSE of Vilyuchinsk, Russia"
2025-08-10T03:53:46.089Z,49.338,158.004,10.0,4.5,mb,"200 km SE of Severo-Kuril’sk, Russia"
2025-08-10T03:28:07.416Z,-47.8049,115.8517,10.0,4.5,mb,western Indian-Antarctic Ridge
2025-08-10T03:27:03.691Z,-4.3385,102.3186,58.597,4.9,mb,"59 km S of Bengkulu, Indonesia"
2025-08-10T03:25:48.912Z,-14.8344,168.2071,10.0,4.5,mb,"124 km E of Port-Olry, Vanuatu"
2025-08-10T03:11:49.363Z,50.1062,159.6717,10.0,4.6,mb,"259 km ESE of Severo-Kuril’sk, Russia"
2025-08-10T02:44:21.883Z,51.6807,159.5082,30.315,4.8,mb,"158 km SSE of Vilyuchinsk, Russia"
2025-08-10T02:39:25.317Z,51.4794,159.6752,19.466,4.9,mww,"183 km SSE of Vilyuchinsk, Russia"
2025-08-10T01:24:28.378Z,-17.6888,167.7796,10.0,4.7,mb,"56 km W of Port-Vila, Vanuatu"
2025-08-10T00:39:02.890Z,-8.2437,116.7258,10.0,4.5,mb,"29 km NNE of Labuan Lombok, Indonesia"
2025-08-09T23:11:56.334Z,51.1442,159.5663,10.0,4.6,mb,"214 km SSE of Vilyuchinsk, Russia"
2025-08-09T22:51:50.490Z,2.7836,-31.3642,10.0,4.6,mb,central Mid-Atlantic Ridge
2025-08-09T20:53:11.823Z,50.4631,158.4999,50.724,4.5,mb,"169 km E of Severo-Kuril’sk, Russia"
2025-08-09T20:40:57.876Z,13.48,-92.3994,9.0,5.9,mww,"104 km SSW of Champerico, Guatemala"
2025-08-09T19:21:35.635Z,52.4217,160.2851,35.0,4.8,mb,"132 km ESE of Petropavlovsk-Kamchatsky, Russia"
2025-08-09T19:14:46.195Z,51.669,159.8957,21.378,4.6,mb,"173 km SE of Vilyuchinsk, Russia"
2025-08-09T19:05:52.875Z,52.6482,159.2248,82.022,4.6,mb,"61 km SE of Petropavlovsk-Kamchatsky, Russia"
2025-08-09T18:53:25.079Z,-54.6925,-0.8853,10.0,4.5,mb,Bouvet Island region
2025-08-09T18:30:48.872Z,49.7391,157.562,10.0,4.5,mb,"146 km SE of Severo-Kuril’sk, Russia"
2025-08-09T15:52:53.551Z,49.0944,154.7395,83.454,4.6,mb,"202 km SSW of Severo-Kuril’sk, Russia"
2025-08-09T15:36:05.483Z,50.1168,159.9028,10.0,4.6,mb,"275 km ESE of Severo-Kuril’sk, Russia"
2025-08-09T14:04:07.171Z,50.0723,159.7364,11.0,6.0,mww,"265 km ESE of Severo-Kuril’sk, Russia"
2025-08-09T12:48:22.354Z,52.9103,159.892,56.599,4.6,mb,"86 km ESE of Petropavlovsk-Kamchatsky, Russia"
2025-08-09T12:42:46.732Z,50.1567,158.5962,10.0,4.5,mb,"184 km ESE of Severo-Kuril’sk, Russia"
2025-08-09T12:30:13.333Z,22.9169,94.4797,100.305,4.6,mb,"80 km S of Mawlaik, Burma (Myanmar)"
2025-08-09T11:33:05.494Z,6.1475,126.6036,97.714,5.1,mww,"52 km ESE of Pondaguitan, Philippines"
2025-08-09T10:34:47.385Z,51.4757,159.6917,28.297,4.9,mb,"184 km SSE of Vilyuchinsk, Russia"
2025-08-09T10:04:24.754Z,48.7535,156.3324,10.504,4.5,mb,"214 km S of Severo-Kuril’sk, Russia"
2025-08-09T09:55:45.128Z,52.2983,160.3072,38.378,4.8,mb,"141 km SE of Petropavlovsk-Kamchatsky, Russia"
2025-08-09T09:52:26.947Z,50.2022,158.6381,10.0,4.6,mb,"185 km ESE of Severo-Kuril’sk, Russia"
2025-08-09T09:40:53.152Z,52.3265,160.298,20.77,5.0,mb,"139 km SE of Petropavlovsk-Kamchatsky, Russia"
2025-08-09T09:27:29.653Z,50.3595,159.4427,10.0,4.6,mb,"237 km E of Severo-Kuril’sk, Russia"
2025-08-09T09:04:28.238Z,-57.7279,157.6139,10.0,4.9,mb,Macquarie Island region
2025-08-09T08:01:41.017Z,51.77,158.181,70.157,5.0,mww,"120 km ENE of Ozernovskiy, Russia"
2025-08-09T06:52:29.899Z,49.8277,155.8277,75.365,5.0,mww,"96 km SSW of Severo-Kuril’sk, Russia"
2025-08-09T04:44:08.869Z,-7.6841,-74.7589,153.529,4.5,mb,"48 km SE of Contamana, Peru"
2025-08-09T03:40:04.056Z,53.3547,161.6702,25.139,4.5,mb,"205 km E of Petropavlovsk-Kamchatsky, Russia"
2025-08-09T03:38:32.175Z,51.7582,159.5458,60.563,4.6,mb,"151 km SSE of Vilyuchinsk, Russia"
2025-08-09T03:36:04.612Z,51.6285,159.9338,10.0,4.8,mb,"178 km SE of Vilyuchinsk, Russia"
2025-08-09T00:04:30.489Z,-24.1663,-115.4342,10.0,4.5,mb,southern East Pacific Rise
2025-08-08T23:11:59.945Z,51.3717,156.4834,10.0,5.0,mb,"13 km S of Ozernovskiy, Russia"
2025-08-08T22:18:31.339Z,9.4054,40.0981,10.0,4.6,mb,"47 km N of Āwash, Ethiopia"
2025-08-08T22:05:20.355Z,51.6622,159.8232,22.555,5.0,mww,"171 km SE of Vilyuchinsk, Russia"
2025-08-08T20:18:14.037Z,-5.6734,68.47,10.0,4.6,mb,Chagos Archipelago region
2025-08-08T20:01:55.020Z,52.224,158.1292,77.898,4.5,mb,"80 km SSW of Vilyuchinsk, Russia"
2025-08-08T19:58:30.615Z,52.895,159.8513,65.03,5.0,mb,"84 km ESE of Petropavlovsk-Kamchatsky, Russia"
2025-08-08T19:14:50.460Z,52.3755,160.6875,10.0,4.8,mb,"158 km ESE of Petropavlovsk-Kamchatsky, Russia"
2025-08-08T18:02:20.314Z,-24.2075,-67.2333,169.312,4.7,mb,"92 km W of San Antonio de los Cobres, Argentina"
2025-08-08T16:04:29.837Z,-6.2975,130.4813,125.809,4.6,mb,"262 km WSW of Tual, Indonesia"
2025-08-08T16:02:33.941Z,50.419,159.8194,10.0,4.5,mb,"262 km ESE of Ozernovskiy, Russia"
2025-08-08T13:10:12.768Z,49.9205,158.6058,10.0,4.7,mb,"195 km ESE of Severo-Kuril’sk, Russia"
2025-08-08T13:05:05.192Z,52.1322,158.3349,84.63,5.0,mb,"89 km S of Vilyuchinsk, Russia"
2025-08-08T12:42:08.838Z,51.4771,159.7448,26.02,4.5,mb,"185 km SSE of Vilyuchinsk, Russia"
2025-08-08T12:41:22.216Z,-15.0801,167.6184,127.744,4.7,mb,"58 km E of Port-Olry, Vanuatu"
2025-08-08T12:22:13.517Z,1.7903,127.1031,108.684,5.0,mww,"101 km W of Tobelo, Indonesia"
2025-08-08T12:00:38.826Z,-9.0158,123.9117,97.897,4.7,mb,"55 km WNW of Pante Makasar, Timor Leste"
2025-08-08T10:29:19.984Z,36.4192,141.5995,35.0,4.7,mb,"85 km ESE of Takahagi, Japan"
2025-08-08T09:41:53.781Z,-4.0563,152.968,10.0,4.6,mb,"83 km ENE of Kokopo, Papua New Guinea"
2025-08-08T08:39:00.468Z,49.1522,155.5654,64.685,4.8,mb,"174 km SSW of Severo-Kuril’sk, Russia"
2025-08-08T08:24:28.743Z,50.2005,157.3356,43.805,4.6,mb,"100 km ESE of Severo-Kuril’sk, Russia"
2025-08-08T07:38:24.824Z,-4.9991,35.0991,10.0,5.0,mww,"24 km E of Mungaa, Tanzania"
2025-08-08T05:34:57.310Z,-15.0853,167.4736,144.812,4.6,mb,"43 km E of Port-Olry, Vanuatu"
2025-08-08T04:51:31.968Z,50.3016,159.2088,10.0,4.5,mb,"222 km ESE of Severo-Kuril’sk, Russia"
2025-08-08T04:43:12.437Z,50.7851,157.6646,41.065,4.6,mb,"109 km E of Severo-Kuril’sk, Russia"
2025-08-08T03:58:47.655Z,40.6629,72.0828,10.0,4.5,mb,"13 km W of Asaka, Uzbekistan"
2025-08-08T02:42:07.297Z,49.2429,156.3237,36.446,4.9,mb,"159 km S of Severo-Kuril’sk, Russia"
2025-08-08T02:24:32.930Z,-22.3438,171.5008,126.548,4.6,mb,southeast of the Loyalty Islands
2025-08-08T02:20:47.731Z,50.4674,157.669,35.0,4.9,mb,"111 km ESE of Severo-Kuril’sk, Russia"
2025-08-08T01:39:08.569Z,50.6765,156.3032,103.4,4.8,mb,"12 km E of Severo-Kuril’sk, Russia"
2025-08-08T01:24:04.764Z,12.4011,-55.7232,10.0,4.5,mb,North Atlantic Ocean
2025-08-08T00:31:47.803Z,2.5724,-79.7378,10.0,4.9,mww,"133 km WNW of Salahonda, Colombia"
2025-08-07T23:42:37.810Z,51.3075,159.2253,52.424,4.5,mb,"189 km SSE of Vilyuchinsk, Russia"
2025-08-07T22:07:40.814Z,50.4277,158.8244,10.0,5.1,mb,"193 km E of Severo-Kuril’sk, Russia"
2025-08-07T19:10:49.990Z,51.5168,160.2277,10.0,4.6,mb,"200 km SE of Vilyuchinsk, Russia"
2025-08-07T18:59:07.337Z,52.2135,161.644,10.0,4.8,mb,"225 km ESE of Petropavlovsk-Kamchatsky, Russia"
2025-08-07T18:35:36.894Z,50.1257,159.4975,10.0,5.0,mb,"247 km ESE of Severo-Kuril’sk, Russia"
2025-08-07T17:51:24.433Z,49.2029,155.5603,64.406,4.5,mb,"168 km SSW of Severo-Kuril’sk, Russia"
2025-08-07T17:23:15.832Z,52.1872,159.2574,59.053,4.5,mb,"100 km SE of Vilyuchinsk, Russia"
2025-08-07T16:54:26.399Z,50.9787,157.5246,67.91,4.8,mb,"91 km SE of Ozernovskiy, Russia"
2025-08-07T16:33:59.672Z,-4.2241,152.9274,19.0,5.9,mww,"74 km E of Kokopo, Papua New Guinea"
2025-08-07T16:26:37.995Z,49.8458,155.3023,100.54,4.5,mb,"109 km SSW of Severo-Kuril’sk, Russia"
2025-08-07T15:28:59.818Z,1.3202,98.9615,95.873,5.0,mww,"35 km W of Padangsidempuan, Indonesia"
2025-08-07T15:13:08.596Z,51.2099,159.4249,10.0,4.5,mb,"203 km SSE of Vilyuchinsk, Russia"
2025-08-07T14:30:59.671Z,20.2387,96.2024,10.0,4.5,mb,"22 km SSE of Yamethin, Burma (Myanmar)"
2025-08-07T13:46:19.439Z,-14.6052,166.9762,41.888,4.6,mb,"49 km NNW of Port-Olry, Vanuatu"
2025-08-07T12:25:27.759Z,39.8604,-29.5871,10.0,4.5,mb,"139 km ENE of Santa Cruz das Flores, Portugal"
2025-08-07T09:48:58.474Z,36.958,21.8613,22.983,4.8,mb,"10 km SE of Vlachópoulo, Greece"
2025-08-07T09:39:36.543Z,-12.1176,166.2266,35.0,4.9,mb,"161 km SSE of Lata, Solomon Islands"
2025-08-07T09:00:36.086Z,51.7733,159.4237,10.0,5.2,mb,"146 km SSE of Vilyuchinsk, Russia"
2025-08-07T08:45:41.118Z,51.4529,159.5911,35.0,4.7,mb,"183 km SSE of Vilyuchinsk, Russia"
2025-08-07T08:00:47.466Z,51.6408,159.672,42.718,4.7,mb,"167 km SSE of Vilyuchinsk, Russia"
2025-08-07T07:45:05.200Z,24.6133,122.9664,113.505,5.5,mww,"16 km NNW of Yonakuni, Japan"
2025-08-07T06:29:55.742Z,51.2261,160.9503,10.0,4.7,mb,"257 km SE of Vilyuchinsk, Russia"
2025-08-07T05:26:41.326Z,51.8018,161.4027,11.502,4.8,mww,"235 km SE of Petropavlovsk-Kamchatsky, Russia"
2025-08-07T04:22:18.140Z,51.457,159.7619,10.0,4.6,mb,"188 km SSE of Vilyuchinsk, Russia"
2025-08-07T03:47:04.736Z,4.2141,126.6853,50.309,4.5,mb,"188 km SE of Sarangani, Philippines"
2025-08-07T03:09:10.237Z,-17.3053,-174.4254,155.524,4.5,mb,"156 km NNW of Neiafu, Tonga"
2025-08-07T02:57:18.857Z,52.6169,-32.0699,10.0,4.5,mb,Reykjanes Ridge
2025-08-07T02:53:01.358Z,49.2161,156.0151,35.0,4.6,mb,"162 km S of Severo-Kuril’sk, Russia"
2025-08-07T02:12:45.129Z,-41.7988,-83.9195,10.0,5.3,mb,West Chile Rise
2025-08-07T02:10:19.385Z,-41.6242,-83.5423,10.0,4.6,mb,West Chile Rise
2025-08-07T00:51:13.993Z,51.5329,160.8796,10.0,4.7,mb,"229 km SE of Petropavlovsk-Kamchatsky, Russia"
2025-08-07T00:48:59.656Z,52.3117,160.9074,10.0,4.5,mb,"175 km ESE of Petropavlovsk-Kamchatsky, Russia"
2025-08-06T23:51:53.240Z,-57.1605,-67.1881,10.0,4.7,mb,"270 km SSE of Ushuaia, Argentina"
2025-08-06T23:47:47.570Z,33.1397,131.1214,9.817,4.9,mb,"15 km SSW of Tsukawaki, Japan"
2025-08-06T23:26:53.285Z,-46.031,-16.2286,10.0,5.0,mb,southern Mid-Atlantic Ridge
2025-08-06T23:25:26.013Z,52.2526,160.4386,25.588,4.7,mb,"152 km SE of Petropavlovsk-Kamchatsky, Russia"
2025-08-06T22:40:18.913Z,-41.2658,-88.2075,10.0,4.6,mb,West Chile Rise
2025-08-06T22:08:19.782Z,-19.5149,-173.8574,35.0,5.3,mww,"55 km ENE of Fangale’ounga, Tonga"
2025-08-06T20:27:20.516Z,50.1129,157.3875,47.899,4.9,mww,"109 km SE of Severo-Kuril’sk, Russia"
2025-08-06T19:28:31.529Z,-6.5386,131.4808,10.0,4.9,mb,"173 km SW of Tual, Indonesia"
2025-08-06T19:18:53.132Z,51.4567,159.451,33.883,4.5,mb,"178 km SSE of Vilyuchinsk, Russia"
2025-08-06T18:38:57.109Z,62.4381,-151.2161,87.7,4.6,mww,"24 km WSW of Petersville, Alaska"
2025-08-06T17:32:58.660Z,-55.0686,-128.6729,10.0,4.8,mb,Pacific-Antarctic Ridge
2025-08-06T17:07:54.629Z,-58.5996,-25.1282,35.0,4.6,mb,South Sandwich Islands region
2025-08-06T17:04:58.294Z,52.7946,159.266,67.395,4.5,mb,"52 km SE of Petropavlovsk-Kamchatsky, Russia"
2025-08-06T16:56:19.055Z,13.8612,144.8151,120.739,4.6,mb,"36 km NNW of Yigo Village, Guam"
2025-08-06T16:40:42.557Z,-23.9343,-66.7161,195.058,4.5,mb,"51 km NW of San Antonio de los Cobres, Argentina"
2025-08-06T15:13:36.692Z,51.5233,160.8274,10.0,4.7,mb,"227 km SE of Petropavlovsk-Kamchatsky, Russia"
2025-08-06T14:23:35.276Z,51.0925,159.2291,26.201,4.5,mb,"195 km ESE of Ozernovskiy, Russia"
2025-08-06T14:09:05.584Z,12.6049,-89.8876,10.0,4.5,mb,"109 km S of Acajutla, El Salvador"
2025-08-06T13:49:14.660Z,50.1556,155.8767,90.934,4.5,mb,"60 km SSW of Severo-Kuril’sk, Russia"
2025-08-06T12:51:38.912Z,51.5097,159.6275,27.756,4.6,mb,"178 km SSE of Vilyuchinsk, Russia"
2025-08-06T12:06:29.744Z,53.0152,161.7833,10.0,4.7,mb,"211 km E of Petropavlovsk-Kamchatsky, Russia"
2025-08-06T11:49:31.240Z,51.223,159.4815,10.0,4.5,mb,"203 km SSE of Vilyuchinsk, Russia"
2025-08-06T11:10:53.322Z,51.5428,159.6795,35.0,4.5,mb,"177 km SSE of Vilyuchinsk, Russia"
2025-08-06T10:53:57.748Z,51.2004,159.1994,35.0,4.8,mb,"190 km E of Ozernovskiy, Russia"
2025-08-06T10:43:11.088Z,51.4249,159.6929,10.0,5.5,mww,"189 km SSE of Vilyuchinsk, Russia"
2025-08-06T10:39:38.874Z,51.5455,158.3152,62.264,4.7,mb,"126 km E of Ozernovskiy, Russia"
2025-08-06T10:35:08.011Z,51.5638,159.448,16.0,5.8,mww,"167 km SSE of Vilyuchinsk, Russia"
2025-08-06T09:33:06.187Z,-7.6841,127.8293,116.185,4.6,mb,"130 km NE of Lospalos, Timor Leste"
2025-08-06T08:08:27.579Z,-18.159,168.024,35.0,4.7,mb,"55 km SSW of Port-Vila, Vanuatu"
2025-08-06T07:52:02.514Z,49.846,156.0705,64.658,4.5,mb,"92 km S of Severo-Kuril’sk, Russia"
2025-08-06T07:04:10.326Z,40.674,145.1876,10.0,4.5,mb,"238 km SE of Hiroo, Japan"
2025-08-06T06:37:53.354Z,-5.9341,147.6485,92.875,4.6,mb,"72 km NNW of Finschhafen, Papua New Guinea"
2025-08-06T06:36:19.025Z,51.582,159.752,10.0,5.2,mww,"176 km SSE of Vilyuchinsk, Russia"
2025-08-06T06:35:18.854Z,51.3871,160.6396,10.0,4.6,mb,"229 km SE of Vilyuchinsk, Russia"
2025-08-06T05:17:52.088Z,51.5017,159.5624,29.95,4.7,mb,"177 km SSE of Vilyuchinsk, Russia"
2025-08-06T05:01:27.220Z,49.9407,158.798,10.0,5.1,mww,"207 km ESE of Severo-Kuril’sk, Russia"
2025-08-06T02:27:53.508Z,49.4802,157.8111,10.0,4.5,mb,"179 km SE of Severo-Kuril’sk, Russia"
2025-08-06T01:47:39.654Z,51.5787,159.7664,10.0,4.8,mb,"176 km SSE of Vilyuchinsk, Russia"
2025-08-06T00:56:40.452Z,27.9779,128.1353,10.0,5.0,mww,"77 km WNW of Amagi, Japan"
2025-08-06T00:23:25.115Z,52.6639,160.9064,10.0,4.6,mb,"159 km ESE of Petropavlovsk-Kamchatsky, Russia"
2025-08-05T21:45:40.981Z,52.3552,160.4302,10.0,5.2,mb,"145 km ESE of Petropavlovsk-Kamchatsky, Russia"
2025-08-05T21:44:51.938Z,52.2394,160.4024,10.0,5.1,mb,"151 km SE of Petropavlovsk-Kamchatsky, Russia"
2025-08-05T20:57:02.357Z,52.1847,160.2739,33.969,4.9,mb,"148 km SE of Petropavlovsk-Kamchatsky, Russia"
2025-08-05T20:18:41.727Z,-6.6831,129.8243,158.697,4.5,mb,Banda Sea
2025-08-05T19:58:03.608Z,49.2125,157.8883,10.0,4.5,mb,"206 km SE of Severo-Kuril’sk, Russia"
2025-08-05T18:52:19.141Z,-13.5367,167.5465,10.0,4.5,mb,"37 km N of Sola, Vanuatu"
2025-08-05T18:48:14.585Z,-17.5888,166.9272,10.0,4.5,mb,"148 km W of Port-Vila, Vanuatu"
2025-08-05T16:30:17.747Z,51.3386,160.6475,10.0,4.5,mb,"234 km SE of Vilyuchinsk, Russia"
2025-08-05T15:32:49.135Z,52.6348,159.1796,62.543,4.7,mb,"60 km SE of Petropavlovsk-Kamchatsky, Russia"
2025-08-05T15:32:14.617Z,52.2937,158.6507,10.0,4.5,mb,"72 km SSE of Vilyuchinsk, Russia"
2025-08-05T14:57:03.812Z,-20.0028,-175.9397,171.181,4.8,mb,"145 km NNW of Houma, Tonga"
2025-08-05T13:44:09.731Z,41.3637,72.6422,10.0,5.1,mb,"33 km N of Massy, Kyrgyzstan"
2025-08-05T13:18:43.776Z,51.0978,157.1931,92.317,4.5,mb,"65 km SE of Ozernovskiy, Russia"
2025-08-05T12:39:40.215Z,50.3926,158.2487,33.987,4.8,mb,"153 km ESE of Severo-Kuril’sk, Russia"
2025-08-05T12:34:21.673Z,51.121,158.7069,35.0,4.7,mb,"159 km ESE of Ozernovskiy, Russia"
2025-08-05T12:20:06.791Z,51.6249,159.8114,27.973,4.5,mb,"174 km SSE of Vilyuchinsk, Russia"
2025-08-05T11:34:46.388Z,52.1092,160.4426,10.0,4.5,mb,"162 km SE of Petropavlovsk-Kamchatsky, Russia"
2025-08-05T11:04:08.586Z,51.8748,-177.4302,86.518,4.8,mww,"54 km W of Adak, Alaska"
2025-08-05T10:28:51.865Z,51.1257,158.7013,35.0,4.9,mb,"158 km ESE of Ozernovskiy, Russia"
2025-08-05T10:15:51.842Z,49.6341,160.0691,10.0,5.0,mb,east of the Kuril Islands
2025-08-05T09:23:51.280Z,18.1665,-68.3226,168.0,5.7,ml,"38 km SE of Boca de Yuma, Dominican Republic"
2025-08-05T08:46:34.726Z,51.4203,159.505,24.468,4.5,mb,"184 km SSE of Vilyuchinsk, Russia"
2025-08-05T08:14:11.365Z,50.5209,158.2162,10.0,4.8,mb,"148 km E of Severo-Kuril’sk, Russia"
2025-08-05T07:52:44.501Z,50.3895,158.6931,10.0,4.5,mb,"184 km E of Severo-Kuril’sk, Russia"
2025-08-05T07:35:06.845Z,53.2864,168.4951,10.0,4.5,mb,"Komandorskiye Ostrova, Russia region"
2025-08-05T06:53:24.933Z,49.771,158.8063,10.0,4.6,mb,"216 km ESE of Severo-Kuril’sk, Russia"
2025-08-05T06:02:47.085Z,-38.6796,-74.9114,10.0,4.5,mb,"152 km W of Carahue, Chile"
2025-08-05T05:06:47.092Z,28.0709,59.0117,76.745,5.6,mww,"131 km SSE of Bam, Iran"
2025-08-05T04:59:07.633Z,-21.9866,-68.6449,104.358,4.6,mwr,"59 km NNE of Calama, Chile"
2025-08-05T03:50:21.027Z,51.6656,160.2727,10.0,4.6,mb,"189 km SE of Vilyuchinsk, Russia"
2025-08-05T03:49:25.283Z,-54.3952,5.4974,10.0,5.0,mb,Bouvet Island region
2025-08-05T02:54:20.656Z,50.1937,157.2521,35.0,4.6,mb,"96 km SE of Severo-Kuril’sk, Russia"
2025-08-05T02:16:50.376Z,52.3824,160.1635,42.42,4.8,mb,"128 km SE of Petropavlovsk-Kamchatsky, Russia"
2025-08-05T02:11:06.415Z,52.2338,160.3119,38.415,4.5,mb,"146 km SE of Petropavlovsk-Kamchatsky, Russia"
2025-08-05T01:57:14.423Z,52.3794,160.0307,51.821,4.7,mb,"121 km SE of Petropavlovsk-Kamchatsky, Russia"
2025-08-05T01:49:49.816Z,51.6356,160.2222,10.0,4.5,mb,"190 km SE of Vilyuchinsk, Russia"
2025-08-05T01:47:35.974Z,52.2569,160.1579,21.714,5.1,mb,"137 km SE of Petropavlovsk-Kamchatsky, Russia"
2025-08-05T01:18:15.500Z,51.3124,160.6289,10.0,4.7,mb,"235 km SE of Vilyuchinsk, Russia"
2025-08-05T00:11:06.853Z,50.3763,157.2986,35.0,4.7,mb,"89 km ESE of Severo-Kuril’sk, Russia"
2025-08-04T23:39:17.830Z,27.8464,128.013,10.0,4.6,mb,"78 km NW of China, Japan"
2025-08-04T23:06:49.409Z,12.2091,-87.6562,35.0,4.6,mb,"60 km WSW of Corinto, Nicaragua"
2025-08-04T22:11:09.130Z,52.7724,160.8405,10.0,4.6,mb,"152 km ESE of Petropavlovsk-Kamchatsky, Russia"
2025-08-04T21:59:45.307Z,51.4578,159.7431,10.0,4.9,mww,"187 km SSE of Vilyuchinsk, Russia"
2025-08-04T21:06:20.379Z,50.9847,158.3137,35.0,5.0,mww,"138 km ESE of Ozernovskiy, Russia"
2025-08-04T20:29:27.010Z,48.5461,157.5499,10.0,4.6,mb,"258 km SSE of Severo-Kuril’sk, Russia"
2025-08-04T18:52:33.765Z,52.1637,160.6701,21.891,4.6,mb,"170 km SE of Petropavlovsk-Kamchatsky, Russia"
2025-08-04T18:49:14.800Z,52.1572,160.3489,25.964,4.5,mb,"154 km SE of Petropavlovsk-Kamchatsky, Russia"
2025-08-04T17:49:36.783Z,51.8688,159.2945,35.0,4.9,mb,"132 km SSE of Vilyuchinsk, Russia"
2025-08-04T16:46:11.384Z,49.0982,156.2726,10.0,5.2,mww,"175 km S of Severo-Kuril’sk, Russia"
2025-08-04T15:57:52.882Z,50.0025,155.9659,75.444,4.5,mb,"75 km S of Severo-Kuril’sk, Russia"
2025-08-04T14:36:47.938Z,1.1555,124.2603,14.576,4.5,mb,"63 km WSW of Tomohon, Indonesia"
2025-08-04T11:37:31.449Z,51.7592,159.3382,35.0,4.9,mb,"145 km SSE of Vilyuchinsk, Russia"
2025-08-04T11:30:49.997Z,50.157,158.5795,10.0,4.6,mb,"183 km ESE of Severo-Kuril’sk, Russia"
2025-08-04T10:26:22.414Z,50.1825,158.911,10.0,4.9,mb,"205 km ESE of Severo-Kuril’sk, Russia"
2025-08-04T09:25:58.646Z,-10.2062,162.5802,46.547,4.7,mb,"77 km ENE of Kirakira, Solomon Islands"
2025-08-04T08:42:30.530Z,-8.6145,129.1101,10.0,4.6,mb,"232 km E of Lospalos, Timor Leste"
2025-08-04T08:09:21.729Z,51.1468,159.5447,22.326,4.5,mb,"213 km SSE of Vilyuchinsk, Russia"
2025-08-04T08:02:51.287Z,52.3102,160.6634,10.0,4.8,mb,"161 km ESE of Petropavlovsk-Kamchatsky, Russia"
2025-08-04T07:05:01.202Z,48.6505,157.5813,10.0,4.6,mb,"248 km SSE of Severo-Kuril’sk, Russia"
2025-08-04T06:48:35.755Z,49.6295,156.7144,38.78,5.0,mb,"123 km SSE of Severo-Kuril’sk, Russia"
2025-08-04T06:04:41.423Z,52.2855,160.4546,10.0,4.9,mb,"150 km SE of Petropavlovsk-Kamchatsky, Russia"
2025-08-04T06:00:32.566Z,0.2614,122.0062,164.366,4.6,mb,"121 km WSW of Gorontalo, Indonesia"
2025-08-04T05:32:02.819Z,51.35,159.6083,11.165,4.5,mb,"194 km SSE of Vilyuchinsk, Russia"
2025-08-04T04:24:58.179Z,50.0861,158.3665,18.535,4.9,mb,"172 km ESE of Severo-Kuril’sk, Russia"
2025-08-04T04:20:54.562Z,48.8586,156.3666,16.0,6.2,mww,"202 km S of Severo-Kuril’sk, Russia"
2025-08-04T03:54:22.142Z,-8.8943,159.8465,78.842,5.0,mb,"40 km NW of Tulagi, Solomon Islands"
2025-08-04T03:36:11.284Z,51.9812,159.8638,10.0,5.0,mb,"144 km SE of Vilyuchinsk, Russia"
2025-08-04T03:18:36.295Z,51.457,159.4917,28.205,4.7,mb,"180 km SSE of Vilyuchinsk, Russia"
2025-08-04T02:51:01.656Z,51.6023,159.5305,10.0,4.8,mb,"166 km SSE of Vilyuchinsk, Russia"
2025-08-04T02:34:02.855Z,51.6269,159.5529,24.776,4.6,mb,"164 km SSE of Vilyuchinsk, Russia"
2025-08-04T01:08:34.245Z,50.8196,158.995,11.993,4.6,mb,"190 km ESE of Ozernovskiy, Russia"
2025-08-04T00:44:25.496Z,51.8584,158.3929,75.698,5.1,mww,"119 km S of Vilyuchinsk, Russia"
2025-08-03T23:24:52.015Z,52.7805,160.2293,35.0,4.5,mb,"112 km ESE of Petropavlovsk-Kamchatsky, Russia"
2025-08-03T22:43:06.873Z,50.092,156.2119,66.34,4.5,mb,"65 km S of Severo-Kuril’sk, Russia"
2025-08-03T22:17:31.325Z,52.6226,160.6475,24.27,4.6,mb,"144 km ESE of Petropavlovsk-Kamchatsky, Russia"
2025-08-03T21:55:09.933Z,48.8347,155.4251,35.0,5.1,mww,"210 km SSW of Severo-Kuril’sk, Russia"
2025-08-03T21:53:26.211Z,49.2367,158.5882,10.0,4.5,mb,"238 km SE of Severo-Kuril’sk, Russia"
2025-08-03T21:44:34.098Z,52.3212,160.5594,10.0,4.9,mb,"154 km ESE of Petropavlovsk-Kamchatsky, Russia"
2025-08-03T21:43:57.727Z,52.3724,160.6238,20.581,4.7,mb,"155 km ESE of Petropavlovsk-Kamchatsky, Russia"
2025-08-03T21:22:00.476Z,52.4126,160.4179,10.0,5.0,mb,"140 km ESE of Petropavlovsk-Kamchatsky, Russia"
2025-08-03T21:12:44.297Z,20.8614,96.0989,10.0,4.5,mb,"25 km E of Meiktila, Burma (Myanmar)"
2025-08-03T20:52:06.476Z,52.7808,159.2192,70.561,4.8,mb,"50 km SE of Petropavlovsk-Kamchatsky, Russia"
2025-08-03T20:21:40.222Z,52.6468,160.5315,10.0,4.6,mb,"136 km ESE of Petropavlovsk-Kamchatsky, Russia"
2025-08-03T20:08:49.569Z,49.9629,157.1438,40.505,5.1,mb,"107 km SE of Severo-Kuril’sk, Russia"
2025-08-03T19:47:39.298Z,50.0186,159.539,10.0,5.1,mb,"253 km ESE of Severo-Kuril’sk, Russia"
2025-08-03T19:47:21.704Z,52.1916,160.8387,33.507,4.5,mb,"178 km SE of Petropavlovsk-Kamchatsky, Russia"
2025-08-03T19:38:01.588Z,51.5651,159.5352,10.0,5.1,mb,"170 km SSE of Vilyuchinsk, Russia"
2025-08-03T19:27:10.456Z,52.1311,160.5927,17.191,5.1,mb,"168 km SE of Petropavlovsk-Kamchatsky, Russia"
2025-08-03T19:17:57.544Z,51.564,159.3669,10.0,4.6,mb,"165 km SSE of Vilyuchinsk, Russia"
2025-08-03T19:05:37.761Z,51.1998,157.4633,83.88,4.6,mb,"74 km ESE of Ozernovskiy, Russia"
2025-08-03T18:56:28.526Z,52.4344,160.5642,10.0,4.8,mb,"148 km ESE of Petropavlovsk-Kamchatsky, Russia"
2025-08-03T18:18:57.247Z,51.7915,159.8475,22.905,5.1,mb,"160 km SE of Vilyuchinsk, Russia"
2025-08-03T18:16:34.942Z,50.2411,158.8955,27.34,4.8,mb,"202 km ESE of Severo-Kuril’sk, Russia"
2025-08-03T18:07:33.204Z,52.4978,160.6678,9.0,5.6,mww,"151 km ESE of Petropavlovsk-Kamchatsky, Russia"
2025-08-03T17:29:17.299Z,51.5991,159.0342,47.395,4.5,mb,"154 km SSE of Vilyuchinsk, Russia"
2025-08-03T16:47:50.082Z,52.5119,160.9786,10.0,4.6,mb,"170 km ESE of Petropavlovsk-Kamchatsky, Russia"
2025-08-03T16:39:51.862Z,53.2871,161.6454,10.0,4.7,mb,"203 km E of Petropavlovsk-Kamchatsky, Russia"
2025-08-03T16:25:24.851Z,49.9712,159.7477,10.0,4.6,mb,"269 km ESE of Severo-Kuril’sk, Russia"
2025-08-03T15:48:05.438Z,-47.7857,115.9829,10.0,5.4,mww,western Indian-Antarctic Ridge
2025-08-03T15:12:05.996Z,51.5273,161.0624,10.0,4.7,mb,"238 km SE of Petropavlovsk-Kamchatsky, Russia"
2025-08-03T15:06:06.117Z,51.8159,160.1211,29.241,4.9,mb,"170 km SE of Vilyuchinsk, Russia"
2025-08-03T14:57:10.899Z,49.0866,157.9168,10.0,4.5,mb,"218 km SE of Severo-Kuril’sk, Russia"
2025-08-03T14:43:54.569Z,50.4088,157.936,10.0,4.5,mb,"131 km ESE of Severo-Kuril’sk, Russia"
2025-08-03T14:29:29.264Z,52.3341,160.7572,10.0,5.2,mb,"165 km ESE of Petropavlovsk-Kamchatsky, Russia"
2025-08-03T14:26:45.416Z,52.4283,160.6912,10.0,5.6,mww,"156 km ESE of Petropavlovsk-Kamchatsky, Russia"
2025-08-03T14:11:24.064Z,51.2479,159.3673,32.603,4.7,mb,"198 km SSE of Vilyuchinsk, Russia"
2025-08-03T14:05:51.364Z,50.227,159.1358,10.0,4.7,mb,"219 km ESE of Severo-Kuril’sk, Russia"
2025-08-03T13:53:12.865Z,51.6948,160.2336,10.0,4.5,mb,"185 km SE of Vilyuchinsk, Russia"
2025-08-03T13:25:21.996Z,50.3111,159.0682,10.0,5.2,mb,"212 km ESE of Severo-Kuril’sk, Russia"
2025-08-03T13:14:08.181Z,-5.3708,133.6391,10.0,4.5,mb,"102 km ENE of Tual, Indonesia"
2025-08-03T12:38:31.661Z,50.4204,158.9038,10.0,5.0,mww,"198 km E of Severo-Kuril’sk, Russia"
2025-08-03T12:38:18.099Z,50.2859,158.9868,10.0,5.1,mww,"207 km ESE of Severo-Kuril’sk, Russia"
2025-08-03T12:18:59.433Z,49.8206,157.1933,33.543,4.7,mb,"121 km SE of Severo-Kuril’sk, Russia"
2025-08-03T11:42:52.497Z,-9.183,-71.2911,481.669,5.0,mb,"126 km SSW of Tarauacá, Brazil"
2025-08-03T09:04:58.315Z,50.8267,160.273,10.0,4.5,mb,"267 km SSE of Vilyuchinsk, Russia"
2025-08-03T08:34:41.313Z,50.7266,158.0204,25.865,4.6,mb,"133 km E of Severo-Kuril’sk, Russia"
2025-08-03T07:36:22.747Z,51.6151,159.5085,36.715,4.8,mb,"164 km SSE of Vilyuchinsk, Russia"
2025-08-03T07:33:57.550Z,50.6681,157.8147,35.0,4.7,mb,"119 km E of Severo-Kuril’sk, Russia"
2025-08-03T06:37:01.799Z,50.6175,158.0024,33.576,4.5,mb,"132 km E of Severo-Kuril’sk, Russia"
2025-08-03T05:37:55.148Z,50.5853,157.8643,30.0,6.8,mww,"123 km E of Severo-Kuril’sk, Russia"
2025-08-03T05:34:31.282Z,-4.5409,102.379,47.958,4.6,mb,"82 km S of Bengkulu, Indonesia"
2025-08-03T05:23:10.959Z,25.8739,128.9672,10.0,4.6,mb,"117 km SE of Taira, Japan"
2025-08-03T04:57:10.505Z,-55.2284,-128.6508,10.0,6.3,mww,Pacific-Antarctic Ridge
2025-08-03T04:29:12.259Z,51.914,160.1233,35.0,4.7,mb,"162 km SE of Vilyuchinsk, Russia"
2025-08-03T04:01:26.949Z,50.1621,158.8847,10.0,5.1,mb,"204 km ESE of Severo-Kuril’sk, Russia"
2025-08-03T03:47:01.476Z,29.7915,92.3503,10.0,4.5,mb,"121 km E of Lhasa, China"
2025-08-03T02:37:09.711Z,52.4464,160.5575,35.0,4.5,mb,"147 km ESE of Petropavlovsk-Kamchatsky, Russia"
2025-08-03T02:26:17.530Z,-55.3641,-127.8359,10.0,5.8,mww,Pacific-Antarctic Ridge
2025-08-03T01:58:27.278Z,-47.2934,-13.2903,10.0,4.9,mb,southern Mid-Atlantic Ridge
2025-08-03T01:39:35.222Z,50.5,157.633,47.958,4.5,mb,"108 km E of Severo-Kuril’sk, Russia"
2025-08-03T01:14:44.365Z,52.322,161.9981,10.0,4.5,mb,"242 km ESE of Petropavlovsk-Kamchatsky, Russia"
2025-08-03T00:59:36.128Z,51.461,159.7026,10.0,4.5,mb,"186 km SSE of Vilyuchinsk, Russia"
2025-08-03T00:52:13.201Z,51.4892,159.7334,10.0,4.9,mb,"184 km SSE of Vilyuchinsk, Russia"
2025-08-03T00:31:46.953Z,51.5831,159.7586,10.0,4.8,mb,"176 km SSE of Vilyuchinsk, Russia"
2025-08-03T00:23:24.447Z,50.3131,158.2444,10.0,4.5,mb,"155 km ESE of Severo-Kuril’sk, Russia"
2025-08-03T00:15:08.288Z,52.3226,160.3259,30.443,4.7,mb,"141 km SE of Petropavlovsk-Kamchatsky, Russia"
2025-08-03T00:10:00.125Z,50.3078,158.4395,25.262,5.0,mb,"169 km ESE of Severo-Kuril’sk, Russia"
2025-08-02T23:43:46.495Z,49.9492,156.5751,70.919,4.8,mb,"86 km SSE of Severo-Kuril’sk, Russia"
2025-08-02T23:29:46.839Z,51.4214,159.5896,10.0,4.8,mb,"186 km SSE of Vilyuchinsk, Russia"
2025-08-02T23:24:27.737Z,51.5482,159.6724,10.0,4.9,mww,"176 km SSE of Vilyuchinsk, Russia"
2025-08-02T22:51:51.806Z,-14.685,167.5855,10.0,4.9,mb,"67 km NE of Port-Olry, Vanuatu"
2025-08-02T22:28:49.279Z,51.496,159.5546,10.0,4.9,mww,"177 km SSE of Vilyuchinsk, Russia"
2025-08-02T22:22:16.428Z,-15.1925,-176.8391,10.0,4.7,mb,"168 km SE of Alo, Wallis and Futuna"
2025-08-02T21:13:59.327Z,50.3453,158.7601,31.077,4.5,mb,"190 km ESE of Severo-Kuril’sk, Russia"
2025-08-02T21:11:51.249Z,50.1947,159.0612,10.0,5.1,mb,"215 km ESE of Severo-Kuril’sk, Russia"
2025-08-02T20:06:38.585Z,51.4447,160.8939,10.0,4.5,mb,"237 km SE of Vilyuchinsk, Russia"
2025-08-02T19:10:28.554Z,33.2677,73.2789,10.0,4.9,mb,"2 km WNW of Gujar Khan, Pakistan"
2025-08-02T19:07:05.273Z,50.2511,159.0888,10.0,4.9,mww,"215 km ESE of Severo-Kuril’sk, Russia"
2025-08-02T19:00:12.259Z,50.3121,158.7994,10.0,4.5,mb,"193 km ESE of Severo-Kuril’sk, Russia"
2025-08-02T18:42:49.998Z,52.2702,160.4299,27.061,4.5,mb,"150 km SE of Petropavlovsk-Kamchatsky, Russia"
2025-08-02T18:20:59.432Z,48.6614,157.3988,10.0,4.7,mb,"242 km SSE of Severo-Kuril’sk, Russia"
2025-08-02T18:12:21.083Z,51.2851,159.4375,20.422,4.5,mb,"196 km SSE of Vilyuchinsk, Russia"
2025-08-02T18:02:36.965Z,50.8117,159.9977,10.0,4.5,mb,"256 km ESE of Ozernovskiy, Russia"
2025-08-02T17:58:45.419Z,17.1124,-96.2645,62.566,5.8,mww,"4 km S of Xagacía, Mexico"
2025-08-02T17:58:34.935Z,51.3019,159.2558,10.0,4.5,mb,"190 km SSE of Vilyuchinsk, Russia"
2025-08-02T17:52:01.791Z,52.3366,158.7476,71.149,4.9,mb,"70 km SSE of Vilyuchinsk, Russia"
2025-08-02T17:49:52.186Z,50.8157,160.0723,10.0,4.5,mb,"261 km ESE of Ozernovskiy, Russia"
2025-08-02T17:20:26.494Z,50.1751,157.2812,55.875,5.0,mww,"99 km SE of Severo-Kuril’sk, Russia"
2025-08-02T17:10:34.102Z,51.9771,159.3433,64.69,4.7,mb,"123 km SSE of Vilyuchinsk, Russia"
2025-08-02T16:41:25.242Z,37.446,-23.8103,10.0,5.2,mww,"125 km ESE of Senhora do Rosário, Portugal"
2025-08-02T16:41:23.125Z,51.4836,159.7335,25.182,4.6,mb,"184 km SSE of Vilyuchinsk, Russia"
2025-08-02T16:22:37.237Z,51.6685,160.0534,10.0,4.5,mb,"179 km SE of Vilyuchinsk, Russia"
2025-08-02T14:32:02.592Z,51.588,159.788,44.421,4.6,mb,"176 km SSE of Vilyuchinsk, Russia"
2025-08-02T14:26:05.016Z,49.7936,155.8633,69.691,4.6,mb,"99 km S of Severo-Kuril’sk, Russia"
2025-08-02T14:20:43.224Z,51.3157,160.1429,10.0,4.6,mb,"215 km SSE of Vilyuchinsk, Russia"
2025-08-02T14:18:45.900Z,51.638,159.5993,10.0,5.2,mb,"165 km SSE of Vilyuchinsk, Russia"
2025-08-02T14:14:03.328Z,51.5911,159.4631,17.0,6.0,mww,"165 km SSE of Vilyuchinsk, Russia"
2025-08-02T13:51:50.480Z,52.2614,160.3235,10.0,4.8,mb,"145 km SE of Petropavlovsk-Kamchatsky, Russia"
2025-08-02T13:36:22.990Z,51.6744,159.7699,10.0,4.6,mb,"168 km SSE of Vilyuchinsk, Russia"
2025-08-02T13:35:38.037Z,-6.261,155.0497,132.382,4.6,mb,"48 km W of Panguna, Papua New Guinea"
2025-08-02T11:52:20.924Z,51.6114,159.5838,25.735,4.5,mb,"167 km SSE of Vilyuchinsk, Russia"
2025-08-02T11:15:01.007Z,51.5576,159.5842,22.818,4.7,mb,"172 km SSE of Vilyuchinsk, Russia"
2025-08-02T11:06:02.190Z,51.5932,159.6045,28.403,5.4,mww,"169 km SSE of Vilyuchinsk, Russia"
2025-08-02T10:30:25.314Z,51.2743,159.8264,10.0,4.5,mb,"208 km SSE of Vilyuchinsk, Russia"
2025-08-02T10:07:28.799Z,51.7765,160.3005,10.0,4.5,mb,"182 km SE of Vilyuchinsk, Russia"
2025-08-02T09:52:39.737Z,52.1871,160.6277,10.0,4.5,mb,"166 km SE of Petropavlovsk-Kamchatsky, Russia"
2025-08-02T09:31:16.768Z,52.9074,159.8884,56.008,4.6,mb,"86 km ESE of Petropavlovsk-Kamchatsky, Russia"
2025-08-02T08:56:00.084Z,52.2797,160.7404,38.454,4.8,mb,"167 km ESE of Petropavlovsk-Kamchatsky, Russia"
2025-08-02T08:44:28.619Z,52.0942,160.3142,28.984,4.6,mb,"157 km SE of Petropavlovsk-Kamchatsky, Russia"
2025-08-02T08:33:58.669Z,49.3182,155.4996,73.373,4.6,mb,"157 km SSW of Severo-Kuril’sk, Russia"
2025-08-02T07:37:47.538Z,51.9929,161.3522,10.0,4.6,mb,"219 km SE of Petropavlovsk-Kamchatsky, Russia"
2025-08-02T07:32:00.739Z,3.2525,126.2225,50.714,4.5,mb,"234 km NNE of Bitung, Indonesia"
2025-08-02T07:31:40.738Z,9.1689,126.7853,9.868,4.7,mb,"60 km ENE of Bacolod, Philippines"
2025-08-02T06:36:46.151Z,49.0132,158.0894,10.0,4.5,mb,"232 km SE of Severo-Kuril’sk, Russia"
2025-08-02T05:35:31.553Z,49.9806,159.4416,10.0,4.6,mb,"248 km ESE of Severo-Kuril’sk, Russia"
2025-08-02T05:08:55.411Z,52.241,160.4042,35.0,4.7,mb,"151 km SE of Petropavlovsk-Kamchatsky, Russia"
2025-08-02T04:42:48.139Z,49.3716,156.3627,34.158,4.5,mb,"145 km S of Severo-Kuril’sk, Russia"
2025-08-02T03:42:28.267Z,51.2404,157.6078,84.239,4.5,mb,"82 km ESE of Ozernovskiy, Russia"
2025-08-02T02:00:23.705Z,51.0072,159.2361,20.95,4.5,mb,"198 km ESE of Ozernovskiy, Russia"
2025-08-02T01:24:48.685Z,49.2126,156.3492,39.072,4.9,mb,"163 km S of Severo-Kuril’sk, Russia"
2025-08-02T01:20:30.880Z,23.3843,142.8833,41.105,4.7,mb,"Volcano Islands, Japan region"
2025-08-02T01:11:53.057Z,51.0514,159.2082,10.0,4.6,mb,"195 km ESE of Ozernovskiy, Russia"
2025-08-02T01:00:01.153Z,50.1888,157.7444,35.0,4.7,mb,"127 km ESE of Severo-Kuril’sk, Russia"
2025-08-02T00:34:43.965Z,51.8027,160.2414,10.0,4.5,mb,"177 km SE of Vilyuchinsk, Russia"
2025-08-02T00:27:44.370Z,49.0746,156.2686,10.0,4.5,mb,"178 km S of Severo-Kuril’sk, Russia"
2025-08-02T00:25:03.105Z,51.4339,158.7407,35.0,4.8,mb,"155 km E of Ozernovskiy, Russia"
2025-08-02T00:22:05.466Z,50.657,158.0758,35.0,4.9,mb,"137 km E of Severo-Kuril’sk, Russia"
2025-08-02T00:13:37.348Z,51.6034,160.0568,35.0,4.6,mb,"185 km SE of Vilyuchinsk, Russia"
2025-08-02T00:10:11.471Z,50.0506,159.5146,10.0,4.7,mb,"250 km ESE of Severo-Kuril’sk, Russia"
2025-08-02T00:09:10.407Z,50.2768,159.0998,10.0,4.9,mb,"215 km ESE of Severo-Kuril’sk, Russia"
2025-08-01T23:56:46.643Z,51.0453,157.0508,79.483,4.5,mb,"63 km SE of Ozernovskiy, Russia"
2025-08-01T23:52:30.935Z,10.7143,-62.8249,109.287,4.7,mb,"16 km N of Yaguaraparo, Venezuela"
2025-08-01T23:48:31.405Z,23.762,121.5524,10.0,4.8,mb,"24 km SSW of Hualien City, Taiwan"
2025-08-01T23:05:28.647Z,51.2196,159.7842,10.0,4.6,mb,"212 km SSE of Vilyuchinsk, Russia"
2025-08-01T22:51:30.380Z,52.2516,160.7421,10.0,5.1,mb,"169 km ESE of Petropavlovsk-Kamchatsky, Russia"
2025-08-01T22:29:15.586Z,52.1725,160.7874,10.0,5.0,mb,"176 km SE of Petropavlovsk-Kamchatsky, Russia"
2025-08-01T22:27:37.276Z,42.3163,145.5206,25.169,5.4,mww,"96 km SE of Akkeshi, Japan"
2025-08-01T22:10:24.826Z,49.8192,158.423,10.0,4.5,mb,"189 km ESE of Severo-Kuril’sk, Russia"
2025-08-01T22:05:35.710Z,-4.9685,102.9052,59.367,4.7,mb,"111 km SSW of Pagar Alam, Indonesia"
2025-08-01T22:03:21.715Z,-21.6202,-68.7253,107.557,4.5,mb,"65 km SW of Ollagüe, Chile"
2025-08-01T22:03:02.263Z,52.1037,160.2698,10.0,5.4,mww,"154 km SE of Petropavlovsk-Kamchatsky, Russia"
2025-08-01T21:47:21.357Z,51.4128,159.5325,26.057,4.6,mb,"185 km SSE of Vilyuchinsk, Russia"
2025-08-01T21:44:39.762Z,52.1576,160.2437,10.0,4.5,mb,"148 km SE of Petropavlovsk-Kamchatsky, Russia"
2025-08-01T21:18:20.119Z,43.2537,146.2984,75.477,4.7,mb,"59 km E of Nemuro, Japan"
2025-08-01T21:03:34.937Z,36.0467,70.0486,120.208,5.0,mww,"60 km SSE of Farkhār, Afghanistan"
2025-08-01T20:32:24.025Z,51.0181,158.8,35.0,5.0,mb,"169 km ESE of Ozernovskiy, Russia"
2025-08-01T20:30:34.544Z,-23.1525,-114.2437,10.0,4.5,mb,Easter Island region
2025-08-01T20:08:12.598Z,50.4404,156.3974,79.264,5.6,mb,"32 km SE of Severo-Kuril’sk, Russia"
2025-08-01T20:07:57.447Z,50.4968,156.3237,88.462,5.4,mww,"24 km SE of Severo-Kuril’sk, Russia"
2025-08-01T19:56:35.673Z,49.0853,155.4038,79.228,4.7,mb,"184 km SSW of Severo-Kuril’sk, Russia"
2025-08-01T19:33:11.811Z,10.3608,-84.4112,117.228,4.8,mb,"4 km NNE of Quesada, Costa Rica"
2025-08-01T19:30:52.973Z,50.3316,158.6584,10.0,4.7,mb,"183 km ESE of Severo-Kuril’sk, Russia"
2025-08-01T19:24:23.765Z,52.4419,160.6186,26.448,4.5,mb,"151 km ESE of Petropavlovsk-Kamchatsky, Russia"
2025-08-01T19:14:42.709Z,50.3702,158.9085,10.0,4.5,mb,"200 km E of Severo-Kuril’sk, Russia"
2025-08-01T19:08:39.718Z,51.2461,159.2095,10.0,4.6,mb,"190 km E of Ozernovskiy, Russia"
2025-08-01T19:07:36.616Z,51.6923,159.1684,10.0,4.7,mb,"147 km SSE of Vilyuchinsk, Russia"
2025-08-01T18:55:22.372Z,50.173,159.0513,10.0,5.2,mb,"215 km ESE of Severo-Kuril’sk, Russia"
2025-08-01T18:53:10.397Z,52.7977,161.4392,10.0,5.5,mb,"191 km E of Petropavlovsk-Kamchatsky, Russia"
2025-08-01T18:51:56.694Z,52.2865,160.7756,10.0,5.0,mb,"169 km ESE of Petropavlovsk-Kamchatsky, Russia"
2025-08-01T18:32:31.086Z,12.1239,-86.6872,121.963,4.8,mb,"20 km SW of Nagarote, Nicaragua"
2025-08-01T18:28:07.260Z,52.2305,160.6079,10.0,5.0,mb,"162 km SE of Petropavlovsk-Kamchatsky, Russia"
2025-08-01T18:26:16.402Z,49.5769,155.0091,103.902,4.7,mb,"146 km SSW of Severo-Kuril’sk, Russia"
2025-08-01T18:23:54.613Z,50.3762,158.8164,10.0,5.3,mb,"193 km E of Severo-Kuril’sk, Russia"
2025-08-01T18:20:45.177Z,50.2099,159.0659,10.0,6.1,mww,"215 km ESE of Severo-Kuril’sk, Russia"
2025-08-01T18:11:29.270Z,52.0022,159.2389,49.491,4.7,mb,"117 km SSE of Vilyuchinsk, Russia"
2025-08-01T17:51:04.161Z,52.7014,158.8451,10.0,4.5,mb,"39 km SE of Vilyuchinsk, Russia"
2025-08-01T17:50:25.402Z,3.5115,126.6778,43.232,4.5,mb,"246 km NW of Tobelo, Indonesia"
2025-08-01T17:50:09.406Z,52.2098,161.1151,10.0,4.5,mb,"193 km ESE of Petropavlovsk-Kamchatsky, Russia"
2025-08-01T17:43:50.392Z,49.9782,158.4247,10.0,4.6,mb,"181 km ESE of Severo-Kuril’sk, Russia"
2025-08-01T17:41:01.327Z,51.4961,159.647,24.649,4.8,mb,"180 km SSE of Vilyuchinsk, Russia"
2025-08-01T17:39:09.861Z,51.4751,159.0546,57.334,4.5,mb,"167 km SSE of Vilyuchinsk, Russia"
2025-08-01T16:37:00.476Z,51.0303,158.1624,52.976,4.9,mb,"127 km ESE of Ozernovskiy, Russia"
2025-08-01T16:33:22.150Z,52.3722,160.6769,26.021,4.9,mb,"158 km ESE of Petropavlovsk-Kamchatsky, Russia"
2025-08-01T16:02:49.070Z,-32.8133,-178.9014,35.0,4.8,mb,south of the Kermadec Islands
2025-08-01T15:48:40.988Z,51.6457,159.3114,59.317,4.5,mb,"155 km SSE of Vilyuchinsk, Russia"
2025-08-01T15:26:56.188Z,50.1143,159.4248,10.0,4.5,mb,"242 km ESE of Severo-Kuril’sk, Russia"
2025-08-01T14:16:17.770Z,-3.6014,151.3586,461.007,4.5,mb,"111 km NW of Rabaul, Papua New Guinea"
2025-08-01T14:08:43.317Z,53.4486,161.446,26.986,4.8,mb,"192 km ENE of Petropavlovsk-Kamchatsky, Russia"
2025-08-01T13:59:10.961Z,51.6411,159.5849,38.818,4.6,mb,"164 km SSE of Vilyuchinsk, Russia"
2025-08-01T13:48:37.930Z,49.9056,158.961,10.0,4.6,mb,"219 km ESE of Severo-Kuril’sk, Russia"
2025-08-01T13:44:14.297Z,51.9877,158.3749,23.0,5.6,mww,"104 km S of Vilyuchinsk, Russia"
2025-08-01T13:40:12.967Z,50.3429,159.5699,10.0,4.7,mb,"246 km E of Severo-Kuril’sk, Russia"
2025-08-01T13:29:13.305Z,52.5984,160.7032,10.0,4.5,mb,"149 km ESE of Petropavlovsk-Kamchatsky, Russia"
2025-08-01T13:26:34.937Z,51.1622,158.2612,35.0,5.0,mb,"128 km ESE of Ozernovskiy, Russia"
2025-08-01T13:14:28.741Z,52.2207,159.9272,35.0,4.6,mb,"128 km SE of Petropavlovsk-Kamchatsky, Russia"
2025-08-01T12:51:44.983Z,48.478,157.5844,10.0,4.6,mb,"266 km SSE of Severo-Kuril’sk, Russia"
2025-08-01T12:46:31.643Z,51.3569,159.515,35.0,4.7,mb,"190 km SSE of Vilyuchinsk, Russia"
2025-08-01T12:42:37.133Z,51.3779,159.975,35.0,4.5,mb,"203 km SSE of Vilyuchinsk, Russia"
2025-08-01T12:39:36.587Z,51.8609,160.1081,10.0,5.3,mb,"166 km SE of Vilyuchinsk, Russia"
2025-08-01T12:08:59.285Z,51.5708,159.0956,35.0,4.8,mb,"158 km SSE of Vilyuchinsk, Russia"
2025-08-01T12:02:08.871Z,52.4567,160.7463,10.0,5.4,mb,"158 km ESE of Petropavlovsk-Kamchatsky, Russia"
2025-08-01T11:57:23.128Z,51.7269,160.0431,19.0,5.9,mww,"174 km SE of Vilyuchinsk, Russia"
2025-08-01T11:53:47.289Z,49.4262,157.9132,10.0,4.6,mb,"188 km SE of Severo-Kuril’sk, Russia"
2025-08-01T11:29:27.077Z,51.3825,159.3876,35.0,4.9,mww,"184 km SSE of Vilyuchinsk, Russia"
2025-08-01T11:15:44.180Z,52.4521,160.737,10.0,4.6,mb,"157 km ESE of Petropavlovsk-Kamchatsky, Russia"
2025-08-01T11:02:41.374Z,49.9825,156.8591,35.0,4.9,mb,"93 km SE of Severo-Kuril’sk, Russia"
2025-08-01T10:59:58.080Z,50.0007,159.4509,10.0,5.1,mb,"248 km ESE of Severo-Kuril’sk, Russia"
2025-08-01T10:54:58.030Z,50.527,157.8481,23.0,5.7,mww,"122 km E of Severo-Kuril’sk, Russia"
2025-08-01T10:54:08.606Z,49.9763,158.331,10.0,4.6,mb,"175 km ESE of Severo-Kuril’sk, Russia"
2025-08-01T10:37:53.988Z,49.909,159.03,10.0,4.6,mb,"223 km ESE of Severo-Kuril’sk, Russia"
2025-08-01T10:14:46.732Z,51.2831,159.1547,35.801,4.7,mb,"186 km E of Ozernovskiy, Russia"
2025-08-01T10:12:47.465Z,52.8617,160.643,32.683,4.7,mb,"137 km E of Petropavlovsk-Kamchatsky, Russia"
2025-08-01T09:45:17.310Z,51.3801,159.8844,10.0,5.0,mb,"200 km SSE of Vilyuchinsk, Russia"
2025-08-01T09:18:06.773Z,51.3069,157.63,64.123,4.7,mb,"81 km ESE of Ozernovskiy, Russia"
2025-08-01T09:15:09.051Z,50.2248,158.6591,10.0,4.6,mb,"186 km ESE of Severo-Kuril’sk, Russia"
2025-08-01T08:44:57.569Z,51.9758,159.1471,53.766,4.7,mb,"117 km SSE of Vilyuchinsk, Russia"
2025-08-01T08:34:25.369Z,52.8059,160.146,28.0,5.7,mww,"106 km ESE of Petropavlovsk-Kamchatsky, Russia"
2025-08-01T08:31:58.279Z,51.2305,158.5035,43.097,5.1,mb,"142 km ESE of Ozernovskiy, Russia"
2025-08-01T08:22:35.083Z,51.8442,160.1578,10.0,4.6,mb,"169 km SE of Vilyuchinsk, Russia"
2025-08-01T08:11:17.494Z,23.8707,122.6608,10.0,4.5,mb,"74 km SSW of Yonakuni, Japan"
2025-08-01T07:52:35.045Z,51.9493,159.4549,40.062,4.5,mb,"130 km SSE of Vilyuchinsk, Russia"
2025-08-01T07:44:11.420Z,51.7662,160.4217,10.0,5.3,mb,"188 km SE of Vilyuchinsk, Russia"
2025-08-01T07:08:13.543Z,50.2231,158.9493,10.0,4.7,mb,"206 km ESE of Severo-Kuril’sk, Russia"
2025-08-01T06:48:19.241Z,53.0063,159.6868,60.755,4.8,mb,"71 km E of Petropavlovsk-Kamchatsky, Russia"
2025-08-01T05:27:04.278Z,50.0369,159.4184,10.0,4.8,mb,"244 km ESE of Severo-Kuril’sk, Russia"
2025-08-01T05:24:32.992Z,50.9661,158.7269,38.109,4.5,mb,"166 km ESE of Ozernovskiy, Russia"
2025-08-01T05:14:33.677Z,50.8792,158.7716,33.997,4.7,mb,"172 km ESE of Ozernovskiy, Russia"
2025-08-01T05:06:51.172Z,48.6211,157.4251,10.0,5.0,mb,"246 km SSE of Severo-Kuril’sk, Russia"
2025-08-01T05:02:17.490Z,51.1538,159.6239,10.0,5.0,mb,"214 km SSE of Vilyuchinsk, Russia"
2025-08-01T04:59:36.708Z,-13.3905,167.1888,186.092,4.7,mb,"66 km NW of Sola, Vanuatu"
2025-08-01T04:40:53.686Z,50.6538,158.1272,28.102,4.6,mb,"141 km E of Severo-Kuril’sk, Russia"
2025-08-01T04:07:15.088Z,49.7788,157.0846,35.0,4.7,mb,"120 km SE of Severo-Kuril’sk, Russia"
2025-08-01T03:45:31.891Z,-0.0171,-17.3605,10.0,4.5,mb,north of Ascension Island
2025-08-01T03:39:43.467Z,51.8377,160.2269,10.0,5.3,mww,"173 km SE of Vilyuchinsk, Russia"
2025-08-01T03:29:48.456Z,51.5708,159.3325,30.8,4.5,mb,"164 km SSE of Vilyuchinsk, Russia"
2025-08-01T03:08:14.458Z,50.0155,157.339,35.027,4.8,mb,"113 km SE of Severo-Kuril’sk, Russia"
2025-08-01T02:48:55.792Z,51.0719,158.3841,35.0,5.1,mb,"139 km ESE of Ozernovskiy, Russia"
2025-08-01T02:39:11.486Z,50.2986,158.1252,17.472,4.6,mb,"147 km ESE of Severo-Kuril’sk, Russia"
2025-08-01T02:33:36.868Z,51.9812,160.3504,28.392,4.5,mb,"167 km SE of Petropavlovsk-Kamchatsky, Russia"
2025-08-01T01:53:21.540Z,50.0516,157.4532,35.0,5.1,mb,"117 km SE of Severo-Kuril’sk, Russia"
2025-08-01T01:51:57.840Z,52.82,161.0889,37.253,4.5,mb,"167 km E of Petropavlovsk-Kamchatsky, Russia"
2025-08-01T01:36:37.158Z,52.811,161.3826,10.0,5.4,mww,"187 km E of Petropavlovsk-Kamchatsky, Russia"
2025-08-01T01:34:20.216Z,51.0821,158.8894,38.587,4.5,mb,"172 km ESE of Ozernovskiy, Russia"
2025-08-01T01:28:34.730Z,51.1255,157.1559,87.453,4.6,mb,"61 km SE of Ozernovskiy, Russia"
2025-08-01T01:27:50.236Z,34.0464,86.4707,10.0,4.6,mb,western Xizang
2025-08-01T01:22:03.991Z,52.4134,160.5197,10.0,4.6,mb,"146 km ESE of Petropavlovsk-Kamchatsky, Russia"
2025-08-01T01:00:17.653Z,52.6353,161.1811,10.0,5.0,mb,"178 km ESE of Petropavlovsk-Kamchatsky, Russia"
2025-08-01T01:00:09.456Z,51.8242,159.6653,27.956,4.6,mb,"150 km SE of Vilyuchinsk, Russia"
2025-08-01T00:57:37.786Z,49.8564,159.3639,10.0,4.5,mb,"248 km ESE of Severo-Kuril’sk, Russia"
2025-08-01T00:40:55.549Z,51.5437,159.2549,35.0,4.7,mb,"164 km SSE of Vilyuchinsk, Russia"
2025-08-01T00:13:10.056Z,52.8321,161.3073,32.337,4.5,mb,"181 km E of Petropavlovsk-Kamchatsky, Russia"
2025-07-31T23:28:56.667Z,49.5624,158.5308,10.0,4.6,mb,"211 km SE of Severo-Kuril’sk, Russia"
2025-07-31T23:24:16.518Z,34.5635,136.8457,337.168,4.8,mb,"8 km N of Toba, Japan"
2025-07-31T23:16:19.844Z,50.3943,158.1563,10.0,4.8,mb,"147 km ESE of Severo-Kuril’sk, Russia"
2025-07-31T23:14:11.881Z,50.5716,159.2754,10.0,4.6,mb,"220 km ESE of Ozernovskiy, Russia"
2025-07-31T23:07:57.606Z,52.701,161.0674,17.418,4.9,mb,"169 km ESE of Petropavlovsk-Kamchatsky, Russia"
2025-07-31T22:59:19.897Z,51.8377,160.8717,10.0,4.6,mb,"204 km SE of Petropavlovsk-Kamchatsky, Russia"
2025-07-31T22:16:30.489Z,52.0273,161.0265,24.522,4.8,mb,"199 km SE of Petropavlovsk-Kamchatsky, Russia"
2025-07-31T22:13:24.474Z,-0.1296,123.1429,125.43,5.0,mb,"74 km S of Gorontalo, Indonesia"
2025-07-31T21:59:01.735Z,51.2677,158.9288,28.546,4.6,mb,"170 km E of Ozernovskiy, Russia"
2025-07-31T21:45:41.668Z,49.753,157.3946,10.0,4.6,mb,"136 km SE of Severo-Kuril’sk, Russia"
2025-07-31T21:44:47.955Z,51.8479,159.605,34.998,4.8,mb,"145 km SSE of Vilyuchinsk, Russia"
2025-07-31T21:20:37.455Z,51.6328,159.5252,10.0,4.5,mb,"163 km SSE of Vilyuchinsk, Russia"
2025-07-31T21:20:04.230Z,51.3905,159.4854,10.0,4.6,mb,"186 km SSE of Vilyuchinsk, Russia"
2025-07-31T21:18:33.484Z,49.0849,158.0317,10.0,4.5,mb,"223 km SE of Severo-Kuril’sk, Russia"
2025-07-31T21:12:47.676Z,51.3042,157.9211,68.817,4.8,mb,"101 km ESE of Ozernovskiy, Russia"
2025-07-31T21:03:27.041Z,51.2231,158.3175,35.0,4.9,mb,"130 km ESE of Ozernovskiy, Russia"
2025-07-31T20:59:44.794Z,50.7666,157.0087,66.596,5.0,mb,"63 km E of Severo-Kuril’sk, Russia"
2025-07-31T20:49:00.128Z,49.1761,157.5701,10.0,4.5,mb,"196 km SSE of Severo-Kuril’sk, Russia"
2025-07-31T20:41:18.762Z,49.0807,157.7736,10.0,4.9,mb,"213 km SSE of Severo-Kuril’sk, Russia"
2025-07-31T20:36:03.253Z,52.5859,160.9806,14.0,5.7,mww,"167 km ESE of Petropavlovsk-Kamchatsky, Russia"
2025-07-31T20:30:56.136Z,52.8179,160.9769,10.0,4.6,mb,"160 km E of Petropavlovsk-Kamchatsky, Russia"
2025-07-31T19:51:05.879Z,52.0133,159.2436,35.0,4.6,mb,"116 km SSE of Vilyuchinsk, Russia"
2025-07-31T19:18:09.937Z,50.369,158.6245,20.346,4.8,mb,"180 km ESE of Severo-Kuril’sk, Russia"
2025-07-31T19:10:54.961Z,53.3411,160.8556,35.0,4.6,mb,"152 km E of Petropavlovsk-Kamchatsky, Russia"
2025-07-31T19:10:12.159Z,52.9657,161.1399,26.48,4.9,mb,"168 km E of Petropavlovsk-Kamchatsky, Russia"
2025-07-31T19:04:48.439Z,49.2104,156.0509,24.768,4.6,mb,"163 km S of Severo-Kuril’sk, Russia"
2025-07-31T18:41:00.216Z,51.545,159.557,35.0,5.1,mb,"173 km SSE of Vilyuchinsk, Russia"
2025-07-31T18:40:52.546Z,51.6047,159.3253,34.963,4.7,mb,"160 km SSE of Vilyuchinsk, Russia"
2025-07-31T18:22:16.546Z,49.9425,157.5095,10.0,4.6,mb,"127 km SE of Severo-Kuril’sk, Russia"
2025-07-31T18:10:10.459Z,52.3073,160.3203,28.224,4.9,mb,"142 km SE of Petropavlovsk-Kamchatsky, Russia"
2025-07-31T17:57:29.699Z,-21.2858,-173.7157,10.0,4.6,mb,"128 km E of ‘Ohonua, Tonga"
2025-07-31T17:52:52.350Z,51.6612,159.6614,22.799,5.0,mb,"165 km SSE of Vilyuchinsk, Russia"
2025-07-31T17:28:43.974Z,-58.8909,-25.9676,97.36,4.5,mb,South Sandwich Islands region
2025-07-31T16:43:41.926Z,51.7945,158.4856,55.333,4.6,mb,"126 km S of Vilyuchinsk, Russia"
2025-07-31T16:43:35.618Z,52.2514,157.9536,98.201,4.5,mb,"81 km SSW of Vilyuchinsk, Russia"
2025-07-31T16:40:59.719Z,51.4654,159.6286,28.466,5.1,mb,"183 km SSE of Vilyuchinsk, Russia"
2025-07-31T15:05:10.022Z,51.6119,159.8887,10.0,4.6,mb,"178 km SE of Vilyuchinsk, Russia"
2025-07-31T14:55:44.390Z,73.9754,-73.2825,10.0,5.0,mww,"206 km NE of Pond Inlet, Canada"
2025-07-31T14:37:29.618Z,52.1177,160.647,10.0,4.7,mb,"172 km SE of Petropavlovsk-Kamchatsky, Russia"
2025-07-31T14:34:51.979Z,51.587,159.8294,10.0,5.2,mww,"178 km SSE of Vilyuchinsk, Russia"
2025-07-31T14:32:35.808Z,50.7367,157.8674,35.0,4.5,mb,"123 km E of Severo-Kuril’sk, Russia"
2025-07-31T14:31:20.299Z,51.6419,159.7297,10.0,4.9,mb,"169 km SSE of Vilyuchinsk, Russia"
2025-07-31T14:29:25.779Z,51.7307,159.8305,35.0,5.2,mb,"165 km SE of Vilyuchinsk, Russia"
2025-07-31T14:26:46.736Z,22.304,94.5958,108.963,4.7,mb,"59 km WNW of Monywa, Burma (Myanmar)"
2025-07-31T14:11:51.507Z,50.1343,156.9345,51.578,5.0,mb,"83 km SE of Severo-Kuril’sk, Russia"
2025-07-31T14:09:05.881Z,52.2686,160.1874,10.0,4.7,mb,"137 km SE of Petropavlovsk-Kamchatsky, Russia"
2025-07-31T13:39:07.577Z,52.3254,160.6254,10.0,5.4,mb,"158 km ESE of Petropavlovsk-Kamchatsky, Russia"
2025-07-31T13:20:33.645Z,49.8638,157.991,10.0,4.5,mb,"160 km SE of Severo-Kuril’sk, Russia"
2025-07-31T13:07:23.599Z,51.8911,160.372,10.0,4.5,mb,"176 km SE of Petropavlovsk-Kamchatsky, Russia"
2025-07-31T13:01:13.295Z,48.2579,155.205,28.891,5.2,mb,"277 km SSW of Severo-Kuril’sk, Russia"
2025-07-31T12:40:16.937Z,50.6982,159.5,10.0,5.1,mb,"228 km ESE of Ozernovskiy, Russia"
2025-07-31T12:32:14.197Z,51.2808,158.8548,35.0,4.6,mb,"165 km E of Ozernovskiy, Russia"
2025-07-31T11:59:57.482Z,49.5558,156.7439,43.16,5.2,mb,"132 km SSE of Severo-Kuril’sk, Russia"
2025-07-31T11:46:00.651Z,50.4576,157.2437,35.0,4.6,mb,"82 km ESE of Severo-Kuril’sk, Russia"
2025-07-31T11:30:43.832Z,51.5321,159.5113,20.719,4.9,mb,"173 km SSE of Vilyuchinsk, Russia"
2025-07-31T11:25:30.466Z,51.5499,159.5243,10.0,4.8,mb,"171 km SSE of Vilyuchinsk, Russia"
2025-07-31T10:38:01.872Z,50.2685,158.5438,10.0,4.7,mb,"177 km ESE of Severo-Kuril’sk, Russia"
2025-07-31T10:37:51.392Z,51.5486,159.3566,34.161,4.6,mb,"167 km SSE of Vilyuchinsk, Russia"
2025-07-31T10:04:34.502Z,49.559,158.4613,10.0,4.6,mb,"208 km SE of Severo-Kuril’sk, Russia"
2025-07-31T09:26:47.867Z,52.1093,160.947,10.0,4.6,mb,"189 km SE of Petropavlovsk-Kamchatsky, Russia"
2025-07-31T09:21:10.016Z,51.8397,160.3231,36.34,4.7,mb,"178 km SE of Vilyuchinsk, Russia"
2025-07-31T09:20:55.382Z,52.0848,160.4567,10.0,4.9,mb,"165 km SE of Petropavlovsk-Kamchatsky, Russia"
2025-07-31T09:13:48.051Z,52.3332,161.8944,10.0,4.5,mb,"235 km ESE of Petropavlovsk-Kamchatsky, Russia"
2025-07-31T09:10:54.179Z,51.8554,160.3445,10.0,5.2,mb,"178 km SE of Petropavlovsk-Kamchatsky, Russia"
2025-07-31T09:07:34.336Z,51.8394,159.4133,35.0,4.5,mb,"139 km SSE of Vilyuchinsk, Russia"
2025-07-31T09:05:09.776Z,50.5617,158.6172,10.0,4.5,mb,"176 km E of Severo-Kuril’sk, Russia"
2025-07-31T09:04:57.689Z,50.4731,158.818,10.0,4.6,mb,"191 km E of Severo-Kuril’sk, Russia"
2025-07-31T08:18:37.191Z,-5.4317,145.9904,64.308,4.6,mb,"32 km SE of Madang, Papua New Guinea"
2025-07-31T07:45:18.689Z,50.9353,158.3634,39.451,4.7,mb,"144 km ESE of Ozernovskiy, Russia"
2025-07-31T07:42:42.827Z,49.871,157.4706,43.871,5.5,mb,"131 km SE of Severo-Kuril’sk, Russia"
2025-07-31T07:37:48.899Z,50.8477,158.6407,10.0,4.5,mb,"166 km ESE of Ozernovskiy, Russia"
2025-07-31T07:25:50.375Z,51.2199,158.4085,35.0,4.6,mb,"136 km ESE of Ozernovskiy, Russia"
2025-07-31T07:24:21.786Z,50.4915,159.7905,10.0,4.6,mb,"256 km ESE of Ozernovskiy, Russia"
2025-07-31T07:21:40.786Z,49.2208,157.8044,10.0,5.2,mb,"201 km SE of Severo-Kuril’sk, Russia"
2025-07-31T07:17:07.094Z,51.7195,159.3697,35.0,4.6,mb,"150 km SSE of Vilyuchinsk, Russia"
2025-07-31T06:59:46.928Z,52.5372,158.9161,72.361,5.2,mb,"55 km SE of Vilyuchinsk, Russia"
2025-07-31T06:56:36.585Z,50.865,158.7768,34.156,4.6,mb,"173 km ESE of Ozernovskiy, Russia"
2025-07-31T06:51:37.683Z,49.7989,156.4616,36.975,5.4,mb,"100 km SSE of Severo-Kuril’sk, Russia"
2025-07-31T06:49:32.183Z,-23.4049,178.8971,565.388,5.1,mb,south of the Fiji Islands
2025-07-31T06:36:16.202Z,52.5896,159.243,59.739,4.8,mb,"67 km SE of Petropavlovsk-Kamchatsky, Russia"
2025-07-31T06:02:19.438Z,50.4276,159.3625,10.0,4.5,mb,"230 km E of Severo-Kuril’sk, Russia"
2025-07-31T06:00:17.781Z,52.8728,161.1066,10.0,5.0,mb,"167 km E of Petropavlovsk-Kamchatsky, Russia"
2025-07-31T05:59:52.684Z,51.23,159.9576,10.0,4.5,mb,"217 km SSE of Vilyuchinsk, Russia"
2025-07-31T05:49:25.916Z,50.238,157.55,35.0,4.6,mb,"112 km ESE of Severo-Kuril’sk, Russia"
2025-07-31T05:39:57.484Z,52.8668,161.0865,10.0,4.9,mb,"166 km E of Petropavlovsk-Kamchatsky, Russia"
2025-07-31T05:31:25.745Z,52.6604,160.6055,48.152,5.6,mb,"140 km ESE of Petropavlovsk-Kamchatsky, Russia"
2025-07-31T05:27:14.789Z,49.5,158.6499,15.0,6.2,mww,"222 km SE of Severo-Kuril’sk, Russia"
2025-07-31T05:24:56.165Z,50.196,158.6701,10.0,4.5,mb,"188 km ESE of Severo-Kuril’sk, Russia"
2025-07-31T05:13:56.908Z,50.1568,157.6586,26.396,4.5,mb,"123 km ESE of Severo-Kuril’sk, Russia"
2025-07-31T05:03:22.232Z,50.7947,158.8605,18.599,4.9,mb,"182 km ESE of Ozernovskiy, Russia"
2025-07-31T04:53:53.100Z,52.3294,160.7829,10.0,4.5,mb,"167 km ESE of Petropavlovsk-Kamchatsky, Russia"
2025-07-31T04:50:04.869Z,51.3285,159.4095,10.0,4.5,mb,"191 km SSE of Vilyuchinsk, Russia"
2025-07-31T04:35:39.477Z,50.0285,157.6496,10.0,4.7,mb,"130 km SE of Severo-Kuril’sk, Russia"
2025-07-31T04:08:15.878Z,51.4375,159.3951,10.0,5.0,mb,"179 km SSE of Vilyuchinsk, Russia"
2025-07-31T04:07:05.984Z,51.4138,159.4919,35.0,4.8,mb,"184 km SSE of Vilyuchinsk, Russia"
2025-07-31T03:48:55.970Z,50.2784,156.7675,35.0,4.6,mb,"63 km SE of Severo-Kuril’sk, Russia"
2025-07-31T03:47:23.409Z,51.3867,159.5006,10.0,4.5,mb,"187 km SSE of Vilyuchinsk, Russia"
2025-07-31T03:46:52.071Z,-24.8036,179.8157,506.506,4.6,mb,south of the Fiji Islands
2025-07-31T03:36:05.957Z,48.5608,157.3583,10.0,4.5,mb,"251 km SSE of Severo-Kuril’sk, Russia"
2025-07-31T03:27:39.313Z,50.6741,157.6954,35.0,4.5,mb,"110 km E of Severo-Kuril’sk, Russia"
2025-07-31T03:13:17.443Z,48.8986,156.1015,10.0,4.7,mb,"197 km S of Severo-Kuril’sk, Russia"
2025-07-31T03:01:49.486Z,52.7231,160.6649,10.0,4.7,mb,"142 km ESE of Petropavlovsk-Kamchatsky, Russia"
2025-07-31T02:54:01.746Z,51.8762,160.9509,10.0,4.5,mb,"205 km SE of Petropavlovsk-Kamchatsky, Russia"
2025-07-31T02:45:25.209Z,51.8309,159.1596,35.0,4.7,mb,"132 km SSE of Vilyuchinsk, Russia"
2025-07-31T02:38:03.744Z,51.7884,160.0855,10.0,5.3,mb,"171 km SE of Vilyuchinsk, Russia"
2025-07-31T02:29:17.015Z,49.8646,156.0997,52.814,5.1,mb,"90 km S of Severo-Kuril’sk, Russia"
2025-07-31T02:16:42.607Z,51.8876,161.0691,10.0,4.8,mb,"211 km SE of Petropavlovsk-Kamchatsky, Russia"
2025-07-31T02:11:27.882Z,49.6092,156.5584,35.0,4.7,mb,"122 km SSE of Severo-Kuril’sk, Russia"
2025-07-31T02:06:32.117Z,49.5224,156.432,35.0,4.7,mb,"130 km S of Severo-Kuril’sk, Russia"
2025-07-31T01:54:21.494Z,49.0173,157.824,10.0,4.6,mb,"221 km SSE of Severo-Kuril’sk, Russia"
2025-07-31T01:33:24.448Z,-21.9615,-175.3969,10.0,4.9,mb,"82 km SSW of ‘Ohonua, Tonga"
2025-07-31T01:29:14.002Z,51.7021,159.5088,35.0,4.7,mb,"156 km SSE of Vilyuchinsk, Russia"
2025-07-31T01:28:00.548Z,51.0353,158.6013,35.0,4.6,mb,"155 km ESE of Ozernovskiy, Russia"
2025-07-31T00:57:50.600Z,-3.5148,140.67,35.0,4.7,mb,"101 km S of Abepura, Indonesia"
2025-07-31T00:51:57.708Z,51.3487,159.6993,21.383,4.6,mb,"197 km SSE of Vilyuchinsk, Russia"
2025-07-31T00:46:06.256Z,51.5314,159.6948,10.0,4.8,mb,"178 km SSE of Vilyuchinsk, Russia"
2025-07-31T00:37:56.833Z,48.6205,157.4589,10.0,4.5,mb,"247 km SSE of Severo-Kuril’sk, Russia"
2025-07-31T00:36:09.049Z,50.244,158.6693,10.0,4.5,mb,"186 km ESE of Severo-Kuril’sk, Russia"
2025-07-31T00:33:09.762Z,50.2456,158.7095,10.0,4.5,mb,"189 km ESE of Severo-Kuril’sk, Russia"
2025-07-31T00:12:18.863Z,51.1923,159.1619,6.043,5.0,mb,"188 km ESE of Ozernovskiy, Russia"
2025-07-31T00:06:43.115Z,50.6683,157.9862,29.132,5.0,mb,"131 km E of Severo-Kuril’sk, Russia"
2025-07-30T23:54:13.521Z,52.2697,160.5661,10.0,4.6,mb,"158 km SE of Petropavlovsk-Kamchatsky, Russia"
2025-07-30T23:49:11.766Z,52.1655,160.3738,10.0,4.9,mb,"154 km SE of Petropavlovsk-Kamchatsky, Russia"
2025-07-30T23:28:10.868Z,51.5195,158.8552,35.0,4.6,mb,"160 km S of Vilyuchinsk, Russia"
2025-07-30T23:27:20.829Z,49.9828,158.2756,10.0,5.0,mb,"171 km ESE of Severo-Kuril’sk, Russia"
2025-07-30T23:23:11.937Z,51.5134,159.8419,10.0,4.6,mb,"185 km SSE of Vilyuchinsk, Russia"
2025-07-30T23:20:37.802Z,49.8937,158.2996,10.0,5.0,mb,"177 km ESE of Severo-Kuril’sk, Russia"
2025-07-30T23:17:20.560Z,51.5494,159.4998,35.0,5.0,mb,"170 km SSE of Vilyuchinsk, Russia"
2025-07-30T23:15:30.093Z,52.4118,160.7681,10.0,5.8,mwb,"161 km ESE of Petropavlovsk-Kamchatsky, Russia"
2025-07-30T22:48:20.133Z,52.1981,160.5016,25.366,5.1,mb,"159 km SE of Petropavlovsk-Kamchatsky, Russia"
2025-07-30T22:43:06.389Z,50.3119,158.4337,10.0,4.7,mb,"168 km ESE of Severo-Kuril’sk, Russia"
2025-07-30T22:39:36.718Z,49.2862,156.6862,19.898,4.6,mb,"159 km SSE of Severo-Kuril’sk, Russia"
2025-07-30T22:26:03.592Z,49.9265,156.5318,69.127,4.9,mb,"88 km SSE of Severo-Kuril’sk, Russia"
2025-07-30T22:19:07.641Z,51.0905,159.0182,32.499,4.5,mb,"181 km ESE of Ozernovskiy, Russia"
2025-07-30T21:52:20.580Z,52.7157,160.2948,35.0,5.1,mb,"118 km ESE of Petropavlovsk-Kamchatsky, Russia"
2025-07-30T21:51:11.837Z,52.2321,160.2649,17.0,5.7,mwb,"144 km SE of Petropavlovsk-Kamchatsky, Russia"
2025-07-30T21:50:36.174Z,52.4865,160.998,25.289,5.1,mb,"172 km ESE of Petropavlovsk-Kamchatsky, Russia"
2025-07-30T21:32:33.454Z,49.9908,157.3473,10.0,5.2,mb,"115 km SE of Severo-Kuril’sk, Russia"
2025-07-30T21:27:47.449Z,51.3378,159.3872,32.999,4.7,mb,"189 km SSE of Vilyuchinsk, Russia"
2025-07-30T21:19:27.741Z,52.0766,160.0971,35.0,4.5,mb,"148 km SE of Petropavlovsk-Kamchatsky, Russia"
2025-07-30T21:17:07.483Z,51.9229,161.136,10.0,4.6,mb,"212 km SE of Petropavlovsk-Kamchatsky, Russia"
2025-07-30T21:14:42.256Z,50.0368,157.5188,33.667,5.3,mb,"121 km SE of Severo-Kuril’sk, Russia"
2025-07-30T21:13:01.237Z,49.4969,158.6625,10.0,5.6,mww,"223 km SE of Severo-Kuril’sk, Russia"
2025-07-30T20:59:49.171Z,-15.5024,-177.3614,10.0,4.9,mb,"154 km SSE of Alo, Wallis and Futuna"
2025-07-30T20:59:15.419Z,50.7054,156.5478,12.234,4.7,mb,"29 km E of Severo-Kuril’sk, Russia"
2025-07-30T20:56:18.750Z,50.1047,159.4145,10.0,4.6,mb,"242 km ESE of Severo-Kuril’sk, Russia"
2025-07-30T20:51:40.099Z,48.9197,156.3752,10.0,5.1,mb,"196 km S of Severo-Kuril’sk, Russia"
2025-07-30T20:46:07.052Z,50.625,158.9095,17.599,4.8,mb,"194 km ESE of Ozernovskiy, Russia"
2025-07-30T20:24:53.921Z,52.1653,161.4418,10.0,5.0,mb,"215 km ESE of Petropavlovsk-Kamchatsky, Russia"
2025-07-30T20:03:17.553Z,52.8466,161.1368,22.918,4.8,mb,"170 km E of Petropavlovsk-Kamchatsky, Russia"
2025-07-30T20:02:21.797Z,52.1538,159.7305,38.226,5.0,mb,"124 km SE of Vilyuchinsk, Russia"
2025-07-30T19:52:23.450Z,52.1436,160.4931,26.649,4.7,mb,"162 km SE of Petropavlovsk-Kamchatsky, Russia"
2025-07-30T19:49:07.256Z,51.6657,159.7874,10.0,5.2,mb,"169 km SSE of Vilyuchinsk, Russia"
2025-07-30T19:46:35.087Z,50.259,157.0046,35.0,4.5,mb,"77 km SE of Severo-Kuril’sk, Russia"
2025-07-30T19:34:01.002Z,51.2307,159.2636,10.0,4.8,mb,"194 km E of Ozernovskiy, Russia"
2025-07-30T19:22:06.562Z,51.754,159.4027,35.0,4.7,mb,"147 km SSE of Vilyuchinsk, Russia"
2025-07-30T19:20:54.490Z,51.3493,159.4764,10.0,4.6,mb,"190 km SSE of Vilyuchinsk, Russia"
2025-07-30T19:19:02.049Z,50.5549,158.783,10.0,4.7,mb,"188 km E of Severo-Kuril’sk, Russia"
2025-07-30T19:17:52.188Z,51.6259,159.5998,10.0,4.9,mb,"166 km SSE of Vilyuchinsk, Russia"
2025-07-30T19:13:04.516Z,51.135,159.0378,35.0,4.8,mb,"181 km ESE of Ozernovskiy, Russia"
2025-07-30T19:10:05.987Z,51.3292,159.5839,10.0,4.9,mb,"195 km SSE of Vilyuchinsk, Russia"
2025-07-30T19:08:40.448Z,51.3983,159.6883,10.0,5.3,mb,"191 km SSE of Vilyuchinsk, Russia"
2025-07-30T19:07:09.000Z,50.255,158.4461,18.756,4.7,mb,"171 km ESE of Severo-Kuril’sk, Russia"
2025-07-30T19:03:12.033Z,50.2829,157.2626,59.736,5.0,mb,"91 km ESE of Severo-Kuril’sk, Russia"
2025-07-30T18:58:12.030Z,52.2616,160.5939,27.805,4.5,mb,"160 km SE of Petropavlovsk-Kamchatsky, Russia"
2025-07-30T18:44:54.854Z,50.2492,159.4324,10.0,4.5,mb,"239 km ESE of Severo-Kuril’sk, Russia"
2025-07-30T18:38:37.425Z,51.4523,160.301,10.0,4.5,mb,"209 km SE of Vilyuchinsk, Russia"
2025-07-30T18:37:39.528Z,50.7737,159.8055,10.0,4.5,mb,"244 km ESE of Ozernovskiy, Russia"
2025-07-30T18:34:24.189Z,52.333,160.2423,43.243,4.6,mb,"136 km SE of Petropavlovsk-Kamchatsky, Russia"
2025-07-30T18:30:51.202Z,49.1775,156.4662,35.0,4.8,mb,"168 km S of Severo-Kuril’sk, Russia"
2025-07-30T18:29:20.401Z,50.441,158.766,10.0,4.7,mb,"188 km E of Severo-Kuril’sk, Russia"
2025-07-30T18:27:09.597Z,51.4902,159.7095,25.654,4.5,mb,"183 km SSE of Vilyuchinsk, Russia"
2025-07-30T18:24:27.489Z,50.2957,157.5735,30.211,4.5,mb,"111 km ESE of Severo-Kuril’sk, Russia"
2025-07-30T18:20:54.834Z,-11.4339,166.3739,67.553,5.0,mb,"100 km SE of Lata, Solomon Islands"
2025-07-30T18:11:28.986Z,52.0358,160.2686,27.232,4.6,mb,"159 km SE of Petropavlovsk-Kamchatsky, Russia"
2025-07-30T18:07:25.790Z,51.138,159.7792,10.0,4.9,mb,"220 km SSE of Vilyuchinsk, Russia"
2025-07-30T18:05:37.893Z,51.149,158.5587,35.0,5.2,mb,"148 km ESE of Ozernovskiy, Russia"
2025-07-30T17:55:51.681Z,52.298,160.5322,10.0,4.9,mb,"154 km SE of Petropavlovsk-Kamchatsky, Russia"
2025-07-30T17:46:44.502Z,49.5765,157.7946,10.0,4.8,mb,"170 km SE of Severo-Kuril’sk, Russia"
2025-07-30T17:40:52.206Z,49.9439,158.0148,20.971,4.8,mb,"157 km ESE of Severo-Kuril’sk, Russia"
2025-07-30T17:39:49.853Z,52.3954,160.1722,52.759,4.6,mb,"128 km SE of Petropavlovsk-Kamchatsky, Russia"
2025-07-30T17:38:12.959Z,51.1777,159.3074,35.0,4.5,mb,"198 km ESE of Ozernovskiy, Russia"
2025-07-30T17:35:17.719Z,52.1256,160.2687,36.347,4.6,mb,"152 km SE of Petropavlovsk-Kamchatsky, Russia"
2025-07-30T17:31:38.205Z,49.986,156.6867,37.494,5.3,mb,"86 km SSE of Severo-Kuril’sk, Russia"
2025-07-30T17:21:03.426Z,9.3633,93.9614,40.127,5.0,mb,"287 km SSE of Port Blair, India"
2025-07-30T17:20:32.389Z,51.4177,159.5689,39.035,5.2,mb,"186 km SSE of Vilyuchinsk, Russia"
2025-07-30T17:13:57.772Z,52.4831,160.728,10.0,5.0,mb,"155 km ESE of Petropavlovsk-Kamchatsky, Russia"
2025-07-30T17:04:51.743Z,49.8856,157.4616,36.287,4.5,mb,"129 km SE of Severo-Kuril’sk, Russia"
2025-07-30T17:04:39.336Z,51.6421,160.0768,10.0,4.7,mb,"183 km SE of Vilyuchinsk, Russia"
2025-07-30T16:59:42.464Z,49.9809,157.2667,35.066,5.1,mb,"112 km SE of Severo-Kuril’sk, Russia"
2025-07-30T16:57:34.771Z,49.8958,157.5715,10.0,5.6,mb,"134 km SE of Severo-Kuril’sk, Russia"
2025-07-30T16:49:49.843Z,51.0136,158.2839,35.0,4.5,mb,"135 km ESE of Ozernovskiy, Russia"
2025-07-30T16:47:12.839Z,50.4224,159.7368,10.0,5.7,mb,"256 km ESE of Ozernovskiy, Russia"
2025-07-30T16:42:37.371Z,52.3794,160.2225,35.0,4.8,mb,"131 km SE of Petropavlovsk-Kamchatsky, Russia"
2025-07-30T16:41:25.698Z,50.1159,155.2219,35.0,4.5,mb,"89 km SW of Severo-Kuril’sk, Russia"
2025-07-30T16:23:12.040Z,50.9774,158.4049,35.0,4.8,mb,"144 km ESE of Ozernovskiy, Russia"
2025-07-30T16:07:46.668Z,49.6696,157.2746,35.0,6.0,mwb,"138 km SE of Severo-Kuril’sk, Russia"
2025-07-30T16:07:41.700Z,51.4713,159.968,28.078,4.5,mb,"194 km SSE of Vilyuchinsk, Russia"
2025-07-30T16:04:50.497Z,51.3205,157.7731,74.263,4.6,mb,"90 km ESE of Ozernovskiy, Russia"
2025-07-30T16:01:12.330Z,51.8051,160.8378,10.0,5.2,mb,"205 km SE of Petropavlovsk-Kamchatsky, Russia"
2025-07-30T15:59:41.285Z,52.557,160.2028,35.0,4.5,mb,"120 km ESE of Petropavlovsk-Kamchatsky, Russia"
2025-07-30T15:56:19.893Z,50.3306,156.7503,74.284,4.6,mb,"58 km SE of Severo-Kuril’sk, Russia"
2025-07-30T15:55:27.470Z,-14.3947,167.2219,185.544,4.7,mb,"67 km SSW of Sola, Vanuatu"
2025-07-30T15:48:11.590Z,51.4509,159.4171,24.648,4.7,mb,"178 km SSE of Vilyuchinsk, Russia"
2025-07-30T15:45:49.273Z,51.8308,161.5487,10.0,4.6,mb,"241 km SE of Petropavlovsk-Kamchatsky, Russia"
2025-07-30T15:44:19.817Z,49.7494,157.5526,10.0,4.9,mb,"144 km SE of Severo-Kuril’sk, Russia"
2025-07-30T15:43:09.907Z,52.9538,160.7893,10.0,4.5,mb,"145 km E of Petropavlovsk-Kamchatsky, Russia"
2025-07-30T15:42:04.812Z,43.7625,-28.7597,10.0,4.8,mb,northern Mid-Atlantic Ridge
2025-07-30T15:41:08.273Z,51.6955,160.6594,10.0,4.5,mb,"205 km SE of Petropavlovsk-Kamchatsky, Russia"
2025-07-30T15:31:39.564Z,49.1206,155.6578,35.0,4.7,mb,"176 km S of Severo-Kuril’sk, Russia"
2025-07-30T15:17:02.938Z,51.0631,158.8749,35.0,5.2,mb,"172 km ESE of Ozernovskiy, Russia"
2025-07-30T15:11:45.249Z,50.2184,157.4213,35.0,4.5,mb,"105 km ESE of Severo-Kuril’sk, Russia"
2025-07-30T15:04:42.469Z,51.1882,158.9964,45.774,4.5,mb,"177 km ESE of Ozernovskiy, Russia"
2025-07-30T15:03:58.826Z,-4.3852,35.1531,10.0,4.6,mb,"8 km ESE of Basotu, Tanzania"
2025-07-30T15:00:42.526Z,50.3387,158.0856,12.187,5.2,mb,"143 km ESE of Severo-Kuril’sk, Russia"
2025-07-30T14:57:25.933Z,52.0488,160.2824,35.0,5.2,mb,"159 km SE of Petropavlovsk-Kamchatsky, Russia"
2025-07-30T14:52:31.699Z,50.8439,159.4199,10.0,4.9,mb,"216 km ESE of Ozernovskiy, Russia"
2025-07-30T14:47:43.816Z,50.0671,157.7699,23.309,5.9,mwb,"135 km ESE of Severo-Kuril’sk, Russia"
2025-07-30T14:46:34.021Z,48.7738,156.2107,10.0,4.7,mb,"211 km S of Severo-Kuril’sk, Russia"
2025-07-30T14:35:41.582Z,48.9896,156.1798,10.0,5.2,mb,"187 km S of Severo-Kuril’sk, Russia"
2025-07-30T14:34:35.259Z,50.1142,157.2083,35.0,4.6,mb,"99 km SE of Severo-Kuril’sk, Russia"
2025-07-30T14:29:56.892Z,51.419,159.7448,10.0,4.9,mb,"191 km SSE of Vilyuchinsk, Russia"
2025-07-30T14:28:48.836Z,51.6342,159.609,30.238,4.7,mb,"166 km SSE of Vilyuchinsk, Russia"
2025-07-30T14:26:11.740Z,51.2911,159.8501,10.0,4.5,mb,"207 km SSE of Vilyuchinsk, Russia"
2025-07-30T14:24:05.247Z,51.5777,159.6258,10.0,5.0,mb,"172 km SSE of Vilyuchinsk, Russia"
2025-07-30T14:21:37.233Z,51.1304,159.147,31.471,5.1,mb,"188 km ESE of Ozernovskiy, Russia"
2025-07-30T14:08:46.581Z,52.2925,160.7737,32.138,4.6,mb,"168 km ESE of Petropavlovsk-Kamchatsky, Russia"
2025-07-30T14:01:34.876Z,51.7371,159.3009,10.0,5.1,mb,"146 km SSE of Vilyuchinsk, Russia"
2025-07-30T14:00:21.156Z,52.3337,160.2758,30.306,5.1,mb,"137 km SE of Petropavlovsk-Kamchatsky, Russia"
2025-07-30T13:57:56.297Z,49.9298,157.2372,34.618,4.7,mb,"114 km SE of Severo-Kuril’sk, Russia"
2025-07-30T13:52:02.642Z,52.5233,160.802,10.0,4.5,mb,"158 km ESE of Petropavlovsk-Kamchatsky, Russia"
2025-07-30T13:44:39.854Z,52.2023,160.2228,31.82,4.8,mb,"144 km SE of Petropavlovsk-Kamchatsky, Russia"
2025-07-30T13:29:10.022Z,50.3372,157.0102,42.62,4.7,mb,"73 km ESE of Severo-Kuril’sk, Russia"
2025-07-30T13:26:57.538Z,50.0312,156.4607,75.809,4.7,mb,"75 km SSE of Severo-Kuril’sk, Russia"
2025-07-30T13:10:14.965Z,52.3058,159.9664,37.434,4.8,mb,"123 km SE of Petropavlovsk-Kamchatsky, Russia"
2025-07-30T13:07:18.181Z,52.5731,160.2333,10.0,4.6,mb,"121 km ESE of Petropavlovsk-Kamchatsky, Russia"
2025-07-30T13:06:29.336Z,52.7024,160.2014,25.076,4.8,mb,"113 km ESE of Petropavlovsk-Kamchatsky, Russia"
2025-07-30T13:04:21.258Z,49.908,156.3518,41.138,4.7,mb,"86 km S of Severo-Kuril’sk, Russia"
2025-07-30T13:03:21.106Z,52.4792,160.7599,10.0,4.7,mb,"157 km ESE of Petropavlovsk-Kamchatsky, Russia"
2025-07-30T13:02:22.697Z,52.177,160.5133,28.637,4.9,mb,"161 km SE of Petropavlovsk-Kamchatsky, Russia"
2025-07-30T12:56:28.906Z,51.913,159.416,35.146,4.6,mb,"132 km SSE of Vilyuchinsk, Russia"
2025-07-30T12:54:01.448Z,52.1052,160.3138,10.0,4.7,mb,"156 km SE of Petropavlovsk-Kamchatsky, Russia"
2025-07-30T12:44:43.179Z,49.8985,157.532,35.0,5.3,mb,"132 km SE of Severo-Kuril’sk, Russia"
2025-07-30T12:33:05.321Z,51.5078,159.4426,35.0,4.9,mb,"173 km SSE of Vilyuchinsk, Russia"
2025-07-30T12:32:07.141Z,-24.0951,-66.7639,192.487,4.7,mb,"47 km WNW of San Antonio de los Cobres, Argentina"
2025-07-30T12:26:21.452Z,51.341,159.1032,10.0,5.0,mb,"181 km E of Ozernovskiy, Russia"
2025-07-30T12:21:11.717Z,51.4402,159.5518,21.448,4.9,mb,"183 km SSE of Vilyuchinsk, Russia"
2025-07-30T12:19:13.743Z,49.1596,156.5101,28.085,4.9,mb,"170 km S of Severo-Kuril’sk, Russia"
2025-07-30T12:08:48.662Z,49.722,156.7413,35.0,4.8,mb,"114 km SSE of Severo-Kuril’sk, Russia"
2025-07-30T12:01:56.077Z,51.043,159.0621,18.614,5.1,mb,"185 km ESE of Ozernovskiy, Russia"
2025-07-30T12:01:10.268Z,51.7781,159.7399,35.0,4.7,mb,"157 km SE of Vilyuchinsk, Russia"
2025-07-30T11:59:46.178Z,51.0085,158.5209,26.694,4.6,mb,"151 km ESE of Ozernovskiy, Russia"
2025-07-30T11:49:32.276Z,52.4067,160.5803,10.0,4.6,mb,"150 km ESE of Petropavlovsk-Kamchatsky, Russia"
2025-07-30T11:38:10.515Z,50.9032,158.2388,35.0,5.1,mb,"138 km ESE of Ozernovskiy, Russia"
2025-07-30T11:36:41.441Z,51.7947,158.3571,63.946,4.5,mb,"126 km S of Vilyuchinsk, Russia"
2025-07-30T11:26:37.826Z,51.566,159.6404,10.0,5.1,mb,"173 km SSE of Vilyuchinsk, Russia"
2025-07-30T11:23:31.395Z,52.0097,161.0573,10.0,4.7,mb,"202 km SE of Petropavlovsk-Kamchatsky, Russia"
2025-07-30T11:23:26.522Z,48.964,156.0534,43.397,5.0,mb,"190 km S of Severo-Kuril’sk, Russia"
2025-07-30T11:20:14.319Z,51.4621,159.7297,26.352,4.5,mb,"186 km SSE of Vilyuchinsk, Russia"
2025-07-30T11:10:45.477Z,50.442,158.1906,10.0,4.7,mb,"148 km E of Severo-Kuril’sk, Russia"
2025-07-30T11:06:58.928Z,49.5793,157.5322,16.76,4.5,mb,"157 km SE of Severo-Kuril’sk, Russia"
2025-07-30T10:57:38.358Z,52.4282,160.6807,10.0,4.6,mb,"155 km ESE of Petropavlovsk-Kamchatsky, Russia"
2025-07-30T10:54:00.295Z,50.3159,158.8756,10.0,4.9,mb,"199 km ESE of Severo-Kuril’sk, Russia"
2025-07-30T10:40:50.387Z,51.3533,159.6584,10.0,4.9,mb,"195 km SSE of Vilyuchinsk, Russia"
2025-07-30T10:34:55.914Z,50.5767,158.9402,10.0,4.8,mb,"199 km ESE of Ozernovskiy, Russia"
2025-07-30T10:33:07.352Z,48.8812,155.9025,35.0,4.6,mb,"200 km S of Severo-Kuril’sk, Russia"
2025-07-30T10:16:39.837Z,52.1154,160.5132,21.747,4.5,mb,"165 km SE of Petropavlovsk-Kamchatsky, Russia"
2025-07-30T10:13:04.356Z,52.3504,160.366,35.0,5.1,mb,"141 km SE of Petropavlovsk-Kamchatsky, Russia"
2025-07-30T10:09:40.868Z,52.2299,160.6111,10.0,5.2,mb,"163 km SE of Petropavlovsk-Kamchatsky, Russia"
2025-07-30T10:05:46.714Z,51.7916,159.2703,66.976,4.6,mb,"139 km SSE of Vilyuchinsk, Russia"
2025-07-30T09:57:27.860Z,51.3138,159.6768,35.0,5.4,mb,"199 km SSE of Vilyuchinsk, Russia"
2025-07-30T09:56:13.780Z,51.6041,160.0013,10.445,6.1,mwb,"183 km SE of Vilyuchinsk, Russia"
2025-07-30T09:52:40.435Z,52.3331,160.0237,37.905,4.7,mb,"124 km SE of Petropavlovsk-Kamchatsky, Russia"
2025-07-30T09:52:17.790Z,52.2109,160.841,10.0,4.7,mb,"177 km ESE of Petropavlovsk-Kamchatsky, Russia"
2025-07-30T09:50:51.765Z,52.1538,160.7119,27.022,4.6,mb,"173 km SE of Petropavlovsk-Kamchatsky, Russia"
2025-07-30T09:49:45.616Z,51.1714,159.494,10.0,4.9,mb,"209 km SSE of Vilyuchinsk, Russia"
2025-07-30T09:48:04.269Z,50.9933,158.249,35.0,4.5,mb,"134 km ESE of Ozernovskiy, Russia"
2025-07-30T09:45:13.196Z,52.3877,161.6361,10.0,4.5,mb,"216 km ESE of Petropavlovsk-Kamchatsky, Russia"
2025-07-30T09:39:05.541Z,49.7696,156.6007,35.0,4.5,mb,"106 km SSE of Severo-Kuril’sk, Russia"
2025-07-30T09:33:30.171Z,51.8288,160.4985,10.0,4.6,mb,"187 km SE of Petropavlovsk-Kamchatsky, Russia"
2025-07-30T09:31:20.542Z,51.8491,160.4163,19.954,4.5,mb,"181 km SE of Petropavlovsk-Kamchatsky, Russia"
2025-07-30T09:26:18.724Z,51.4931,158.2431,32.584,4.6,mb,"120 km E of Ozernovskiy, Russia"
2025-07-30T09:24:39.757Z,-58.926,-26.2034,126.3,5.5,mb,South Sandwich Islands region
2025-07-30T09:24:22.526Z,51.7803,160.3074,10.0,4.5,mb,"182 km SE of Vilyuchinsk, Russia"
2025-07-30T09:12:29.439Z,51.1493,159.2897,10.0,5.3,mb,"198 km ESE of Ozernovskiy, Russia"
2025-07-30T09:12:21.126Z,50.9991,159.3177,10.0,4.5,mb,"204 km ESE of Ozernovskiy, Russia"
2025-07-30T09:11:14.775Z,49.8707,157.7339,10.0,4.8,mb,"145 km SE of Severo-Kuril’sk, Russia"
2025-07-30T09:10:11.499Z,52.6104,160.9417,22.815,4.9,mb,"163 km ESE of Petropavlovsk-Kamchatsky, Russia"
2025-07-30T09:03:50.548Z,50.3851,158.1232,24.934,4.6,mb,"145 km ESE of Severo-Kuril’sk, Russia"
2025-07-30T09:03:03.742Z,51.5556,159.4736,35.0,4.6,mb,"169 km SSE of Vilyuchinsk, Russia"
2025-07-30T09:01:49.260Z,50.3229,157.3196,35.0,4.9,mb,"93 km ESE of Severo-Kuril’sk, Russia"
2025-07-30T08:55:29.868Z,52.0687,159.9883,10.0,4.9,mb,"144 km SE of Vilyuchinsk, Russia"
2025-07-30T08:55:08.171Z,51.1329,159.0694,10.0,4.8,mb,"183 km ESE of Ozernovskiy, Russia"
2025-07-30T08:53:05.572Z,52.3976,160.7673,10.0,5.0,mb,"162 km ESE of Petropavlovsk-Kamchatsky, Russia"
2025-07-30T08:47:49.399Z,52.5031,160.8273,10.0,5.1,mb,"161 km ESE of Petropavlovsk-Kamchatsky, Russia"
2025-07-30T08:40:26.898Z,49.6905,155.962,66.239,5.0,mb,"110 km S of Severo-Kuril’sk, Russia"
2025-07-30T08:35:30.362Z,48.9678,156.1093,10.0,4.6,mb,"189 km S of Severo-Kuril’sk, Russia"
2025-07-30T08:35:01.323Z,51.5041,159.3391,38.295,4.5,mb,"171 km SSE of Vilyuchinsk, Russia"
2025-07-30T08:32:52.189Z,51.4405,159.828,10.0,4.8,mb,"192 km SSE of Vilyuchinsk, Russia"
2025-07-30T08:29:24.948Z,51.3451,158.9883,35.0,4.5,mb,"173 km E of Ozernovskiy, Russia"
2025-07-30T08:24:10.005Z,51.7686,159.5178,10.0,4.6,mb,"149 km SSE of Vilyuchinsk, Russia"
2025-07-30T08:23:28.229Z,51.6326,159.3946,10.0,4.6,mb,"159 km SSE of Vilyuchinsk, Russia"
2025-07-30T08:21:53.738Z,51.1354,159.4812,10.0,4.6,mb,"211 km ESE of Ozernovskiy, Russia"
2025-07-30T08:20:44.798Z,50.1315,157.763,26.355,4.6,mb,"131 km ESE of Severo-Kuril’sk, Russia"
2025-07-30T08:19:08.556Z,49.9338,157.562,10.0,4.8,mb,"131 km SE of Severo-Kuril’sk, Russia"
2025-07-30T07:58:21.418Z,51.4181,159.6997,10.0,5.3,mb,"190 km SSE of Vilyuchinsk, Russia"
2025-07-30T07:48:53.782Z,51.6197,160.3343,10.0,4.8,mb,"196 km SE of Vilyuchinsk, Russia"
2025-07-30T07:47:43.460Z,48.102,156.8116,10.0,4.5,mb,"290 km S of Severo-Kuril’sk, Russia"
2025-07-30T07:46:48.966Z,52.3793,160.8381,10.0,4.5,mb,"167 km ESE of Petropavlovsk-Kamchatsky, Russia"
2025-07-30T07:46:27.201Z,-1.1938,99.9771,75.629,4.6,mb,"49 km WSW of Padang, Indonesia"
2025-07-30T07:45:04.227Z,52.2962,160.7368,10.0,5.1,mb,"166 km ESE of Petropavlovsk-Kamchatsky, Russia"
2025-07-30T07:42:26.443Z,50.0134,156.7199,35.0,4.7,mb,"84 km SSE of Severo-Kuril’sk, Russia"
2025-07-30T07:39:52.199Z,51.4756,158.0179,42.348,4.6,mb,"105 km E of Ozernovskiy, Russia"
2025-07-30T07:34:42.923Z,48.8612,156.301,10.0,5.6,mb,"202 km S of Severo-Kuril’sk, Russia"
2025-07-30T07:34:07.854Z,51.0231,158.389,35.0,4.7,mb,"141 km ESE of Ozernovskiy, Russia"
2025-07-30T07:33:09.509Z,51.9723,160.5938,10.0,4.5,mb,"180 km SE of Petropavlovsk-Kamchatsky, Russia"
2025-07-30T07:23:24.227Z,44.5994,149.1718,80.443,5.2,mb,"123 km SE of Kuril’sk, Russia"
2025-07-30T07:20:35.014Z,51.3184,159.7347,10.0,4.5,mb,"201 km SSE of Vilyuchinsk, Russia"
2025-07-30T07:17:48.594Z,51.4111,159.6447,10.0,4.9,mb,"189 km SSE of Vilyuchinsk, Russia"
2025-07-30T07:15:29.719Z,51.3993,158.7285,18.834,5.0,mb,"155 km E of Ozernovskiy, Russia"
2025-07-30T07:15:14.409Z,42.8047,146.6813,29.954,4.6,mb,"106 km ESE of Nemuro, Japan"
2025-07-30T07:14:09.986Z,-8.3816,111.8241,147.957,4.5,mb,"30 km SSW of Boyolangu, Indonesia"
2025-07-30T07:09:28.028Z,-57.5127,157.3086,10.0,5.0,mb,Macquarie Island region
2025-07-30T07:02:52.695Z,52.147,160.3335,29.386,4.5,mb,"154 km SE of Petropavlovsk-Kamchatsky, Russia"
2025-07-30T07:00:37.896Z,49.0097,156.1011,30.299,4.5,mb,"185 km S of Severo-Kuril’sk, Russia"
2025-07-30T07:00:16.553Z,51.331,160.1171,10.0,4.6,mb,"213 km SSE of Vilyuchinsk, Russia"
2025-07-30T06:57:34.905Z,52.2029,160.3558,10.0,5.0,mb,"151 km SE of Petropavlovsk-Kamchatsky, Russia"
2025-07-30T06:55:49.760Z,49.0812,156.2578,10.0,4.7,mb,"177 km S of Severo-Kuril’sk, Russia"
2025-07-30T06:54:59.026Z,-57.5918,157.0671,10.0,4.6,mb,Macquarie Island region
2025-07-30T06:53:47.340Z,51.683,159.9053,29.48,4.6,mb,"172 km SE of Vilyuchinsk, Russia"
2025-07-30T06:52:45.226Z,50.7164,159.6289,10.0,4.6,mb,"235 km ESE of Ozernovskiy, Russia"
2025-07-30T06:50:20.096Z,51.7614,158.3786,65.518,4.7,mb,"130 km S of Vilyuchinsk, Russia"
2025-07-30T06:39:16.409Z,52.4082,160.9779,10.0,4.7,mb,"174 km ESE of Petropavlovsk-Kamchatsky, Russia"
2025-07-30T06:37:40.590Z,50.9755,157.8615,35.0,5.0,mb,"111 km ESE of Ozernovskiy, Russia"
2025-07-30T06:36:26.402Z,52.0546,160.4213,10.0,4.7,mb,"165 km SE of Petropavlovsk-Kamchatsky, Russia"
2025-07-30T06:33:32.430Z,50.9878,159.374,10.0,4.7,mb,"208 km ESE of Ozernovskiy, Russia"
2025-07-30T06:29:58.254Z,52.7639,160.8662,10.0,4.5,mb,"154 km ESE of Petropavlovsk-Kamchatsky, Russia"
2025-07-30T06:27:50.765Z,51.0438,158.446,43.261,4.8,mb,"144 km ESE of Ozernovskiy, Russia"
2025-07-30T06:26:10.816Z,51.502,159.6566,10.0,5.2,mb,"180 km SSE of Vilyuchinsk, Russia"
2025-07-30T06:21:29.067Z,51.4757,159.519,10.0,5.3,mb,"178 km SSE of Vilyuchinsk, Russia"
2025-07-30T06:13:00.658Z,52.334,160.3121,13.422,4.7,mb,"139 km SE of Petropavlovsk-Kamchatsky, Russia"
2025-07-30T05:58:27.353Z,51.9802,160.2155,10.0,4.5,mb,"161 km SE of Petropavlovsk-Kamchatsky, Russia"
2025-07-30T05:56:43.165Z,52.2899,159.5543,35.0,4.8,mb,"105 km SE of Vilyuchinsk, Russia"
2025-07-30T05:54:50.805Z,51.4789,159.4455,10.0,4.7,mb,"176 km SSE of Vilyuchinsk, Russia"
2025-07-30T05:51:43.027Z,51.5004,159.6915,10.0,4.9,mb,"181 km SSE of Vilyuchinsk, Russia"
2025-07-30T05:49:16.725Z,50.9945,159.2193,10.0,4.5,mb,"197 km ESE of Ozernovskiy, Russia"
2025-07-30T05:42:27.653Z,51.9186,159.2403,17.275,4.5,mb,"126 km SSE of Vilyuchinsk, Russia"
2025-07-30T05:40:57.762Z,51.8382,160.4373,10.0,4.7,mb,"183 km SE of Petropavlovsk-Kamchatsky, Russia"
2025-07-30T05:40:02.335Z,50.4496,159.0006,10.0,4.7,mb,"205 km E of Severo-Kuril’sk, Russia"
2025-07-30T05:38:32.237Z,50.8559,158.9274,10.0,4.7,mb,"184 km ESE of Ozernovskiy, Russia"
2025-07-30T05:37:11.686Z,51.291,158.7914,35.987,5.3,mb,"161 km E of Ozernovskiy, Russia"
2025-07-30T05:32:47.126Z,52.5815,160.8164,10.0,4.6,mb,"157 km ESE of Petropavlovsk-Kamchatsky, Russia"
2025-07-30T05:30:21.775Z,51.376,159.6812,10.0,5.4,mb,"193 km SSE of Vilyuchinsk, Russia"
2025-07-30T05:27:22.887Z,-39.0242,175.7827,125.573,4.9,mb,"4 km SSW of Turangi, New Zealand"
2025-07-30T05:23:30.721Z,51.2367,159.6402,10.0,4.6,mb,"206 km SSE of Vilyuchinsk, Russia"
2025-07-30T05:22:56.107Z,51.5352,159.8356,10.0,4.6,mb,"183 km SSE of Vilyuchinsk, Russia"
2025-07-30T05:20:36.076Z,51.5628,158.7086,35.0,4.8,mb,"153 km E of Ozernovskiy, Russia"
2025-07-30T05:19:31.235Z,51.4188,158.7366,10.0,5.4,mb,"155 km E of Ozernovskiy, Russia"
2025-07-30T05:19:13.567Z,50.8384,158.7659,10.0,4.5,mb,"174 km ESE of Ozernovskiy, Russia"
2025-07-30T05:17:54.139Z,52.5009,160.346,35.0,5.2,mb,"131 km ESE of Petropavlovsk-Kamchatsky, Russia"
2025-07-30T05:14:52.445Z,51.814,159.5999,10.0,4.5,mb,"148 km SSE of Vilyuchinsk, Russia"
2025-07-30T05:12:01.821Z,51.0576,159.9783,10.0,5.0,mb,"234 km SSE of Vilyuchinsk, Russia"
2025-07-30T05:11:50.314Z,50.2127,157.3502,45.368,4.6,mb,"100 km ESE of Severo-Kuril’sk, Russia"
2025-07-30T05:09:02.899Z,50.0903,157.3962,10.0,5.3,mb,"111 km SE of Severo-Kuril’sk, Russia"
2025-07-30T05:07:44.963Z,50.7225,157.9712,35.0,4.8,mb,"130 km E of Severo-Kuril’sk, Russia"
2025-07-30T05:06:38.293Z,51.3683,159.3155,35.0,4.9,mb,"184 km SSE of Vilyuchinsk, Russia"
2025-07-30T05:05:15.426Z,50.7377,157.8617,61.759,5.6,mb,"122 km E of Severo-Kuril’sk, Russia"
2025-07-30T05:04:22.243Z,51.2578,159.6254,10.0,4.5,mb,"204 km SSE of Vilyuchinsk, Russia"
2025-07-30T04:59:33.818Z,51.8831,160.1375,10.0,5.0,mb,"165 km SE of Vilyuchinsk, Russia"
2025-07-30T04:56:41.983Z,51.098,158.941,34.661,4.8,mb,"175 km ESE of Ozernovskiy, Russia"
2025-07-30T04:54:18.544Z,51.4833,159.9705,10.0,5.3,mb,"193 km SSE of Vilyuchinsk, Russia"
2025-07-30T04:53:41.773Z,52.6102,160.8792,35.0,4.6,mb,"159 km ESE of Petropavlovsk-Kamchatsky, Russia"
2025-07-30T04:51:27.341Z,52.1584,160.4659,10.0,4.5,mb,"160 km SE of Petropavlovsk-Kamchatsky, Russia"
2025-07-30T04:49:51.721Z,51.1203,158.2101,46.91,4.9,mb,"126 km ESE of Ozernovskiy, Russia"
2025-07-30T04:48:13.526Z,51.631,159.1432,35.0,5.0,mb,"153 km SSE of Vilyuchinsk, Russia"
2025-07-30T04:46:50.404Z,16.476,40.9347,10.0,4.5,mb,"128 km WSW of Farasān, Saudi Arabia"
2025-07-30T04:46:21.890Z,-24.8259,179.6191,511.254,4.5,mb,south of the Fiji Islands
2025-07-30T04:43:20.890Z,52.4316,160.2105,34.265,4.5,mb,"127 km SE of Petropavlovsk-Kamchatsky, Russia"
2025-07-30T04:42:38.487Z,50.284,158.3323,10.0,4.8,mb,"162 km ESE of Severo-Kuril’sk, Russia"
2025-07-30T04:39:29.569Z,52.2784,159.7298,35.0,4.5,mb,"114 km SE of Petropavlovsk-Kamchatsky, Russia"
2025-07-30T04:35:33.283Z,51.137,159.8127,10.0,4.7,mb,"221 km SSE of Vilyuchinsk, Russia"
2025-07-30T04:32:57.795Z,52.2352,160.3469,35.0,4.5,mb,"148 km SE of Petropavlovsk-Kamchatsky, Russia"
2025-07-30T04:31:34.054Z,51.4587,161.2101,10.0,4.7,mb,"250 km SE of Petropavlovsk-Kamchatsky, Russia"
2025-07-30T04:29:45.318Z,50.1538,157.9433,10.0,5.2,mb,"141 km ESE of Severo-Kuril’sk, Russia"
2025-07-30T04:27:15.157Z,51.0086,158.7706,37.597,5.0,mb,"167 km ESE of Ozernovskiy, Russia"
2025-07-30T04:25:14.790Z,49.3297,156.5319,35.0,5.6,mb,"152 km S of Severo-Kuril’sk, Russia"
2025-07-30T04:24:22.922Z,51.6515,159.3701,10.0,4.9,mb,"156 km SSE of Vilyuchinsk, Russia"
2025-07-30T04:22:22.872Z,51.5999,158.1903,38.568,4.9,mb,"117 km E of Ozernovskiy, Russia"
2025-07-30T04:21:02.449Z,50.1601,157.2531,35.0,4.7,mb,"98 km SE of Severo-Kuril’sk, Russia"
2025-07-30T04:17:47.556Z,51.5145,160.0144,10.0,4.6,mb,"192 km SE of Vilyuchinsk, Russia"
2025-07-30T04:16:45.383Z,50.2153,158.0272,10.0,5.1,mb,"144 km ESE of Severo-Kuril’sk, Russia"
2025-07-30T04:15:39.741Z,52.2192,159.9407,35.0,4.6,mb,"129 km SE of Petropavlovsk-Kamchatsky, Russia"
2025-07-30T04:13:43.634Z,51.3058,158.4395,45.709,4.5,mb,"136 km E of Ozernovskiy, Russia"
2025-07-30T04:11:58.177Z,51.0239,158.8265,35.0,4.9,mb,"170 km ESE of Ozernovskiy, Russia"
2025-07-30T04:10:01.463Z,51.3528,157.5778,69.897,4.5,mb,"76 km ESE of Ozernovskiy, Russia"
2025-07-30T04:08:55.895Z,52.3232,158.5801,89.371,4.6,mb,"68 km S of Vilyuchinsk, Russia"
2025-07-30T04:07:33.651Z,53.4072,159.1192,98.093,4.6,mb,"50 km NE of Petropavlovsk-Kamchatsky, Russia"
2025-07-30T04:06:29.064Z,51.6771,161.082,10.0,4.8,mb,"227 km SE of Petropavlovsk-Kamchatsky, Russia"
2025-07-30T04:05:58.735Z,51.4551,159.0953,35.865,4.7,mb,"170 km SSE of Vilyuchinsk, Russia"
2025-07-30T04:03:44.884Z,52.497,160.7237,10.0,5.4,mb,"154 km ESE of Petropavlovsk-Kamchatsky, Russia"
2025-07-30T04:00:16.411Z,51.3628,156.931,10.0,4.5,mb,"33 km ESE of Ozernovskiy, Russia"
2025-07-30T03:57:14.025Z,50.2924,158.1625,10.0,5.1,mb,"150 km ESE of Severo-Kuril’sk, Russia"
2025-07-30T03:53:13.519Z,50.4294,158.3403,10.0,4.6,mb,"159 km E of Severo-Kuril’sk, Russia"
2025-07-30T03:49:17.386Z,52.1293,160.4161,10.0,4.5,mb,"159 km SE of Petropavlovsk-Kamchatsky, Russia"
2025-07-30T03:49:14.275Z,-17.4206,-69.4571,168.518,4.7,mb,"61 km ENE of Estique, Peru"
2025-07-30T03:45:56.276Z,50.4798,157.7594,45.219,4.5,mb,"117 km ESE of Severo-Kuril’sk, Russia"
2025-07-30T03:43:34.042Z,49.1808,156.0573,35.0,4.8,mb,"166 km S of Severo-Kuril’sk, Russia"
2025-07-30T03:43:14.850Z,51.5665,160.271,10.0,4.5,mb,"198 km SE of Vilyuchinsk, Russia"
2025-07-30T03:42:38.977Z,51.2532,159.238,28.854,4.5,mb,"192 km E of Ozernovskiy, Russia"
2025-07-30T03:38:18.170Z,51.6417,159.5294,35.0,4.8,mb,"162 km SSE of Vilyuchinsk, Russia"
2025-07-30T03:37:30.222Z,50.1652,158.1262,10.0,4.7,mb,"152 km ESE of Severo-Kuril’sk, Russia"
2025-07-30T03:36:56.880Z,52.3296,159.8039,56.52,4.6,mb,"114 km SE of Petropavlovsk-Kamchatsky, Russia"
2025-07-30T03:34:59.681Z,51.883,160.538,10.0,4.9,mb,"184 km SE of Petropavlovsk-Kamchatsky, Russia"
2025-07-30T03:31:50.859Z,51.5043,159.8164,10.0,4.9,mb,"185 km SSE of Vilyuchinsk, Russia"
2025-07-30T03:30:44.786Z,52.7107,159.5146,63.772,4.6,mb,"71 km ESE of Petropavlovsk-Kamchatsky, Russia"
2025-07-30T03:27:46.771Z,-24.4566,-179.4699,478.47,4.6,mb,south of the Fiji Islands
2025-07-30T03:27:34.800Z,50.9447,158.2915,69.424,5.1,mb,"139 km ESE of Ozernovskiy, Russia"
2025-07-30T03:25:54.468Z,51.8385,159.1797,35.0,5.5,mb,"132 km SSE of Vilyuchinsk, Russia"
2025-07-30T03:25:41.612Z,52.2197,160.2154,46.188,4.5,mb,"142 km SE of Petropavlovsk-Kamchatsky, Russia"
2025-07-30T03:24:07.511Z,51.8831,159.094,66.013,4.7,mb,"125 km SSE of Vilyuchinsk, Russia"
2025-07-30T03:23:43.237Z,52.4679,158.9129,68.956,4.7,mb,"61 km SSE of Vilyuchinsk, Russia"
2025-07-30T03:22:52.288Z,50.8553,159.0797,35.0,5.0,mb,"193 km ESE of Ozernovskiy, Russia"
2025-07-30T03:19:25.126Z,49.6826,157.3207,10.0,5.4,mb,"139 km SE of Severo-Kuril’sk, Russia"
2025-07-30T03:16:28.679Z,52.7151,160.8644,10.0,5.3,mb,"155 km ESE of Petropavlovsk-Kamchatsky, Russia"
2025-07-30T03:13:56.616Z,52.8756,160.8815,24.949,5.5,mb,"152 km E of Petropavlovsk-Kamchatsky, Russia"
2025-07-30T03:13:25.319Z,51.7321,159.309,35.0,5.5,mb,"146 km SSE of Vilyuchinsk, Russia"
2025-07-30T03:12:25.785Z,51.1902,159.4949,10.0,5.2,mb,"207 km SSE of Vilyuchinsk, Russia"
2025-07-30T03:11:22.761Z,52.8384,160.9578,27.95,5.3,mb,"158 km E of Petropavlovsk-Kamchatsky, Russia"
2025-07-30T03:07:55.572Z,53.0811,159.5427,35.0,4.9,mb,"61 km E of Petropavlovsk-Kamchatsky, Russia"
2025-07-30T03:01:22.439Z,50.398,158.0693,21.941,4.6,mb,"141 km ESE of Severo-Kuril’sk, Russia"
2025-07-30T02:59:32.680Z,51.6973,159.5179,35.0,4.9,mb,"156 km SSE of Vilyuchinsk, Russia"
2025-07-30T02:53:15.542Z,52.2064,161.3435,10.0,5.1,mb,"207 km ESE of Petropavlovsk-Kamchatsky, Russia"
2025-07-30T02:48:25.365Z,51.6136,158.4984,73.349,4.6,mb,"139 km E of Ozernovskiy, Russia"
2025-07-30T02:45:56.567Z,49.9492,157.2242,28.646,4.5,mb,"112 km SE of Severo-Kuril’sk, Russia"
2025-07-30T02:45:08.586Z,51.7982,157.6924,10.0,4.5,mb,"89 km ENE of Ozernovskiy, Russia"
2025-07-30T02:44:13.878Z,51.3919,157.5509,61.529,4.6,mb,"73 km E of Ozernovskiy, Russia"
2025-07-30T02:42:46.549Z,49.2196,157.1683,10.0,5.2,mb,"178 km SSE of Severo-Kuril’sk, Russia"
2025-07-30T02:41:47.729Z,49.4212,156.6202,10.0,4.7,mb,"143 km SSE of Severo-Kuril’sk, Russia"
2025-07-30T02:39:57.355Z,51.0898,159.345,10.0,4.9,mb,"203 km ESE of Ozernovskiy, Russia"
2025-07-30T02:39:40.376Z,51.8194,159.5352,35.0,4.8,mb,"145 km SSE of Vilyuchinsk, Russia"
2025-07-30T02:38:20.681Z,52.2343,159.6189,35.374,4.9,mb,"113 km SE of Vilyuchinsk, Russia"
2025-07-30T02:35:36.534Z,49.8435,157.9922,10.0,4.8,mb,"162 km SE of Severo-Kuril’sk, Russia"
2025-07-30T02:34:24.193Z,51.1059,159.6807,10.0,4.9,mb,"221 km SSE of Vilyuchinsk, Russia"
2025-07-30T02:32:56.522Z,49.8278,157.4403,10.0,5.3,mb,"132 km SE of Severo-Kuril’sk, Russia"
2025-07-30T02:30:40.490Z,50.6541,157.4441,37.52,5.9,mb,"93 km E of Severo-Kuril’sk, Russia"
2025-07-30T02:30:05.637Z,52.1778,157.7694,96.387,4.6,mb,"93 km SSW of Paratunka, Russia"
2025-07-30T02:27:30.416Z,52.1134,162.0791,10.0,5.7,mb,"256 km ESE of Petropavlovsk-Kamchatsky, Russia"
2025-07-30T02:25:08.939Z,52.0961,159.2382,35.0,5.0,mb,"108 km SSE of Vilyuchinsk, Russia"
2025-07-30T02:24:45.483Z,51.4984,159.2461,35.0,5.2,mb,"169 km SSE of Vilyuchinsk, Russia"
2025-07-30T02:23:23.707Z,52.7758,160.6391,29.606,4.8,mb,"139 km ESE of Petropavlovsk-Kamchatsky, Russia"
2025-07-30T02:22:34.696Z,51.7012,159.1609,42.058,4.9,mb,"146 km SSE of Vilyuchinsk, Russia"
2025-07-30T02:19:53.788Z,52.913,160.9005,10.0,5.0,mb,"153 km E of Petropavlovsk-Kamchatsky, Russia"
2025-07-30T02:18:29.545Z,50.5746,157.7638,10.0,4.9,mb,"116 km E of Severo-Kuril’sk, Russia"
2025-07-30T02:13:23.868Z,50.9759,159.2047,35.0,4.6,mb,"197 km ESE of Ozernovskiy, Russia"
2025-07-30T02:12:16.737Z,51.3202,158.9,35.0,4.8,mb,"168 km E of Ozernovskiy, Russia"
2025-07-30T02:08:07.297Z,53.0392,159.4689,73.723,4.5,mb,"56 km E of Petropavlovsk-Kamchatsky, Russia"
2025-07-30T02:05:48.878Z,49.8017,157.3539,22.714,5.3,mb,"130 km SE of Severo-Kuril’sk, Russia"
2025-07-30T02:05:09.916Z,52.1106,160.5416,10.0,5.0,mb,"167 km SE of Petropavlovsk-Kamchatsky, Russia"
2025-07-30T02:02:48.640Z,51.5754,157.8617,87.774,4.5,mb,"94 km E of Ozernovskiy, Russia"
2025-07-30T02:01:08.912Z,50.9898,158.4075,35.0,4.9,mb,"144 km ESE of Ozernovskiy, Russia"
2025-07-30T01:59:24.456Z,52.4912,160.5727,10.0,4.5,mb,"145 km ESE of Petropavlovsk-Kamchatsky, Russia"
2025-07-30T01:57:01.869Z,50.9224,160.5181,10.0,4.5,mb,"266 km SSE of Vilyuchinsk, Russia"
2025-07-30T01:55:37.424Z,52.157,160.4571,10.0,4.6,mb,"159 km SE of Petropavlovsk-Kamchatsky, Russia"
2025-07-30T01:52:11.436Z,51.6833,159.3075,35.0,5.3,mb,"151 km SSE of Vilyuchinsk, Russia"
2025-07-30T01:51:19.411Z,50.4101,157.5478,69.115,4.7,mb,"104 km ESE of Severo-Kuril’sk, Russia"
2025-07-30T01:50:58.727Z,50.766,159.0552,10.0,4.6,mb,"196 km ESE of Ozernovskiy, Russia"
2025-07-30T01:49:58.742Z,50.5753,157.4751,35.0,4.7,mb,"96 km E of Severo-Kuril’sk, Russia"
2025-07-30T01:48:15.933Z,52.1663,160.0372,10.0,5.1,mb,"138 km SE of Petropavlovsk-Kamchatsky, Russia"
2025-07-30T01:46:52.665Z,50.1868,157.2929,35.0,5.5,mb,"99 km ESE of Severo-Kuril’sk, Russia"
2025-07-30T01:40:04.205Z,51.9929,160.593,10.0,5.4,mb,"178 km SE of Petropavlovsk-Kamchatsky, Russia"
2025-07-30T01:38:16.776Z,51.0169,158.3088,35.0,5.6,mb,"136 km ESE of Ozernovskiy, Russia"
2025-07-30T01:37:31.220Z,52.285,160.5955,10.0,4.9,mb,"158 km SE of Petropavlovsk-Kamchatsky, Russia"
2025-07-30T01:37:08.279Z,51.3465,159.4824,36.23,4.5,mb,"191 km SSE of Vilyuchinsk, Russia"
2025-07-30T01:35:18.827Z,51.8021,158.8091,26.956,4.5,mb,"128 km SSE of Vilyuchinsk, Russia"
2025-07-30T01:34:26.705Z,52.3646,158.8843,64.315,4.6,mb,"70 km SSE of Vilyuchinsk, Russia"
2025-07-30T01:34:03.213Z,52.7402,158.578,79.127,4.5,mb,"24 km SSE of Vilyuchinsk, Russia"
2025-07-30T01:33:19.363Z,50.4604,157.8554,30.288,4.8,mb,"124 km ESE of Severo-Kuril’sk, Russia"
2025-07-30T01:29:33.385Z,51.6098,159.5587,23.56,5.0,mb,"166 km SSE of Vilyuchinsk, Russia"
2025-07-30T01:28:35.676Z,51.804,158.9139,35.0,4.5,mb,"130 km SSE of Vilyuchinsk, Russia"
2025-07-30T01:27:09.610Z,49.7264,155.8592,65.055,4.6,mb,"107 km S of Severo-Kuril’sk, Russia"
2025-07-30T01:27:09.572Z,53.4962,160.2949,10.0,4.6,mb,"121 km ENE of Petropavlovsk-Kamchatsky, Russia"
2025-07-30T01:23:17.062Z,50.067,156.1445,77.136,4.9,mb,"67 km S of Severo-Kuril’sk, Russia"
2025-07-30T01:22:03.759Z,51.6531,159.3432,35.0,5.1,mb,"155 km SSE of Vilyuchinsk, Russia"
2025-07-30T01:21:09.640Z,52.2594,158.0752,10.0,5.3,mb,"78 km SSW of Vilyuchinsk, Russia"
2025-07-30T01:20:35.630Z,52.5706,160.5659,10.0,5.4,mb,"141 km ESE of Petropavlovsk-Kamchatsky, Russia"
2025-07-30T01:18:47.555Z,50.1777,157.445,27.139,4.7,mb,"108 km ESE of Severo-Kuril’sk, Russia"
2025-07-30T01:16:40.241Z,51.4337,159.5434,10.0,5.1,mb,"183 km SSE of Vilyuchinsk, Russia"
2025-07-30T01:15:17.305Z,50.5956,157.9756,35.0,4.8,mb,"131 km E of Severo-Kuril’sk, Russia"
2025-07-30T01:14:49.898Z,49.2559,155.9504,35.0,4.7,mb,"158 km S of Severo-Kuril’sk, Russia"
2025-07-30T01:13:56.682Z,50.5721,157.4975,35.0,4.7,mb,"97 km E of Severo-Kuril’sk, Russia"
2025-07-30T01:12:50.690Z,51.0629,158.716,35.0,5.0,mb,"161 km ESE of Ozernovskiy, Russia"
2025-07-30T01:11:30.575Z,52.338,160.0971,35.0,5.3,mb,"128 km SE of Petropavlovsk-Kamchatsky, Russia"
2025-07-30T01:10:40.483Z,-48.8483,123.8442,10.0,4.9,mb,western Indian-Antarctic Ridge
2025-07-30T01:09:32.871Z,52.062,159.6171,35.0,5.0,mb,"127 km SE of Vilyuchinsk, Russia"
2025-07-30T01:09:07.712Z,50.9371,157.3459,92.599,4.7,mb,"85 km SE of Ozernovskiy, Russia"
2025-07-30T01:07:43.147Z,51.8308,158.9979,56.964,4.9,mb,"128 km SSE of Vilyuchinsk, Russia"
2025-07-30T01:07:01.742Z,50.7446,157.1493,50.573,5.2,mb,"72 km E of Severo-Kuril’sk, Russia"
2025-07-30T01:06:14.313Z,52.3284,160.0652,32.112,5.0,mb,"127 km SE of Petropavlovsk-Kamchatsky, Russia"
2025-07-30T01:05:36.618Z,51.1774,158.5719,46.083,5.1,mb,"148 km ESE of Ozernovskiy, Russia"
2025-07-30T01:04:35.521Z,52.7348,158.8849,80.957,5.3,mb,"39 km SE of Vilyuchinsk, Russia"
2025-07-30T01:03:22.907Z,51.6577,158.8083,35.0,5.7,mb,"144 km S of Vilyuchinsk, Russia"
2025-07-30T01:02:11.309Z,51.734,159.5148,35.0,5.0,mb,"153 km SSE of Vilyuchinsk, Russia"
2025-07-30T01:01:29.830Z,51.4017,159.6648,19.591,5.0,mb,"190 km SSE of Vilyuchinsk, Russia"
2025-07-30T01:00:23.733Z,51.8202,158.4768,71.892,4.9,mb,"123 km S of Vilyuchinsk, Russia"
2025-07-30T00:58:38.149Z,51.585,159.8996,10.0,5.7,mb,"181 km SSE of Vilyuchinsk, Russia"
2025-07-30T00:57:32.887Z,51.5818,159.4382,35.0,4.7,mb,"165 km SSE of Vilyuchinsk, Russia"
2025-07-30T00:56:02.856Z,49.7005,155.3961,65.747,5.3,mb,"120 km SSW of Severo-Kuril’sk, Russia"
2025-07-30T00:55:02.822Z,51.5583,159.1846,38.813,5.1,mb,"161 km SSE of Vilyuchinsk, Russia"
2025-07-30T00:51:59.844Z,52.566,160.2341,35.0,5.3,mb,"121 km ESE of Petropavlovsk-Kamchatsky, Russia"
2025-07-30T00:50:09.012Z,51.9332,161.3322,10.0,5.1,mb,"222 km SE of Petropavlovsk-Kamchatsky, Russia"
2025-07-30T00:49:15.321Z,51.7491,159.0146,35.0,5.1,mb,"137 km SSE of Vilyuchinsk, Russia"
2025-07-30T00:48:18.886Z,51.9108,159.2399,35.0,5.2,mb,"126 km SSE of Vilyuchinsk, Russia"
2025-07-30T00:46:09.458Z,50.7638,158.0584,35.0,4.7,mb,"136 km SE of Ozernovskiy, Russia"
2025-07-30T00:41:29.428Z,51.4871,159.1092,35.0,5.2,mb,"167 km SSE of Vilyuchinsk, Russia"
2025-07-30T00:40:59.302Z,52.5351,159.2508,57.268,5.3,mb,"72 km SE of Vilyuchinsk, Russia"
2025-07-30T00:39:13.653Z,51.7073,158.8994,35.0,4.6,mb,"140 km SSE of Vilyuchinsk, Russia"
2025-07-30T00:38:18.389Z,50.9075,159.5402,10.0,4.5,mb,"222 km ESE of Ozernovskiy, Russia"
2025-07-30T00:35:26.004Z,51.9131,159.255,35.0,5.7,mb,"127 km SSE of Vilyuchinsk, Russia"
2025-07-30T00:34:40.726Z,52.5274,157.9077,10.0,4.8,mb,"53 km SSW of Paratunka, Russia"
2025-07-30T00:33:47.289Z,51.211,158.8515,35.0,4.6,mb,"166 km ESE of Ozernovskiy, Russia"
2025-07-30T00:31:15.562Z,52.3338,160.1487,35.0,5.4,mb,"131 km SE of Petropavlovsk-Kamchatsky, Russia"
2025-07-30T00:30:57.797Z,52.3363,158.2404,10.636,4.7,mb,"67 km S of Vilyuchinsk, Russia"
2025-07-30T00:28:13.843Z,51.0322,158.4846,35.0,5.0,mb,"147 km ESE of Ozernovskiy, Russia"
2025-07-30T00:27:44.960Z,51.8231,160.2184,10.0,5.0,mb,"174 km SE of Vilyuchinsk, Russia"
2025-07-30T00:27:25.154Z,51.2842,158.4725,35.0,4.5,mb,"139 km E of Ozernovskiy, Russia"
2025-07-30T00:26:05.940Z,50.9849,158.6593,35.0,5.4,mb,"161 km ESE of Ozernovskiy, Russia"
2025-07-30T00:25:24.310Z,52.2812,159.8921,35.0,4.7,mb,"122 km SE of Petropavlovsk-Kamchatsky, Russia"
2025-07-30T00:24:10.598Z,51.8385,159.5442,35.0,5.2,mb,"144 km SSE of Vilyuchinsk, Russia"
2025-07-30T00:23:54.632Z,51.0064,158.5045,35.0,5.3,mb,"150 km ESE of Ozernovskiy, Russia"
2025-07-30T00:23:19.102Z,52.6654,159.2701,43.981,4.8,mb,"61 km SE of Petropavlovsk-Kamchatsky, Russia"
2025-07-30T00:22:38.854Z,50.4486,157.5188,35.0,5.0,mb,"101 km ESE of Severo-Kuril’sk, Russia"
2025-07-30T00:16:06.520Z,52.1048,159.692,35.0,6.2,mb,"126 km SE of Vilyuchinsk, Russia"
2025-07-30T00:15:56.675Z,52.1516,159.7633,35.0,5.2,mb,"126 km SE of Vilyuchinsk, Russia"
2025-07-30T00:12:20.745Z,51.7857,159.8227,25.681,5.8,mb,"159 km SE of Vilyuchinsk, Russia"
2025-07-30T00:09:58.961Z,52.1946,159.8008,36.622,6.9,mww,"125 km SE of Petropavlovsk-Kamchatsky, Russia"
2025-07-30T00:09:32.623Z,51.6796,159.5076,35.0,5.0,mb,"158 km SSE of Vilyuchinsk, Russia"
2025-07-30T00:08:39.203Z,51.6403,159.2254,35.0,5.2,mb,"154 km SSE of Vilyuchinsk, Russia"
2025-07-30T00:07:34.269Z,51.9301,159.5625,35.0,5.1,mb,"136 km SE of Vilyuchinsk, Russia"
2025-07-30T00:06:51.597Z,51.4077,159.3025,35.0,4.7,mb,"180 km SSE of Vilyuchinsk, Russia"
2025-07-30T00:06:25.266Z,52.5004,159.003,45.918,4.9,mb,"62 km SE of Vilyuchinsk, Russia"
2025-07-30T00:04:47.327Z,52.0603,160.0392,10.0,5.2,mb,"147 km SE of Petropavlovsk-Kamchatsky, Russia"
2025-07-30T00:01:26.150Z,51.3443,159.8402,10.0,4.7,mb,"202 km SSE of Vilyuchinsk, Russia"
2025-07-30T00:01:04.828Z,50.3027,157.364,35.0,5.2,mb,"97 km ESE of Severo-Kuril’sk, Russia"
2025-07-29T23:59:33.842Z,50.1538,158.3695,15.284,4.9,mb,"169 km ESE of Severo-Kuril’sk, Russia"
2025-07-29T23:58:56.337Z,51.548,159.5784,10.0,4.6,mb,"173 km SSE of Vilyuchinsk, Russia"
2025-07-29T23:57:58.930Z,49.1548,156.4018,27.618,5.1,mb,"170 km S of Severo-Kuril’sk, Russia"
2025-07-29T23:56:30.332Z,-57.7617,157.687,10.0,5.1,mb,Macquarie Island region
2025-07-29T23:54:58.717Z,50.8049,158.7836,10.0,5.7,mb,"177 km ESE of Ozernovskiy, Russia"
2025-07-29T23:54:34.195Z,50.4763,159.1169,10.0,5.2,mb,"212 km E of Severo-Kuril’sk, Russia"
2025-07-29T23:52:45.096Z,51.394,159.4668,35.0,4.5,mb,"185 km SSE of Vilyuchinsk, Russia"
2025-07-29T23:51:55.044Z,50.7772,158.3042,38.704,5.0,mb,"149 km ESE of Ozernovskiy, Russia"
2025-07-29T23:51:25.694Z,51.133,160.2137,10.0,4.9,mb,"235 km SSE of Vilyuchinsk, Russia"
2025-07-29T23:50:21.143Z,51.4327,158.2852,35.0,5.4,mb,"124 km E of Ozernovskiy, Russia"
2025-07-29T23:49:16.697Z,52.6478,160.2382,35.0,5.4,mb,"117 km ESE of Petropavlovsk-Kamchatsky, Russia"
2025-07-29T23:49:01.142Z,53.3099,159.2493,19.149,5.1,mb,"49 km ENE of Petropavlovsk-Kamchatsky, Russia"
2025-07-29T23:48:17.525Z,51.7599,160.1586,10.0,5.6,mb,"176 km SE of Vilyuchinsk, Russia"
2025-07-29T23:46:37.801Z,49.4264,156.1591,35.0,5.7,mb,"138 km S of Severo-Kuril’sk, Russia"
2025-07-29T23:45:54.578Z,51.8275,160.1908,10.0,5.0,mb,"172 km SE of Vilyuchinsk, Russia"
2025-07-29T23:45:28.076Z,51.6288,159.6054,10.0,5.4,mb,"166 km SSE of Vilyuchinsk, Russia"
2025-07-29T23:44:54.409Z,50.8173,157.7211,39.461,5.4,mb,"113 km E of Severo-Kuril’sk, Russia"
2025-07-29T23:43:03.665Z,51.5974,159.1555,35.0,5.2,mb,"157 km SSE of Vilyuchinsk, Russia"
2025-07-29T23:40:27.004Z,49.2988,156.5191,10.0,5.7,mb,"155 km S of Severo-Kuril’sk, Russia"
2025-07-29T23:38:56.675Z,51.0614,159.0547,10.0,5.8,mb,"184 km ESE of Ozernovskiy, Russia"
2025-07-29T23:38:28.604Z,52.3144,159.5397,35.0,5.7,mb,"103 km SE of Vilyuchinsk, Russia"
2025-07-29T23:37:34.403Z,51.5092,159.126,35.0,6.0,mb,"165 km SSE of Vilyuchinsk, Russia"
2025-07-29T23:36:01.341Z,51.7541,158.2503,35.0,6.0,mb,"124 km ENE of Ozernovskiy, Russia"
2025-07-29T23:34:53.625Z,51.8593,159.121,35.0,5.9,mb,"128 km SSE of Vilyuchinsk, Russia"
2025-07-29T23:31:25.020Z,53.665,160.4312,42.734,5.9,mb,"137 km ENE of Petropavlovsk-Kamchatsky, Russia"
2025-07-29T23:30:44.566Z,52.6498,159.5787,25.423,6.1,mb,"78 km SE of Petropavlovsk-Kamchatsky, Russia"
2025-07-29T23:30:03.032Z,52.5195,159.7031,16.375,6.3,mb,"94 km SE of Petropavlovsk-Kamchatsky, Russia"
2025-07-29T23:24:52.483Z,52.4948,160.2395,35.0,8.8,mww,"2025 Kamchatka Peninsula, Russia Earthquake"
2025-07-29T23:18:18.760Z,40.768,-125.10633333333,9.22,4.51,mw,"74 km WNW of Ferndale, CA"
2025-07-29T23:05:21.056Z,14.0537,-89.8537,10.0,5.2,mww,"9 km SE of Comapa, Guatemala"
2025-07-29T21:59:47.098Z,7.4423,126.5296,103.392,4.5,mb,"2 km W of San Luis, Philippines"
2025-07-29T21:42:26.973Z,14.0639,-89.9381,10.0,4.8,mb,"5 km SSW of Comapa, Guatemala"
2025-07-29T21:25:23.916Z,14.0663,-89.8711,10.0,5.7,mww,"6 km SE of Comapa, Guatemala"
2025-07-29T21:21:47.885Z,14.0993,-89.791,11.913,5.6,mww,"4 km WNW of Jerez, Guatemala"
2025-07-29T20:36:13.084Z,-23.7033,-66.7788,195.353,4.5,mb,"73 km NW of San Antonio de los Cobres, Argentina"
2025-07-29T19:40:19.872Z,-47.8636,116.0066,10.0,4.5,mb,western Indian-Antarctic Ridge
2025-07-29T19:23:19.801Z,-57.6622,157.525,10.0,4.6,mb,Macquarie Island region
2025-07-29T17:53:40.918Z,-23.4497,178.858,553.0,6.6,mww,south of the Fiji Islands
2025-07-29T17:46:37.267Z,-23.5094,178.9624,550.0,5.8,mww,south of the Fiji Islands
2025-07-29T17:14:14.026Z,9.3982,94.0014,10.0,4.5,mb,"286 km SSE of Port Blair, India"
2025-07-29T16:24:24.857Z,9.3593,93.9247,10.0,4.9,mb,"285 km SSE of Port Blair, India"
2025-07-29T16:11:34.441Z,9.357,93.9629,10.0,5.0,mb,"288 km SSE of Port Blair, India"
2025-07-29T15:47:23.825Z,9.4782,93.9663,10.0,4.8,mww,"276 km SSE of Port Blair, India"
2025-07-29T15:34:33.152Z,22.7101,95.897,10.0,4.6,mb,"25 km NE of Shwebo, Burma (Myanmar)"
2025-07-29T14:59:04.139Z,53.5437,161.963,10.0,4.8,mb,"228 km ENE of Petropavlovsk-Kamchatsky, Russia"
2025-07-29T13:49:28.113Z,-55.8526,-27.2111,81.45,4.6,mb,South Sandwich Islands region
2025-07-29T13:45:48.064Z,-18.1853,167.9304,25.671,4.5,mb,"64 km SW of Port-Vila, Vanuatu"
2025-07-29T12:04:25.042Z,16.5187,41.105,10.0,5.2,mww,"110 km W of Farasān, Saudi Arabia"
2025-07-29T11:31:05.393Z,16.5283,41.2595,10.0,4.7,mb,"93 km WSW of Farasān, Saudi Arabia"
2025-07-29T10:29:08.486Z,-57.9908,158.0373,10.0,4.6,mb,Macquarie Island region
2025-07-29T07:38:27.352Z,48.5218,153.455,121.27,4.6,mb,Kuril Islands
2025-07-29T07:18:04.171Z,13.967,-92.5853,22.359,4.6,mb,"73 km SW of Ocós, Guatemala"
2025-07-29T07:14:17.467Z,-57.9029,157.8923,10.0,5.1,mb,Macquarie Island region
2025-07-29T06:13:50.494Z,-57.7114,157.6615,10.0,4.7,mb,Macquarie Island region
2025-07-29T05:13:45.663Z,-57.6915,157.3496,10.0,4.7,mb,Macquarie Island region
2025-07-29T04:37:52.999Z,14.4811,144.1856,10.0,4.5,mb,"125 km NNW of Piti Village, Guam"
2025-07-29T04:36:59.652Z,-57.7897,157.7542,10.0,4.7,mb,Macquarie Island region
2025-07-29T03:28:29.527Z,-57.7704,157.628,10.0,4.6,mb,Macquarie Island region
2025-07-29T02:47:32.218Z,-57.6378,157.5389,10.0,4.6,mb,Macquarie Island region
2025-07-29T02:41:51.840Z,53.8437,160.997,37.762,4.7,mb,"179 km ENE of Petropavlovsk-Kamchatsky, Russia"
2025-07-29T02:21:28.675Z,-19.564,-176.4719,308.266,4.6,mb,"215 km NW of Houma, Tonga"
2025-07-29T01:43:03.541Z,-31.7668,-69.7166,113.316,4.5,mb,"55 km SSW of Calingasta, Argentina"
2025-07-29T01:19:03.851Z,-57.9903,157.741,10.0,4.5,mb,Macquarie Island region
2025-07-29T01:11:30.968Z,-20.1401,66.3055,10.0,4.8,mb,Mauritius - Reunion region
2025-07-29T01:00:33.414Z,-20.3338,66.2018,10.0,4.7,mb,Mauritius - Reunion region
2025-07-29T00:57:40.054Z,-20.1415,66.4213,10.0,4.5,mb,Mauritius - Reunion region
2025-07-29T00:44:09.871Z,-57.6969,157.4795,33.873,5.1,mb,Macquarie Island region
2025-07-29T00:21:16.655Z,-57.9045,157.8263,33.218,5.4,mb,Macquarie Island region
2025-07-28T23:08:05.280Z,-57.5726,157.7867,32.868,4.8,mb,Macquarie Island region
2025-07-28T22:58:59.483Z,-57.8241,157.5828,10.0,5.0,mb,Macquarie Island region
2025-07-28T22:49:43.542Z,-57.85,157.672,34.726,4.6,mb,Macquarie Island region
2025-07-28T22:48:54.401Z,-57.5946,157.9058,38.39,4.5,mb,Macquarie Island region
2025-07-28T22:43:13.090Z,40.5065,144.9975,10.0,4.5,mb,"243 km SE of Hiroo, Japan"
2025-07-28T22:41:44.500Z,-57.6772,157.9203,16.773,4.9,mb,Macquarie Island region
2025-07-28T22:30:17.322Z,-57.7727,158.171,36.909,4.8,mb,Macquarie Island region
2025-07-28T22:20:41.377Z,-57.8059,157.7149,34.854,5.3,mb,Macquarie Island region
2025-07-28T22:18:44.052Z,-57.7392,157.6493,10.0,5.1,mb,Macquarie Island region
2025-07-28T22:15:20.890Z,-57.9072,157.6187,10.0,5.8,mb,Macquarie Island region
2025-07-28T22:10:35.109Z,-57.605,157.0388,31.0,7.0,mww,Macquarie Island region
2025-07-28T20:55:23.299Z,11.1451,-86.7945,44.034,4.9,mb,"77 km SSW of Masachapa, Nicaragua"
2025-07-28T18:41:50.299Z,6.6907,93.0637,21.0,6.4,mww,"264 km WNW of Sabang, Indonesia"
2025-07-28T15:05:05.926Z,-18.3391,167.6771,10.0,4.9,mb,"94 km SW of Port-Vila, Vanuatu"
2025-07-28T13:38:20.566Z,-3.7409,29.2421,10.0,5.2,mww,"33 km NW of Rumonge, Burundi"
2025-07-28T11:45:03.459Z,52.811,160.611,10.0,5.1,mb,"136 km ESE of Petropavlovsk-Kamchatsky, Russia"
2025-07-28T11:22:35.377Z,-25.9624,-177.1884,113.105,4.6,mb,south of the Fiji Islands
2025-07-28T08:06:07.636Z,15.2311,146.0652,62.592,4.5,mb,"33 km E of Saipan, Northern Mariana Islands"
2025-07-28T08:00:14.316Z,-17.4618,-177.5031,394.174,4.6,mb,Fiji region
2025-07-28T05:30:50.606Z,11.6265,42.7636,10.0,4.5,mb,"14 km NW of Arta, Djibouti"
2025-07-28T05:19:53.081Z,27.4785,52.6021,10.0,4.5,mb,"29 km WSW of Mohr, Iran"
2025-07-28T04:38:59.107Z,-3.1678,130.7028,22.49,4.8,mb,"179 km W of Fakfak, Indonesia"
2025-07-28T03:57:32.843Z,27.3994,52.6368,10.0,4.5,mb,"29 km SW of Mohr, Iran"
2025-07-28T03:54:33.561Z,27.483,52.6537,10.0,5.0,mww,"24 km WSW of Mohr, Iran"
2025-07-28T03:13:59.438Z,53.0958,159.8413,60.141,4.9,mb,"81 km E of Petropavlovsk-Kamchatsky, Russia"
2025-07-28T03:10:28.080Z,42.3044,143.0558,57.999,5.2,mww,"20 km W of Hiroo, Japan"
2025-07-28T01:27:12.904Z,-6.5702,149.0854,56.726,4.6,mb,"65 km SW of Kandrian, Papua New Guinea"
2025-07-28T01:07:44.800Z,-37.7041,178.42,35.0,4.8,mb,"15 km SE of Hicks Bay, New Zealand"
2025-07-27T23:40:01.998Z,64.5425,-17.2733,10.0,5.3,mww,"104 km WNW of Höfn, Iceland"
2025-07-27T22:47:05.173Z,54.0969,-166.602,83.0,5.3,mww,"23 km N of Dutch Harbor, Alaska"
2025-07-27T11:13:42.004Z,38.3902,119.3497,10.0,4.5,mb,"118 km NW of Longgang, China"
2025-07-27T10:37:03.405Z,-29.2807,-71.833,18.954,4.6,mwr,"88 km NNW of Coquimbo, Chile"
2025-07-27T09:37:14.601Z,-60.1114,-18.6513,10.0,5.2,mb,east of the South Sandwich Islands
2025-07-27T09:30:37.512Z,-60.0878,-18.745,10.0,5.6,mww,east of the South Sandwich Islands
2025-07-27T08:39:36.919Z,-3.4009,146.2897,10.0,4.5,mb,"186 km SW of Lorengau, Papua New Guinea"
2025-07-27T08:03:30.143Z,-20.7057,-68.7581,128.91,4.5,mb,"77 km NW of Ollagüe, Chile"
2025-07-27T04:11:40.629Z,-26.8262,-71.0132,22.223,4.7,mwr,"90 km NW of Copiapó, Chile"
2025-07-27T03:19:30.112Z,-29.7222,-176.6496,10.0,4.6,mb,Kermadec Islands region
2025-07-27T03:06:55.199Z,12.4439,-88.7541,35.0,4.8,mb,"95 km SSW of Puerto El Triunfo, El Salvador"
2025-07-27T02:45:26.329Z,-5.697,124.2715,609.233,5.3,mww,"186 km E of Baubau, Indonesia"
2025-07-27T01:11:26.931Z,-59.7085,-22.5681,15.076,4.6,mb,South Sandwich Islands region
2025-07-26T23:09:39.073Z,52.0667,178.2398,135.161,5.1,mww,"Rat Islands, Aleutian Islands, Alaska"
2025-07-26T20:46:50.175Z,-57.7122,157.7679,10.0,5.0,mb,Macquarie Island region
2025-07-26T18:54:23.644Z,52.3235,160.747,10.0,5.0,mb,"165 km ESE of Petropavlovsk-Kamchatsky, Russia"
2025-07-26T17:09:23.894Z,-4.5746,-12.581,10.0,4.6,mb,north of Ascension Island
2025-07-26T16:59:06.732Z,-57.6512,157.7609,10.0,4.7,mb,Macquarie Island region
2025-07-26T16:38:29.704Z,-24.2597,179.3171,532.852,4.6,mb,south of the Fiji Islands
2025-07-26T16:35:43.030Z,27.3722,52.6542,10.0,4.5,mb,"30 km SW of Mohr, Iran"
2025-07-26T16:32:05.277Z,52.9529,161.2282,9.54,4.5,mb,"174 km E of Petropavlovsk-Kamchatsky, Russia"
2025-07-26T16:15:04.546Z,-57.7718,157.7252,17.0,6.2,mww,Macquarie Island region
2025-07-26T12:13:10.016Z,52.4048,160.6361,11.326,4.5,mb,"154 km ESE of Petropavlovsk-Kamchatsky, Russia"
2025-07-26T10:56:39.805Z,9.2305,93.9309,10.0,4.5,mb,"298 km SSE of Port Blair, India"
2025-07-26T10:10:04.342Z,27.4676,52.5955,10.0,4.9,mb,"30 km WSW of Mohr, Iran"
2025-07-26T09:19:56.586Z,29.4902,129.073,10.0,4.5,mb,"126 km NNW of Tatsugō, Japan"
2025-07-26T08:50:41.291Z,-6.4244,103.6124,35.0,4.7,mb,"213 km WSW of Bandar Lampung, Indonesia"
2025-07-26T05:50:35.910Z,52.4376,160.9047,23.423,5.0,mb,"168 km ESE of Petropavlovsk-Kamchatsky, Russia"
2025-07-26T05:31:46.303Z,-0.3955,131.5362,10.0,5.6,mww,"61 km NNE of Sorong, Indonesia"
2025-07-26T05:03:53.539Z,51.6717,178.3992,89.851,5.3,mww,"Rat Islands, Aleutian Islands, Alaska"
2025-07-25T23:57:34.134Z,-48.9486,123.5658,10.0,4.6,mb,western Indian-Antarctic Ridge
2025-07-25T23:15:08.826Z,52.6512,160.3204,10.0,5.0,mb,"122 km ESE of Petropavlovsk-Kamchatsky, Russia"
2025-07-25T22:55:41.483Z,2.0269,126.8751,88.157,4.8,mb,"130 km WNW of Tobelo, Indonesia"
2025-07-25T21:29:58.920Z,2.0241,126.873,80.0,5.8,mww,"130 km WNW of Tobelo, Indonesia"
2025-07-25T17:02:06.261Z,38.2331,103.8304,10.0,4.7,mb,"110 km ENE of Wuwei, China"
2025-07-25T15:46:26.305Z,-6.1896,142.4347,10.0,4.8,mb,"68 km SW of Tari, Papua New Guinea"
2025-07-25T12:57:20.082Z,9.2266,93.6356,132.895,4.9,mb,"286 km SSE of Port Blair, India"
2025-07-25T12:45:55.345Z,-55.3251,146.4375,10.0,5.7,mww,west of Macquarie Island
2025-07-25T11:22:02.292Z,-55.4066,146.5854,10.0,6.2,mww,west of Macquarie Island
2025-07-25T11:13:01.067Z,52.6158,160.694,10.0,5.0,mww,"147 km ESE of Petropavlovsk-Kamchatsky, Russia"
2025-07-25T09:44:33.501Z,18.8435,145.4266,246.909,5.3,mww,"Pagan region, Northern Mariana Islands"
2025-07-25T09:38:27.818Z,15.179,-45.7693,10.0,4.8,mb,northern Mid-Atlantic Ridge
2025-07-25T09:02:58.593Z,-21.4558,169.8375,35.0,4.7,mb,"203 km E of Tadine, New Caledonia"
2025-07-25T05:56:33.696Z,8.9885,126.2206,69.615,4.8,mb,"3 km SSW of Tago, Philippines"
2025-07-25T04:17:33.294Z,-38.3677,178.6045,10.0,4.9,mb,"58 km NE of Wainui, New Zealand"
2025-07-25T03:20:11.338Z,-3.233,101.2736,35.0,5.1,mb,"126 km WNW of Bengkulu, Indonesia"
2025-07-25T02:58:44.421Z,53.0767,161.0744,30.492,4.6,mb,"164 km E of Petropavlovsk-Kamchatsky, Russia"
2025-07-25T02:17:03.141Z,32.7566,129.9934,10.0,4.6,mwr,"10 km E of Nagasaki, Japan"
2025-07-25T02:12:59.858Z,35.8383,111.3104,10.0,4.6,mb,"33 km SW of Linfen, China"
2025-07-25T01:29:02.957Z,37.7163,-18.008,10.0,5.5,mww,Azores-Cape St. Vincent Ridge
2025-07-25T00:22:59.697Z,53.027,161.1634,25.995,4.7,mb,"170 km E of Petropavlovsk-Kamchatsky, Russia"
2025-07-24T23:37:56.601Z,-14.9093,-175.7016,314.151,6.6,mww,"187 km SSE of Mata-Utu, Wallis and Futuna"
2025-07-24T23:27:39.733Z,53.0705,161.261,10.0,4.9,mb,"176 km E of Petropavlovsk-Kamchatsky, Russia"
2025-07-24T22:44:46.805Z,52.9914,161.2738,12.541,4.7,mb,"177 km E of Petropavlovsk-Kamchatsky, Russia"
2025-07-24T22:39:24.305Z,52.9584,161.0863,10.0,5.8,mb,"165 km E of Petropavlovsk-Kamchatsky, Russia"
2025-07-24T22:37:27.147Z,53.0151,161.0626,14.0,6.0,mww,"163 km E of Petropavlovsk-Kamchatsky, Russia"
2025-07-24T19:22:39.525Z,18.1939,145.684,144.0,5.4,mww,"Pagan region, Northern Mariana Islands"
2025-07-24T19:09:46.285Z,52.7532,160.5753,35.0,4.5,mb,"135 km ESE of Petropavlovsk-Kamchatsky, Russia"
2025-07-24T18:33:54.508Z,0.383,125.4483,64.101,4.7,mb,"112 km E of Modisi, Indonesia"
2025-07-24T16:58:22.949Z,-16.2377,-174.0399,73.612,4.6,mb,"40 km SW of Hihifo, Tonga"
2025-07-24T16:37:18.726Z,-4.2084,143.7515,108.0,5.7,mww,"38 km WSW of Angoram, Papua New Guinea"
2025-07-24T14:55:28.414Z,-26.3784,-177.9211,215.374,4.7,mb,south of the Fiji Islands
2025-07-24T14:30:29.229Z,-58.2784,148.7591,10.0,4.6,mb,west of Macquarie Island
2025-07-24T14:07:34.448Z,20.2491,145.2841,10.0,4.6,mb,"Maug Islands region, Northern Mariana Islands"
2025-07-24T13:13:44.789Z,-2.1428,120.7358,10.0,4.6,mb,"64 km NE of Masamba, Indonesia"
2025-07-24T13:08:16.319Z,-2.0235,120.66,10.0,5.6,mww,"69 km NNE of Masamba, Indonesia"
2025-07-24T13:06:57.472Z,-1.9763,120.7566,10.0,5.5,mww,"64 km S of Poso, Indonesia"
2025-07-24T12:14:52.248Z,44.461,148.0664,78.483,4.6,mb,"86 km S of Kuril’sk, Russia"
2025-07-24T12:05:50.988Z,23.0801,94.7964,140.77,4.6,mb,"74 km SSE of Mawlaik, Burma (Myanmar)"
2025-07-24T12:02:49.127Z,-60.9605,-38.8132,10.0,4.9,mb,Scotia Sea
2025-07-24T11:39:18.276Z,52.1296,160.3639,10.0,4.7,mb,"157 km SE of Petropavlovsk-Kamchatsky, Russia"
2025-07-24T08:34:36.949Z,52.2582,160.3396,10.0,5.0,mb,"146 km SE of Petropavlovsk-Kamchatsky, Russia"
2025-07-24T08:33:39.764Z,52.2457,160.2142,35.0,4.5,mb,"140 km SE of Petropavlovsk-Kamchatsky, Russia"
2025-07-24T06:34:54.419Z,-10.8927,166.0672,112.694,5.3,mww,"34 km ESE of Lata, Solomon Islands"
2025-07-24T05:09:11.729Z,52.6665,160.7739,35.0,4.5,mb,"151 km ESE of Petropavlovsk-Kamchatsky, Russia"
2025-07-24T03:25:18.992Z,-20.1311,168.4342,10.0,4.8,mb,"110 km SW of Isangel, Vanuatu"
2025-07-24T00:46:20.620Z,-22.1968,-68.648,106.106,5.2,mww,"40 km NE of Calama, Chile"
2025-07-23T20:50:43.792Z,0.4411,122.0874,142.0,6.3,mww,"109 km W of Gorontalo, Indonesia"
2025-07-23T20:01:31.303Z,52.4804,160.0866,35.446,5.1,mww,"117 km SE of Petropavlovsk-Kamchatsky, Russia"
2025-07-23T19:30:44.637Z,52.1893,160.4547,10.0,4.5,mb,"157 km SE of Petropavlovsk-Kamchatsky, Russia"
2025-07-23T19:27:40.498Z,-3.1424,130.6649,38.4,4.5,mb,"183 km W of Fakfak, Indonesia"
2025-07-23T18:05:30.814Z,52.0852,160.5072,10.0,4.6,mb,"167 km SE of Petropavlovsk-Kamchatsky, Russia"
2025-07-23T15:25:36.719Z,-21.4368,-66.7089,226.33,4.7,mb,"75 km SW of Atocha, Bolivia"
2025-07-23T15:15:52.813Z,44.4963,146.5691,147.488,4.5,mb,"73 km NE of Otrada, Russia"
2025-07-23T14:28:04.015Z,52.8924,161.2734,10.0,4.8,mb,"178 km E of Petropavlovsk-Kamchatsky, Russia"
2025-07-23T13:49:33.940Z,52.0084,160.3053,35.0,4.6,mb,"163 km SE of Petropavlovsk-Kamchatsky, Russia"
2025-07-23T13:26:54.279Z,35.8797,23.5212,65.955,5.1,mww,"44 km NNW of Kolympári, Greece"
2025-07-23T13:17:32.518Z,-47.8804,115.9452,10.0,4.6,mb,western Indian-Antarctic Ridge
2025-07-23T12:13:27.667Z,52.3125,160.5144,11.481,4.6,mb,"152 km SE of Petropavlovsk-Kamchatsky, Russia"
2025-07-23T10:53:52.847Z,3.9851,125.0875,8.304,4.5,mb,"162 km SSW of Sarangani, Philippines"
2025-07-23T10:37:21.715Z,49.3239,82.3489,10.0,5.2,mb,"52 km WSW of Asubulak, Kazakhstan"
2025-07-23T10:21:33.412Z,6.4428,126.0354,135.093,4.5,mb,"8 km WSW of Tiblawan, Philippines"
2025-07-23T10:02:21.981Z,14.5639,53.7975,10.0,5.3,mww,"210 km N of Qalansīyah, Yemen"
2025-07-23T08:25:29.283Z,-2.9867,130.2673,10.0,5.2,mww,"148 km ENE of Masohi, Indonesia"
2025-07-23T08:05:05.222Z,52.5732,160.7526,10.0,4.5,mb,"153 km ESE of Petropavlovsk-Kamchatsky, Russia"
2025-07-23T04:02:19.839Z,8.1346,126.1909,10.0,4.7,mb,"11 km NNE of Santa Maria, Philippines"
2025-07-23T03:59:28.348Z,-19.0881,43.7141,10.0,4.6,mb,"110 km NW of Belo sur Tsiribihina, Madagascar"
2025-07-23T03:24:00.770Z,-23.4563,-179.9105,532.691,5.6,mww,south of the Fiji Islands
2025-07-23T02:19:57.854Z,-7.0898,125.6438,517.463,4.8,mb,"159 km N of Metinaro, Timor Leste"
2025-07-22T23:58:28.346Z,52.8406,160.816,28.0,5.4,mww,"149 km E of Petropavlovsk-Kamchatsky, Russia"
2025-07-22T23:57:59.165Z,-31.1514,-178.6343,60.457,4.6,mb,Kermadec Islands region
2025-07-22T23:22:04.960Z,-28.9838,-112.3195,10.0,4.6,mb,Easter Island region
2025-07-22T22:22:49.612Z,52.2253,160.7007,10.0,4.5,mb,"168 km SE of Petropavlovsk-Kamchatsky, Russia"
2025-07-22T21:34:33.839Z,52.4984,160.5854,10.0,4.6,mb,"146 km ESE of Petropavlovsk-Kamchatsky, Russia"
2025-07-22T20:04:41.377Z,-8.9159,106.0261,10.0,4.9,mww,"220 km SSW of Pelabuhanratu, Indonesia"
2025-07-22T20:00:42.463Z,-12.6601,166.4009,70.742,4.6,mb,"183 km NW of Sola, Vanuatu"
2025-07-22T17:23:57.203Z,7.6469,127.1659,10.0,4.8,mb,"67 km E of Baganga, Philippines"
2025-07-22T15:20:12.061Z,-3.8491,-12.0297,10.0,4.7,mb,north of Ascension Island
2025-07-22T13:43:27.481Z,52.5533,160.7338,28.052,4.9,mww,"152 km ESE of Petropavlovsk-Kamchatsky, Russia"
2025-07-22T13:08:20.765Z,-49.5284,125.495,10.0,4.5,mb,western Indian-Antarctic Ridge
2025-07-22T12:21:01.947Z,52.3861,160.8244,10.0,5.0,mww,"166 km ESE of Petropavlovsk-Kamchatsky, Russia"
2025-07-22T11:51:00.302Z,52.3028,160.4482,45.228,4.7,mb,"149 km SE of Petropavlovsk-Kamchatsky, Russia"
2025-07-22T11:47:17.439Z,52.2071,160.475,27.885,4.9,mb,"157 km SE of Petropavlovsk-Kamchatsky, Russia"
2025-07-22T11:15:12.813Z,52.2027,160.2982,33.387,4.9,mb,"148 km SE of Petropavlovsk-Kamchatsky, Russia"
2025-07-22T11:14:25.756Z,52.3501,160.4936,36.263,4.7,mb,"149 km ESE of Petropavlovsk-Kamchatsky, Russia"
2025-07-22T11:05:12.535Z,51.4749,160.078,10.0,4.5,mb,"198 km SE of Vilyuchinsk, Russia"
2025-07-22T10:25:16.245Z,52.2263,160.477,30.846,4.8,mb,"156 km SE of Petropavlovsk-Kamchatsky, Russia"
2025-07-22T08:40:13.254Z,-7.8025,118.8538,38.505,5.0,mb,"74 km N of Bima, Indonesia"
2025-07-22T08:25:40.742Z,52.5445,160.4283,35.0,4.5,mb,"134 km ESE of Petropavlovsk-Kamchatsky, Russia"
2025-07-22T08:25:18.298Z,54.5585,-159.7533,40.785,4.8,mb,"98 km SSE of Sand Point, Alaska"
2025-07-22T08:18:14.707Z,52.4684,160.47,10.0,5.0,mb,"140 km ESE of Petropavlovsk-Kamchatsky, Russia"
2025-07-22T07:59:23.934Z,-57.9569,-10.5137,10.0,4.6,mb,east of the South Sandwich Islands
2025-07-22T06:38:16.286Z,-4.688,-12.4335,10.0,5.1,mb,north of Ascension Island
2025-07-22T05:38:24.404Z,-4.7483,69.0774,10.0,4.5,mb,Chagos Archipelago region
2025-07-22T05:23:30.955Z,51.7688,160.4012,10.0,4.6,mb,"187 km SE of Vilyuchinsk, Russia"
2025-07-22T05:09:28.534Z,52.9016,160.8517,10.0,5.0,mb,"150 km E of Petropavlovsk-Kamchatsky, Russia"
2025-07-22T05:06:22.461Z,61.1314,-28.1208,10.0,4.5,mb,Iceland region
2025-07-22T05:04:08.123Z,-4.827,68.7987,10.0,5.5,mww,Chagos Archipelago region
2025-07-22T02:49:59.643Z,52.5869,160.6429,10.0,4.9,mb,"145 km ESE of Petropavlovsk-Kamchatsky, Russia"
2025-07-22T02:47:58.577Z,52.5398,160.7671,10.0,4.5,mb,"155 km ESE of Petropavlovsk-Kamchatsky, Russia"
2025-07-22T02:39:31.341Z,52.5535,160.6703,10.0,4.8,mb,"148 km ESE of Petropavlovsk-Kamchatsky, Russia"
2025-07-22T02:34:06.787Z,52.6315,160.625,10.0,5.0,mb,"142 km ESE of Petropavlovsk-Kamchatsky, Russia"
2025-07-22T02:20:47.947Z,52.5336,160.5765,29.249,4.6,mb,"144 km ESE of Petropavlovsk-Kamchatsky, Russia"
2025-07-22T02:14:05.164Z,52.5047,160.5991,24.004,4.6,mb,"146 km ESE of Petropavlovsk-Kamchatsky, Russia"
2025-07-22T02:10:07.884Z,52.5234,160.7272,10.0,4.7,mb,"153 km ESE of Petropavlovsk-Kamchatsky, Russia"
2025-07-22T02:07:37.582Z,52.429,160.7348,10.0,5.3,mb,"158 km ESE of Petropavlovsk-Kamchatsky, Russia"
2025-07-22T02:05:45.809Z,52.2902,160.5002,10.0,4.9,mb,"153 km SE of Petropavlovsk-Kamchatsky, Russia"
2025-07-22T02:04:45.321Z,52.598,161.0609,10.0,4.7,mb,"171 km ESE of Petropavlovsk-Kamchatsky, Russia"
2025-07-22T01:59:28.404Z,52.4133,160.6453,12.308,6.0,mww,"154 km ESE of Petropavlovsk-Kamchatsky, Russia"
2025-07-22T01:58:57.357Z,52.5395,160.7864,10.0,5.3,mb,"156 km ESE of Petropavlovsk-Kamchatsky, Russia"
2025-07-21T22:57:16.446Z,-4.3346,-12.1798,10.0,4.9,mb,north of Ascension Island
2025-07-21T22:35:17.072Z,-5.465,150.9384,103.873,4.6,mb,"89 km E of Kimbe, Papua New Guinea"
2025-07-21T22:18:58.993Z,-4.061,-12.0098,10.0,4.5,mb,north of Ascension Island
2025-07-21T21:41:04.657Z,-48.5895,124.7217,10.0,4.5,mb,western Indian-Antarctic Ridge
2025-07-21T20:50:29.022Z,-4.5098,-12.5439,10.0,4.5,mb,north of Ascension Island
2025-07-21T19:07:19.999Z,51.2679,179.5187,49.643,5.0,mb,"275 km WSW of Adak, Alaska"
2025-07-21T18:58:56.771Z,52.4463,160.4617,10.0,4.5,mb,"141 km ESE of Petropavlovsk-Kamchatsky, Russia"
2025-07-21T18:21:57.311Z,52.3014,160.3121,10.0,4.7,mb,"142 km SE of Petropavlovsk-Kamchatsky, Russia"
2025-07-21T18:00:56.801Z,11.0639,93.0478,92.727,4.5,mb,"74 km SSE of Port Blair, India"
2025-07-21T17:13:46.086Z,52.4339,160.2523,37.376,4.9,mb,"130 km ESE of Petropavlovsk-Kamchatsky, Russia"
2025-07-21T17:05:54.993Z,52.8952,161.3822,10.0,4.8,mb,"185 km E of Petropavlovsk-Kamchatsky, Russia"
2025-07-21T16:56:26.769Z,52.2207,160.4644,10.0,4.8,mb,"155 km SE of Petropavlovsk-Kamchatsky, Russia"
2025-07-21T16:50:42.669Z,52.1396,160.3689,26.619,5.0,mb,"156 km SE of Petropavlovsk-Kamchatsky, Russia"
2025-07-21T16:41:07.858Z,-5.8623,146.6039,94.0,5.8,mww,"94 km ENE of Kainantu, Papua New Guinea"
2025-07-21T16:23:57.804Z,52.1008,160.2641,10.0,4.9,mb,"154 km SE of Petropavlovsk-Kamchatsky, Russia"
2025-07-21T16:20:15.431Z,52.7939,160.5948,10.0,5.1,mww,"135 km ESE of Petropavlovsk-Kamchatsky, Russia"
2025-07-21T16:03:34.200Z,-41.195,-89.1036,10.0,4.8,mb,southeast of Easter Island
2025-07-21T15:29:09.143Z,52.3702,160.811,6.954,4.9,mb,"166 km ESE of Petropavlovsk-Kamchatsky, Russia"
2025-07-21T15:14:20.671Z,52.4567,160.6495,17.555,5.2,mww,"152 km ESE of Petropavlovsk-Kamchatsky, Russia"
2025-07-21T15:01:14.533Z,60.9532,-28.0169,10.0,4.7,mb,Reykjanes Ridge
2025-07-21T14:37:19.732Z,52.2589,160.7648,10.0,5.0,mb,"170 km ESE of Petropavlovsk-Kamchatsky, Russia"
2025-07-21T14:33:44.991Z,52.8633,160.876,10.0,5.0,mww,"152 km E of Petropavlovsk-Kamchatsky, Russia"
2025-07-21T14:13:36.637Z,10.3866,121.8794,10.0,4.7,mb,"11 km WSW of Magdalena, Philippines"
2025-07-21T13:47:00.850Z,51.6158,160.3107,10.0,4.5,mb,"195 km SE of Vilyuchinsk, Russia"
2025-07-21T13:46:56.828Z,52.319,160.5494,29.898,4.5,mb,"154 km ESE of Petropavlovsk-Kamchatsky, Russia"
2025-07-21T13:16:07.328Z,52.7504,160.516,29.234,4.5,mb,"131 km ESE of Petropavlovsk-Kamchatsky, Russia"
2025-07-21T12:43:59.333Z,52.2595,160.4218,34.082,4.9,mb,"150 km SE of Petropavlovsk-Kamchatsky, Russia"
2025-07-21T12:23:15.478Z,52.1887,160.7792,10.0,4.5,mb,"175 km SE of Petropavlovsk-Kamchatsky, Russia"
2025-07-21T12:17:47.523Z,52.5285,160.6027,10.0,4.5,mb,"145 km ESE of Petropavlovsk-Kamchatsky, Russia"
2025-07-21T11:27:36.264Z,52.9218,160.7749,10.0,4.5,mb,"145 km E of Petropavlovsk-Kamchatsky, Russia"
2025-07-21T11:25:58.792Z,52.5726,160.2884,34.87,4.5,mb,"124 km ESE of Petropavlovsk-Kamchatsky, Russia"
2025-07-21T11:21:26.505Z,52.2697,160.473,10.0,4.7,mb,"152 km SE of Petropavlovsk-Kamchatsky, Russia"
2025-07-21T11:17:09.199Z,52.6585,160.7935,35.0,4.5,mb,"152 km ESE of Petropavlovsk-Kamchatsky, Russia"
2025-07-21T11:02:17.288Z,52.6072,160.4617,35.0,4.6,mb,"133 km ESE of Petropavlovsk-Kamchatsky, Russia"
2025-07-21T10:36:30.171Z,52.2504,160.3168,10.0,5.2,mww,"145 km SE of Petropavlovsk-Kamchatsky, Russia"
2025-07-21T10:35:09.363Z,52.299,160.5772,10.0,4.9,mb,"156 km ESE of Petropavlovsk-Kamchatsky, Russia"
2025-07-21T10:25:14.191Z,52.5046,160.5912,37.794,5.2,mww,"146 km ESE of Petropavlovsk-Kamchatsky, Russia"
2025-07-21T10:18:00.628Z,52.2399,160.4176,10.0,4.8,mb,"151 km SE of Petropavlovsk-Kamchatsky, Russia"
2025-07-21T09:53:59.650Z,23.716,121.295,0.0,4.9,ms_vx,"42 km SW of Hualien City, Taiwan"
2025-07-21T08:45:08.008Z,52.1426,160.4155,10.0,4.6,mb,"158 km SE of Petropavlovsk-Kamchatsky, Russia"
2025-07-21T08:42:35.018Z,52.1837,160.4573,25.466,4.9,mb,"157 km SE of Petropavlovsk-Kamchatsky, Russia"
2025-07-21T07:08:13.143Z,52.3541,160.9316,10.0,5.0,mb,"174 km ESE of Petropavlovsk-Kamchatsky, Russia"
2025-07-21T06:11:33.728Z,52.2858,160.5623,11.31,4.8,mb,"156 km SE of Petropavlovsk-Kamchatsky, Russia"
2025-07-21T05:49:18.600Z,52.5145,160.8117,8.71,4.6,mb,"159 km ESE of Petropavlovsk-Kamchatsky, Russia"
2025-07-21T04:50:28.587Z,0.0302,123.2062,159.926,4.9,mb,"58 km SSE of Gorontalo, Indonesia"
2025-07-21T02:55:57.753Z,15.5563,-47.1137,10.0,4.5,mb,northern Mid-Atlantic Ridge
2025-07-21T01:37:05.666Z,-19.5757,-68.9497,122.804,4.5,mb,"46 km SW of Colchane, Chile"
2025-07-21T00:11:18.167Z,52.8006,161.064,10.0,4.5,mb,"166 km E of Petropavlovsk-Kamchatsky, Russia"
2025-07-20T23:53:14.171Z,52.9902,161.0303,10.0,4.5,mb,"161 km E of Petropavlovsk-Kamchatsky, Russia"
2025-07-20T23:44:29.772Z,52.382,160.1014,10.0,4.7,mb,"125 km SE of Petropavlovsk-Kamchatsky, Russia"
2025-07-20T23:10:08.625Z,52.8666,161.03,10.0,5.1,mb,"162 km E of Petropavlovsk-Kamchatsky, Russia"
2025-07-20T22:28:00.041Z,54.6051,-159.8382,40.0,6.2,mww,"91 km SSE of Sand Point, Alaska"
2025-07-20T21:19:06.209Z,52.5892,160.78,10.0,4.6,mb,"154 km ESE of Petropavlovsk-Kamchatsky, Russia"
2025-07-20T20:51:54.195Z,-4.892,152.3166,56.068,4.9,mb,"60 km S of Kokopo, Papua New Guinea"
2025-07-20T20:49:55.971Z,53.1494,160.6917,10.0,4.7,mb,"138 km E of Petropavlovsk-Kamchatsky, Russia"
2025-07-20T20:31:26.551Z,52.472,160.4989,26.558,5.1,mww,"142 km ESE of Petropavlovsk-Kamchatsky, Russia"
2025-07-20T19:51:08.674Z,52.9609,160.7587,10.0,4.9,mb,"143 km E of Petropavlovsk-Kamchatsky, Russia"
2025-07-20T18:41:17.740Z,-56.7459,-26.9389,138.477,4.9,mb,South Sandwich Islands region
2025-07-20T18:20:33.723Z,52.9365,161.177,10.0,4.6,mb,"171 km E of Petropavlovsk-Kamchatsky, Russia"
2025-07-20T18:00:26.874Z,52.3476,160.5712,27.555,4.8,mb,"153 km ESE of Petropavlovsk-Kamchatsky, Russia"
2025-07-20T17:37:05.071Z,52.3119,160.7523,7.749,5.3,mww,"166 km ESE of Petropavlovsk-Kamchatsky, Russia"
2025-07-20T17:34:52.911Z,52.8743,160.899,10.0,4.6,mb,"154 km E of Petropavlovsk-Kamchatsky, Russia"
2025-07-20T17:22:55.545Z,52.3284,160.6169,10.0,4.5,mb,"157 km ESE of Petropavlovsk-Kamchatsky, Russia"
2025-07-20T17:10:20.329Z,52.8429,160.5055,10.0,5.5,mww,"128 km ESE of Petropavlovsk-Kamchatsky, Russia"
2025-07-20T17:09:44.595Z,52.7654,160.6993,10.0,5.1,mb,"143 km ESE of Petropavlovsk-Kamchatsky, Russia"
2025-07-20T16:44:02.978Z,52.5535,160.9023,10.0,4.5,mb,"163 km ESE of Petropavlovsk-Kamchatsky, Russia"
2025-07-20T16:40:57.597Z,9.169,126.2239,67.09,4.8,mb,"6 km ESE of Mabahin, Philippines"
2025-07-20T16:26:36.912Z,52.7985,160.6553,10.0,4.5,mb,"139 km ESE of Petropavlovsk-Kamchatsky, Russia"
2025-07-20T16:24:09.118Z,52.9406,160.7209,10.0,4.9,mb,"141 km E of Petropavlovsk-Kamchatsky, Russia"
2025-07-20T16:13:57.986Z,52.4136,160.5695,10.0,5.2,mb,"149 km ESE of Petropavlovsk-Kamchatsky, Russia"
2025-07-20T15:44:32.940Z,52.2923,160.6074,10.0,5.2,mb,"159 km ESE of Petropavlovsk-Kamchatsky, Russia"
2025-07-20T15:43:17.208Z,52.7306,160.6623,10.0,5.1,mb,"141 km ESE of Petropavlovsk-Kamchatsky, Russia"
2025-07-20T15:32:26.370Z,52.404,160.49,10.0,5.2,mb,"145 km ESE of Petropavlovsk-Kamchatsky, Russia"
2025-07-20T15:16:44.043Z,52.8886,160.7292,10.0,4.6,mb,"142 km E of Petropavlovsk-Kamchatsky, Russia"
2025-07-20T15:03:50.321Z,52.611,160.5691,10.0,5.0,mb,"140 km ESE of Petropavlovsk-Kamchatsky, Russia"
2025-07-20T14:59:16.094Z,52.7837,161.2096,10.0,4.5,mb,"176 km E of Petropavlovsk-Kamchatsky, Russia"
2025-07-20T14:49:46.382Z,52.3215,160.4911,10.0,4.7,mb,"150 km SE of Petropavlovsk-Kamchatsky, Russia"
2025-07-20T14:01:12.711Z,52.5616,160.7597,10.0,4.5,mb,"154 km ESE of Petropavlovsk-Kamchatsky, Russia"
2025-07-20T13:54:31.995Z,52.5213,160.7646,10.0,4.7,mb,"156 km ESE of Petropavlovsk-Kamchatsky, Russia"
2025-07-20T12:59:32.791Z,52.8794,160.8061,10.0,4.5,mb,"147 km E of Petropavlovsk-Kamchatsky, Russia"
2025-07-20T12:36:23.768Z,-22.8648,-68.8907,102.385,4.5,mb,"45 km S of Calama, Chile"
2025-07-20T11:20:48.122Z,52.544,160.7502,10.0,4.5,mb,"154 km ESE of Petropavlovsk-Kamchatsky, Russia"
2025-07-20T10:24:46.870Z,52.6537,160.9446,10.0,4.5,mb,"162 km ESE of Petropavlovsk-Kamchatsky, Russia"
2025-07-20T10:03:40.371Z,52.8893,160.8106,10.0,5.2,mb,"147 km E of Petropavlovsk-Kamchatsky, Russia"
2025-07-20T09:34:46.276Z,52.9141,160.666,10.0,4.7,mb,"137 km E of Petropavlovsk-Kamchatsky, Russia"
2025-07-20T09:30:53.694Z,52.653,160.6257,10.0,5.1,mb,"142 km ESE of Petropavlovsk-Kamchatsky, Russia"
2025-07-20T09:29:03.112Z,52.847,160.457,10.0,4.5,mb,"125 km ESE of Petropavlovsk-Kamchatsky, Russia"
2025-07-20T09:04:59.478Z,2.1834,126.7417,46.517,4.6,mb,"149 km WNW of Tobelo, Indonesia"
2025-07-20T08:43:10.836Z,52.8555,160.7567,10.0,4.5,mb,"144 km E of Petropavlovsk-Kamchatsky, Russia"
2025-07-20T08:31:00.521Z,-29.2558,-112.2399,10.0,5.2,mb,Easter Island region
2025-07-20T08:02:32.067Z,-0.0062,123.6712,139.433,4.5,mb,"90 km SE of Gorontalo, Indonesia"
2025-07-20T08:02:08.785Z,52.9883,160.5348,10.0,4.8,mb,"128 km E of Petropavlovsk-Kamchatsky, Russia"
2025-07-20T08:01:30.836Z,52.6215,160.791,10.0,4.7,mb,"153 km ESE of Petropavlovsk-Kamchatsky, Russia"
2025-07-20T07:56:59.537Z,52.8692,160.7137,10.0,4.7,mb,"141 km E of Petropavlovsk-Kamchatsky, Russia"
2025-07-20T07:53:24.391Z,52.8795,160.7762,10.0,5.0,mb,"145 km E of Petropavlovsk-Kamchatsky, Russia"
2025-07-20T07:42:13.318Z,52.7787,160.924,10.0,4.6,mb,"157 km ESE of Petropavlovsk-Kamchatsky, Russia"
2025-07-20T07:40:07.904Z,52.6742,160.6953,10.0,4.7,mb,"145 km ESE of Petropavlovsk-Kamchatsky, Russia"
2025-07-20T07:37:50.620Z,52.583,159.8435,35.0,4.6,mb,"97 km ESE of Petropavlovsk-Kamchatsky, Russia"
2025-07-20T07:37:34.760Z,52.8614,160.8778,29.485,4.6,mb,"152 km E of Petropavlovsk-Kamchatsky, Russia"
2025-07-20T07:37:17.162Z,52.4512,160.7626,10.0,4.7,mb,"159 km ESE of Petropavlovsk-Kamchatsky, Russia"
2025-07-20T07:36:27.534Z,52.9122,161.0131,10.0,4.8,mb,"161 km E of Petropavlovsk-Kamchatsky, Russia"
2025-07-20T07:36:16.060Z,52.6312,160.6671,30.242,4.5,mb,"145 km ESE of Petropavlovsk-Kamchatsky, Russia"
2025-07-20T07:35:58.493Z,52.9454,160.7222,38.568,4.6,mb,"141 km E of Petropavlovsk-Kamchatsky, Russia"
2025-07-20T07:32:58.120Z,52.6221,161.0414,10.0,4.8,mb,"169 km ESE of Petropavlovsk-Kamchatsky, Russia"
2025-07-20T07:32:39.121Z,52.6408,160.6954,10.0,4.7,mb,"147 km ESE of Petropavlovsk-Kamchatsky, Russia"
2025-07-20T07:26:17.432Z,52.9657,161.0597,10.0,5.9,mb,"163 km E of Petropavlovsk-Kamchatsky, Russia"
2025-07-20T07:23:02.065Z,52.8915,160.7461,34.991,6.5,mww,"143 km E of Petropavlovsk-Kamchatsky, Russia"
2025-07-20T07:20:07.212Z,52.4701,160.8263,35.0,4.8,mb,"162 km ESE of Petropavlovsk-Kamchatsky, Russia"
2025-07-20T07:18:55.094Z,52.8847,160.7586,10.0,5.3,mb,"144 km E of Petropavlovsk-Kamchatsky, Russia"
2025-07-20T07:12:58.030Z,52.7333,160.9824,10.0,5.7,mb,"162 km ESE of Petropavlovsk-Kamchatsky, Russia"
2025-07-20T07:09:47.134Z,52.8415,161.0175,10.0,5.6,mb,"162 km E of Petropavlovsk-Kamchatsky, Russia"
2025-07-20T07:07:42.573Z,52.6981,160.8332,10.0,6.6,mww,"153 km ESE of Petropavlovsk-Kamchatsky, Russia"
2025-07-20T07:06:22.946Z,52.6878,160.4527,10.0,5.2,mb,"129 km ESE of Petropavlovsk-Kamchatsky, Russia"
2025-07-20T07:05:46.243Z,52.8221,160.7552,10.0,4.6,mb,"145 km ESE of Petropavlovsk-Kamchatsky, Russia"
2025-07-20T07:04:27.093Z,52.7286,160.5232,10.0,4.8,mb,"132 km ESE of Petropavlovsk-Kamchatsky, Russia"
2025-07-20T07:03:17.905Z,52.8032,160.7971,10.0,4.8,mb,"148 km ESE of Petropavlovsk-Kamchatsky, Russia"
2025-07-20T07:02:09.059Z,52.8616,160.7938,10.0,5.2,mb,"147 km E of Petropavlovsk-Kamchatsky, Russia"
2025-07-20T06:57:59.956Z,52.5592,160.812,10.0,5.3,mb,"157 km ESE of Petropavlovsk-Kamchatsky, Russia"
2025-07-20T06:56:03.710Z,52.6641,160.7552,10.0,5.6,mb,"150 km ESE of Petropavlovsk-Kamchatsky, Russia"
2025-07-20T06:49:04.327Z,52.8301,160.6816,34.0,7.4,mww,"2025 Eastern Kamchatka, Russia Earthquake"
2025-07-20T06:44:37.105Z,52.7983,160.5959,10.0,4.7,mb,"135 km ESE of Petropavlovsk-Kamchatsky, Russia"
2025-07-20T06:39:20.529Z,52.8563,160.7139,10.0,4.6,mb,"142 km E of Petropavlovsk-Kamchatsky, Russia"
2025-07-20T06:37:33.429Z,53.0009,160.6658,35.0,4.6,mb,"136 km E of Petropavlovsk-Kamchatsky, Russia"
2025-07-20T06:31:28.528Z,52.846,160.9248,10.0,5.2,mb,"156 km E of Petropavlovsk-Kamchatsky, Russia"
2025-07-20T06:28:17.860Z,52.9286,160.6233,23.0,6.6,mww,"134 km E of Petropavlovsk-Kamchatsky, Russia"
2025-07-20T06:05:31.537Z,-22.7672,169.973,10.0,4.7,mb,"254 km ESE of Tadine, New Caledonia"
2025-07-20T06:02:51.862Z,52.9166,160.7435,19.179,5.0,mb,"143 km E of Petropavlovsk-Kamchatsky, Russia"
2025-07-20T05:45:33.448Z,19.6495,121.5052,45.853,5.5,mww,"100 km SSW of Basco, Philippines"
2025-07-20T05:14:00.002Z,13.2889,-90.9944,11.649,4.5,mb,"73 km SSW of Puerto San José, Guatemala"
2025-07-20T04:01:31.531Z,-0.2772,132.4382,10.336,4.5,mb,"58 km N of Fef, Indonesia"
2025-07-20T03:58:51.353Z,54.5692,-160.1228,40.25,4.7,mwr,"88 km SSE of Sand Point, Alaska"
2025-07-20T03:35:32.987Z,3.228,-31.277,10.0,4.5,mb,central Mid-Atlantic Ridge
2025-07-20T02:43:12.565Z,-46.2484,-75.5636,10.0,4.5,mb,"230 km WSW of Puerto Chacabuco, Chile"
2025-07-20T01:34:13.374Z,28.8711,129.9377,10.0,4.5,mb,"57 km NE of Tatsugō, Japan"
2025-07-20T00:29:16.550Z,8.2335,127.5108,10.0,4.7,mb,"118 km E of Barcelona, Philippines"
2025-07-19T23:45:50.061Z,-24.388,-176.0835,10.0,4.5,mb,south of the Fiji Islands
2025-07-19T21:37:47.538Z,36.821,54.9294,10.0,5.1,mww,"30 km E of Qarnābād, Iran"
2025-07-19T21:26:39.667Z,8.2601,-102.9954,10.0,5.2,mww,northern East Pacific Rise
2025-07-19T20:49:51.725Z,-15.2168,-173.3241,10.0,4.5,mb,"96 km NNE of Hihifo, Tonga"
2025-07-19T16:25:20.575Z,8.1924,127.5937,10.0,5.4,mww,"127 km ENE of Kinablangan, Philippines"
2025-07-19T15:55:07.768Z,8.3465,-103.0158,10.0,5.6,mww,northern East Pacific Rise
2025-07-19T15:28:45.340Z,8.515,-102.8357,10.0,5.4,mww,northern East Pacific Rise
2025-07-19T14:41:08.722Z,14.8244,-94.1944,35.789,4.5,mb,"126 km SSW of Manuel Ávila Camacho (Ponte Duro), Mexico"
2025-07-19T11:53:20.504Z,33.0832,90.0677,10.0,4.5,mb,"258 km NW of Nagqu, China"
2025-07-19T07:58:23.494Z,19.8204,121.3394,41.517,4.7,mb,"95 km SW of Basco, Philippines"
2025-07-19T06:53:41.553Z,-0.6856,123.1922,10.0,5.0,mww,"53 km ENE of Luwuk, Indonesia"
2025-07-19T06:41:55.070Z,19.7893,121.3766,40.045,4.7,mb,"95 km SW of Basco, Philippines"
2025-07-19T06:20:17.524Z,-21.1742,-175.5954,125.013,4.5,mb,"30 km W of Houma, Tonga"
2025-07-19T04:28:21.974Z,-56.1936,-28.0196,118.051,5.0,mb,South Sandwich Islands region
2025-07-19T03:18:14.007Z,14.1868,-92.9772,10.0,4.9,mww,"84 km SW of Puerto Madero, Mexico"
2025-07-19T01:58:43.536Z,-27.4168,-175.1232,10.0,5.0,mb,Kermadec Islands region
2025-07-19T01:34:46.375Z,19.8236,121.3136,28.962,5.3,mww,"97 km SW of Basco, Philippines"
2025-07-18T23:19:26.678Z,14.1458,-93.0676,10.0,4.9,mww,"94 km SW of Puerto Madero, Mexico"
2025-07-18T22:35:32.512Z,26.1022,128.4489,10.0,4.5,mb,"62 km ESE of Katsuren-haebaru, Japan"
2025-07-18T22:12:06.310Z,-19.2671,-177.6451,596.72,4.5,mb,Fiji region
2025-07-18T17:14:05.442Z,2.1265,126.699,50.669,4.7,mb,"152 km WNW of Tobelo, Indonesia"
2025-07-18T17:12:20.976Z,-19.8195,169.8249,10.0,4.6,mb,"64 km ESE of Isangel, Vanuatu"
2025-07-18T17:00:14.392Z,-56.9407,-67.1374,10.0,4.6,mb,"248 km SSE of Ushuaia, Argentina"
2025-07-18T16:16:42.915Z,-27.8088,-66.3085,143.072,4.7,mb,"25 km S of Andalgalá, Argentina"
2025-07-18T14:56:41.717Z,-51.5341,138.8301,10.0,4.5,mb,western Indian-Antarctic Ridge
2025-07-18T14:33:07.225Z,-5.5697,147.1227,181.98,4.7,mb,"128 km N of Lae, Papua New Guinea"
2025-07-18T11:27:33.204Z,-23.1187,172.1235,10.0,5.3,mww,southeast of the Loyalty Islands
2025-07-18T11:15:16.671Z,14.6227,55.9407,10.0,5.2,mww,Owen Fracture Zone region
2025-07-18T10:17:53.304Z,-19.1082,169.6775,10.0,5.1,mww,"63 km NE of Isangel, Vanuatu"
2025-07-18T10:04:58.582Z,-14.7822,167.3962,132.752,4.5,mb,"45 km NE of Port-Olry, Vanuatu"
2025-07-18T09:58:32.338Z,33.071,131.4406,102.665,4.5,mb,"12 km NNE of Takedamachi, Japan"
2025-07-18T09:30:03.349Z,22.6707,95.9569,10.0,5.1,mww,"28 km ENE of Shwebo, Burma (Myanmar)"
2025-07-18T09:19:12.108Z,27.7547,139.7373,490.607,5.1,mww,"Bonin Islands, Japan region"
2025-07-18T07:23:45.804Z,-23.6893,179.9095,514.058,4.5,mb,south of the Fiji Islands
2025-07-18T06:49:17.349Z,13.0165,-90.9706,10.0,5.1,mww,"102 km S of Puerto San José, Guatemala"
2025-07-18T06:28:08.867Z,8.4441,58.5586,10.0,5.3,mww,Carlsberg Ridge
2025-07-18T04:59:25.474Z,-15.0289,-177.5036,10.0,4.6,mb,"102 km SE of Alo, Wallis and Futuna"
2025-07-18T04:51:30.392Z,8.2715,58.4983,10.0,5.0,mww,Carlsberg Ridge
2025-07-18T04:46:33.225Z,36.8773,54.8561,10.0,4.6,mb,"24 km ENE of Qarnābād, Iran"
2025-07-18T03:43:15.066Z,4.5776,125.015,10.0,4.5,mb,"103 km SSW of Sarangani, Philippines"
2025-07-18T02:49:11.649Z,-12.4119,166.4326,35.0,4.9,mb,"199 km SSE of Lata, Solomon Islands"
2025-07-18T02:26:03.745Z,-24.5576,-179.7019,479.142,4.5,mb,south of the Fiji Islands
2025-07-17T23:59:34.039Z,-1.9653,117.4942,10.0,4.6,mb,"106 km SE of Balikpapan, Indonesia"
2025-07-17T20:31:30.957Z,-24.2908,-69.552,83.535,5.1,mww,"111 km SE of Antofagasta, Chile"
2025-07-17T19:02:12.403Z,-0.1668,99.3304,65.856,5.2,mb,"101 km WNW of Pariaman, Indonesia"
2025-07-17T18:44:10.401Z,41.2125,142.9725,45.06,4.8,mb,"101 km S of Honchō, Japan"
2025-07-17T17:44:08.921Z,-29.2135,-13.6651,10.0,4.9,mb,southern Mid-Atlantic Ridge
2025-07-17T17:05:20.786Z,-35.0456,-178.4819,10.0,4.5,mb,east of the North Island of New Zealand
2025-07-17T17:04:55.400Z,-6.6323,129.939,125.45,4.8,mb,Banda Sea
2025-07-17T16:04:20.352Z,-62.5712,166.9254,10.0,5.1,mww,Balleny Islands region
2025-07-17T14:14:27.573Z,-21.1421,-179.0095,638.859,4.7,mb,Fiji region
2025-07-17T11:25:52.510Z,-6.0852,142.6566,10.0,4.9,mb,"41 km SW of Tari, Papua New Guinea"
2025-07-17T09:07:55.679Z,-20.4628,-178.2959,561.719,4.8,mb,Fiji region
2025-07-17T09:04:25.461Z,-10.1195,119.1925,24.0,5.6,mww,"76 km S of Tambolaka, Indonesia"
2025-07-17T08:03:31.119Z,25.7982,125.8179,88.955,4.8,mb,"121 km NNE of Hirara, Japan"
2025-07-17T07:57:57.420Z,-24.2938,-175.6366,37.867,5.0,mb,south of Tonga
2025-07-17T07:56:26.560Z,-23.8696,170.2865,10.0,4.6,mb,southeast of the Loyalty Islands
2025-07-17T07:54:20.651Z,23.3928,94.3928,93.83,4.6,mb,"27 km S of Mawlaik, Burma (Myanmar)"
2025-07-17T07:15:34.781Z,-24.2993,-175.7043,31.869,5.1,mb,south of Tonga
2025-07-17T06:46:16.765Z,2.7147,-31.2289,10.0,4.5,mb,central Mid-Atlantic Ridge
2025-07-17T06:22:03.050Z,36.1881,69.0821,10.0,4.7,mb,"14 km NNW of Nahrīn, Afghanistan"
2025-07-17T04:30:37.038Z,54.5012,-160.1181,35.0,5.6,mww,"96 km SSE of Sand Point, Alaska"
2025-07-17T02:09:43.868Z,54.6162,-160.0357,35.0,5.2,mwr,"85 km SSE of Sand Point, Alaska"
2025-07-17T01:12:21.887Z,54.5747,-160.2217,36.468,5.1,mwr,"86 km SSE of Sand Point, Alaska"
2025-07-17T00:36:34.240Z,-18.9684,167.5432,10.0,4.9,mb,"158 km SSW of Port-Vila, Vanuatu"
2025-07-16T22:10:49.007Z,54.4357,-160.1583,20.875,5.2,mb,"102 km SSE of Sand Point, Alaska"
2025-07-16T21:40:03.027Z,54.4454,-160.3182,19.807,4.5,mb,"99 km S of Sand Point, Alaska"
2025-07-16T20:42:15.037Z,54.5973,-159.8086,43.905,5.4,mb,"93 km SSE of Sand Point, Alaska"
2025-07-16T20:37:41.667Z,54.5652,-160.4689,38.0,7.3,mww,"2025 Sand Point, Alaska Earthquake"
2025-07-16T17:17:20.008Z,0.0511,123.3452,140.121,4.5,mb,"62 km SSE of Gorontalo, Indonesia"
2025-07-16T16:51:34.982Z,-53.9769,-1.7298,10.0,4.5,mb,Bouvet Island region
2025-07-16T16:35:48.583Z,-29.7141,-13.6047,10.0,4.6,mb,southern Mid-Atlantic Ridge
2025-07-16T16:35:38.384Z,-17.2873,-177.093,383.261,4.6,mb,Fiji region
2025-07-16T16:02:01.151Z,-7.3356,127.6745,10.0,5.0,mb,"150 km NNE of Lospalos, Timor Leste"
2025-07-16T14:21:52.330Z,52.1732,-173.3679,69.829,5.0,mww,"57 km E of Atka, Alaska"
2025-07-16T12:52:32.881Z,-59.7372,-26.4457,98.872,5.2,mb,South Sandwich Islands region
2025-07-16T12:42:47.470Z,-28.1395,-70.8273,60.1,4.7,mwr,"48 km N of Vallenar, Chile"
2025-07-16T09:03:40.073Z,48.1271,154.4595,42.831,4.8,mb,Kuril Islands
2025-07-16T06:14:04.325Z,29.3758,129.4362,10.0,4.5,mb,"103 km N of Tatsugō, Japan"
2025-07-16T06:05:29.668Z,29.2994,129.3616,10.0,4.6,mb,"96 km NNW of Tatsugō, Japan"
2025-07-16T02:12:09.190Z,42.0602,139.5657,190.876,4.6,mb,"48 km WNW of Otobe, Japan"
2025-07-16T01:03:37.841Z,18.4277,120.7461,43.148,4.5,mb,"12 km S of Bangui, Philippines"
2025-07-15T22:18:03.657Z,13.1253,144.6479,64.001,4.8,mb,"15 km S of Merizo Village, Guam"
2025-07-15T21:53:50.965Z,-24.31,-67.2445,187.979,4.5,mb,"94 km W of San Antonio de los Cobres, Argentina"
2025-07-15T21:16:53.816Z,-6.1833,142.3374,10.0,5.2,mb,"77 km WSW of Tari, Papua New Guinea"
2025-07-15T20:57:38.194Z,22.0738,96.1641,10.0,4.9,mb,"13 km NE of Mandalay, Burma (Myanmar)"
2025-07-15T18:42:43.315Z,-18.0509,-178.4464,629.783,4.8,mb,"236 km E of Levuka, Fiji"
2025-07-15T17:15:55.394Z,83.2703,-33.136,8.0,5.8,mww,near the north coast of Greenland
2025-07-15T17:15:25.809Z,29.3123,129.4541,10.0,4.9,mww,"96 km N of Tatsug?, Japan"
2025-07-15T15:00:49.564Z,0.2595,126.0832,44.422,4.5,mb,"156 km WSW of Ternate, Indonesia"
2025-07-15T14:47:10.380Z,36.4413,140.6382,50.873,4.9,mww,"7 km ESE of Funaishikawa, Japan"
2025-07-15T13:58:17.256Z,21.7114,121.0085,10.0,4.8,mww,"42 km SE of Hengchun, Taiwan"
2025-07-15T13:08:42.759Z,29.2813,129.4995,10.0,4.5,mb,"92 km N of Tatsug?, Japan"
2025-07-15T09:57:58.906Z,-18.6471,65.3925,10.0,4.7,mb,"237 km ENE of Port Mathurin, Mauritius"
2025-07-15T09:55:01.981Z,-30.0661,-177.9432,48.15,5.7,mww,"Kermadec Islands, New Zealand"
2025-07-15T09:42:24.170Z,-18.7291,65.5576,10.0,4.6,mb,"248 km ENE of Port Mathurin, Mauritius"
2025-07-15T08:35:53.027Z,-8.3553,116.017,10.0,4.5,mb,"2 km WSW of Gili Trawangan, Indonesia"
2025-07-15T07:14:58.385Z,36.739,54.7048,10.0,4.6,mb,"13 km SE of Qarn?b?d, Iran"
2025-07-15T04:27:12.564Z,-20.5026,-174.28,35.0,5.0,mb,"76 km S of Pangai, Tonga"
2025-07-15T04:20:00.992Z,29.3332,129.4346,10.0,5.2,mww,"99 km N of Tatsug?, Japan"
2025-07-15T04:09:19.395Z,4.1895,126.5775,35.0,4.5,mb,"182 km SE of Sarangani, Philippines"
2025-07-15T03:03:07.365Z,-22.5347,-174.6256,10.0,4.9,mb,"136 km SSE of ?Ohonua, Tonga"
2025-07-15T02:38:19.611Z,18.1482,120.6989,50.0,5.4,mww,"2 km SW of Piddig, Philippines"
2025-07-14T23:22:41.039Z,17.8277,119.7271,10.0,4.6,mb,"68 km WNW of Puro Pinget, Philippines"
2025-07-14T22:18:23.771Z,-2.9195,129.5592,10.0,4.7,mb,"77 km ENE of Masohi, Indonesia"
2025-07-14T21:37:59.420Z,46.5459,151.4305,74.0,5.8,mww,Kuril Islands
2025-07-14T21:30:11.084Z,28.2086,130.9833,10.0,4.6,mb,"138 km ESE of Tatsug?, Japan"
2025-07-14T19:58:12.486Z,-34.8203,-179.7793,35.0,4.6,mb,south of the Kermadec Islands
2025-07-14T19:37:04.482Z,-17.7979,-70.1269,112.26,4.6,mb,"17 km NNE of Calana, Peru"
2025-07-14T17:44:35.717Z,-13.3198,-111.7371,10.0,5.1,mb,central East Pacific Rise
2025-07-14T17:16:49.051Z,6.1706,-82.7372,10.0,6.2,mww,"206 km S of Burica, Panama"
2025-07-14T16:53:18.423Z,30.3115,140.8922,10.0,4.8,mb,"Izu Islands, Japan region"
2025-07-14T16:35:02.652Z,-16.814,-177.4186,414.293,4.5,mb,"286 km SSE of Alo, Wallis and Futuna"
2025-07-14T14:06:20.008Z,1.3278,126.6194,35.485,4.5,mb,"103 km NW of Ternate, Indonesia"
2025-07-14T13:46:27.421Z,-51.561,139.4622,10.0,4.5,mb,western Indian-Antarctic Ridge
2025-07-14T12:52:18.542Z,-2.0582,120.7279,10.0,5.0,mww,"70 km NE of Masamba, Indonesia"
2025-07-14T11:37:02.130Z,-2.8451,129.5201,10.0,4.6,mb,"79 km NE of Masohi, Indonesia"
2025-07-14T11:13:44.446Z,-7.4704,128.2213,144.482,4.5,mb,"178 km NE of Lospalos, Timor Leste"
2025-07-14T10:55:17.425Z,40.4447,63.1698,10.0,4.5,mb,"42 km NW of Gazli, Uzbekistan"
2025-07-14T08:06:36.465Z,21.6642,99.7826,10.0,4.5,mb,"15 km WNW of K?ng Tung, Burma (Myanmar)"
2025-07-14T08:00:09.473Z,-49.7175,163.7419,10.0,4.5,mb,"Auckland Islands, New Zealand region"
2025-07-14T06:28:13.570Z,55.6669,164.9884,10.0,5.0,mb,"168 km ESE of Ust?-Kamchatsk Staryy, Russia"
2025-07-14T05:49:58.119Z,-6.2201,131.2331,70.687,6.7,mww,"180 km WSW of Tual, Indonesia"
2025-07-14T05:39:09.733Z,1.3313,126.566,35.0,5.2,mww,"108 km WNW of Ternate, Indonesia"
2025-07-14T05:13:28.590Z,36.7449,-1.8443,10.0,5.2,mww,"23 km E of San Jos?, Spain"
2025-07-14T03:50:10.584Z,-0.6616,123.2397,18.91,4.5,mb,"59 km ENE of Luwuk, Indonesia"
2025-07-14T01:45:14.704Z,2.9711,-31.3085,10.0,4.5,mb,central Mid-Atlantic Ridge
2025-07-14T00:03:40.496Z,-24.1169,179.1512,545.062,4.7,mb,south of the Fiji Islands
2025-07-13T23:32:15.779Z,29.3466,129.611,10.0,4.5,mb,"99 km N of Tatsug?, Japan"
2025-07-13T23:20:18.329Z,-58.5908,-8.1103,10.0,4.8,mb,east of the South Sandwich Islands
2025-07-13T22:38:17.572Z,-23.298,-177.1322,185.588,4.5,mb,south of the Fiji Islands
2025-07-13T22:22:16.840Z,1.6654,127.3281,139.451,4.6,mb,"76 km W of Tobelo, Indonesia"
2025-07-13T20:10:59.456Z,-22.5717,-67.6221,164.474,4.5,mb,"70 km ENE of San Pedro de Atacama, Chile"
2025-07-13T17:58:28.979Z,-19.0163,-174.7653,93.302,4.8,mb,"91 km WSW of Neiafu, Tonga"
2025-07-13T17:08:33.932Z,7.1206,127.3934,31.808,5.1,mww,"92 km ESE of Santiago, Philippines"
2025-07-13T14:22:41.283Z,29.3696,129.4658,10.0,4.8,mb,"102 km N of Tatsug?, Japan"
2025-07-13T14:18:34.329Z,-6.7226,130.0323,157.367,4.5,mb,Banda Sea
2025-07-13T13:14:40.966Z,9.3388,93.8813,10.771,5.2,mww,"285 km SSE of Port Blair, India"
2025-07-13T12:28:20.722Z,7.065,-34.181,10.0,4.7,mb,central Mid-Atlantic Ridge
2025-07-13T11:28:57.083Z,29.2619,129.4963,10.0,5.0,mb,"90 km N of Tatsug?, Japan"
2025-07-13T11:24:24.168Z,-55.3861,-129.7475,10.0,4.5,mb,Pacific-Antarctic Ridge
2025-07-13T11:22:47.909Z,29.4111,129.1909,10.0,4.5,mb,"113 km NNW of Tatsug?, Japan"
2025-07-13T11:19:33.229Z,29.3681,129.5346,10.0,5.0,mww,"101 km N of Tatsug?, Japan"
2025-07-13T10:46:42.631Z,36.0774,142.5814,10.0,4.6,mb,"162 km ENE of Hasaki, Japan"
2025-07-13T08:51:49.675Z,10.8128,-86.6771,10.0,4.6,mb,"100 km WSW of San Juan del Sur, Nicaragua"
2025-07-13T06:16:53.448Z,-18.1332,168.3777,32.428,5.3,mww,"44 km S of Port-Vila, Vanuatu"
2025-07-13T05:56:58.916Z,-24.1879,-66.7496,182.238,5.0,mb,"43 km W of San Antonio de los Cobres, Argentina"
2025-07-13T00:11:12.409Z,-49.4283,-8.074,10.0,4.5,mb,southern Mid-Atlantic Ridge
2025-07-12T23:44:21.139Z,11.056,126.1894,10.0,4.5,mb,"41 km ENE of Sulangan, Philippines"
2025-07-12T20:54:20.877Z,29.4338,129.3125,10.0,4.5,mb,"112 km NNW of Tatsug?, Japan"
2025-07-12T20:32:52.482Z,29.3521,129.3309,10.0,4.8,mww,"103 km NNW of Tatsug?, Japan"
2025-07-12T18:11:21.415Z,-24.2968,-179.9884,533.552,4.5,mb,south of the Fiji Islands
2025-07-12T18:09:06.548Z,-5.8682,146.3753,115.4,4.6,mb,"73 km NE of Kainantu, Papua New Guinea"
2025-07-12T16:00:24.604Z,-17.5047,-178.7743,544.388,4.5,mb,Fiji region
2025-07-12T15:16:54.417Z,38.8069,70.9039,16.78,4.5,mwr,"52 km ESE of Rasht, Tajikistan"
2025-07-12T14:41:09.142Z,-6.5797,104.4407,54.834,4.5,mb,"155 km W of Labuan, Indonesia"
2025-07-12T12:17:15.036Z,-16.2507,-172.8301,10.0,4.7,mb,"108 km ESE of Hihifo, Tonga"
2025-07-12T11:31:45.449Z,-54.5739,157.0698,10.0,4.5,mb,Macquarie Island region
2025-07-12T07:50:09.022Z,56.4563,164.1685,10.0,4.9,mww,"107 km ENE of Ust?-Kamchatsk Staryy, Russia"
2025-07-12T06:52:33.631Z,-32.1158,-68.3992,126.63,4.9,mb,"Mendoza, Argentina"
2025-07-12T05:16:47.050Z,-29.9747,-178.8097,222.473,5.3,mww,"Kermadec Islands, New Zealand"
2025-07-12T05:14:40.920Z,3.0404,-31.3941,10.0,4.9,mb,central Mid-Atlantic Ridge
2025-07-12T04:00:31.585Z,1.8647,128.5913,10.0,4.5,mb,"66 km ENE of Tobelo, Indonesia"
2025-07-12T02:01:23.199Z,29.3935,129.4081,10.0,5.0,mb,"106 km N of Tatsug?, Japan"
2025-07-12T02:00:45.595Z,29.3393,129.4194,10.0,4.8,mb,"100 km N of Tatsug?, Japan"
2025-07-12T00:12:00.176Z,-1.585,96.5286,10.0,4.7,mb,"277 km SSW of Teluk Dalam, Indonesia"
2025-07-11T20:44:47.848Z,2.9712,-31.3943,10.0,4.8,mb,central Mid-Atlantic Ridge
2025-07-11T20:37:09.766Z,3.0436,-31.2907,10.0,4.6,mb,central Mid-Atlantic Ridge
2025-07-11T20:09:46.632Z,-4.3587,132.5761,10.0,5.1,mww,"141 km N of Tual, Indonesia"
2025-07-11T17:18:49.405Z,-10.6655,-74.9361,35.0,4.6,mb,"28 km NNW of Santa Rosa, Peru"
2025-07-11T16:24:06.690Z,37.2323,20.4701,37.579,4.7,mb,"62 km SSW of Lithaki?, Greece"
2025-07-11T14:09:51.404Z,1.0484,127.0165,42.602,4.9,mb,"49 km NW of Ternate, Indonesia"
2025-07-11T12:45:15.098Z,3.1709,97.3212,59.324,5.0,mb,"82 km SE of Blangpidie, Indonesia"
2025-07-11T11:32:17.408Z,51.6749,-176.7088,54.591,4.5,mb,"22 km SSW of Adak, Alaska"
2025-07-11T08:25:42.838Z,18.1012,145.8735,113.161,4.5,mb,"Pagan region, Northern Mariana Islands"
2025-07-11T07:30:16.214Z,29.3148,129.389,10.0,4.8,mww,"98 km NNW of Tatsug?, Japan"
2025-07-11T07:21:39.332Z,29.3134,129.2744,10.0,4.7,mww,"100 km NNW of Tatsug?, Japan"
2025-07-11T07:09:25.866Z,24.0592,125.9035,10.0,5.1,mb,"100 km SE of Miyakojima, Japan"
2025-07-11T07:09:09.090Z,29.2844,129.4519,10.0,4.6,mb,"93 km N of Tatsug?, Japan"
2025-07-11T04:44:01.624Z,36.2044,-33.775,10.0,4.5,mb,Azores Islands region
2025-07-11T02:53:16.064Z,-4.39,153.0537,10.0,4.6,mb,"87 km E of Kokopo, Papua New Guinea"
2025-07-11T02:07:39.296Z,-9.061,67.3253,10.0,5.1,mww,Mid-Indian Ridge
2025-07-11T01:38:00.855Z,29.211,129.4627,10.0,4.5,mb,"85 km N of Tatsugō, Japan"
2025-07-11T01:06:09.515Z,29.3423,129.4711,10.0,4.6,mb,"99 km N of Tatsug?, Japan"
2025-07-10T19:51:19.386Z,-17.6156,-178.7872,548.042,4.9,mb,"207 km ENE of Levuka, Fiji"
2025-07-10T17:03:51.574Z,-16.8234,-173.6765,41.284,4.5,mb,"97 km S of Hihifo, Tonga"
2025-07-10T15:35:23.864Z,-34.2117,178.947,237.13,4.9,mb,south of the Kermadec Islands
2025-07-10T15:35:07.360Z,3.1772,-31.4065,10.0,4.8,mb,central Mid-Atlantic Ridge
2025-07-10T14:43:43.031Z,-6.7017,129.8172,160.711,4.7,mb,Banda Sea
2025-07-10T14:38:29.261Z,14.0764,-90.2605,150.201,4.8,mww,"1 km SE of San Juan Tecuaco, Guatemala"
2025-07-10T13:54:16.430Z,52.511,160.0678,69.31,4.6,mb,"115 km ESE of Petropavlovsk-Kamchatsky, Russia"
2025-07-10T13:19:21.997Z,15.7167,-93.8596,81.638,5.0,mww,"25 km SW of Doctor Belisario Dom?nguez (La Barra), Mexico"
2025-07-10T11:48:50.402Z,-27.0295,26.7303,5.0,4.8,mb,"7 km SE of Orkney, South Africa"
2025-07-10T09:46:09.623Z,-5.8278,-50.5412,10.0,4.6,mb,"75 km WNW of Parauapebas, Brazil"
2025-07-10T09:26:05.437Z,-18.9676,-69.059,122.615,5.0,mww,"54 km NE of Camiña, Chile"
2025-07-10T08:47:31.324Z,73.0363,5.2405,10.0,4.7,mww,Greenland Sea
2025-07-10T07:14:49.749Z,-17.9545,-178.5432,567.976,4.5,mb,"226 km E of Levuka, Fiji"
2025-07-10T06:50:51.917Z,-3.8899,128.6862,59.38,4.7,mb,"59 km ESE of Ambon, Indonesia"
2025-07-10T04:55:05.181Z,36.2224,-34.0872,10.0,4.8,mb,Azores Islands region
2025-07-10T04:55:02.697Z,-15.5223,-174.5898,176.346,4.6,mb,"97 km WNW of Hihifo, Tonga"
2025-07-10T04:46:55.108Z,-15.5549,-174.5243,182.007,5.2,mww,"89 km WNW of Hihifo, Tonga"
2025-07-10T04:00:54.646Z,-32.9269,-178.5052,10.0,4.6,mb,south of the Kermadec Islands
2025-07-10T03:49:40.540Z,-7.4231,128.1041,188.647,4.5,mb,"172 km NE of Lospalos, Timor Leste"
2025-07-10T03:34:48.870Z,28.6735,76.6889,10.0,4.5,mb,"8 km NNE of Jhajjar, India"
2025-07-09T23:09:29.036Z,-45.038,166.1316,13.184,4.6,mb,"131 km WNW of Te Anau, New Zealand"
2025-07-09T22:54:07.990Z,36.723,25.7412,10.0,4.6,mww,"18 km SW of Amorgós, Greece"
2025-07-09T22:12:56.764Z,-4.528,35.1204,10.0,5.0,mb,"18 km SSE of Basotu, Tanzania"
2025-07-09T19:11:59.442Z,-27.1666,-63.3263,575.164,5.2,mww,"17 km SSW of El Hoyo, Argentina"
2025-07-09T18:39:50.707Z,43.0295,88.2292,10.0,4.9,mb,"77 km W of Turpan, China"
2025-07-09T16:08:21.754Z,30.7244,140.0531,10.0,4.7,mb,"Izu Islands, Japan region"
2025-07-09T12:31:59.987Z,30.6514,140.162,10.0,5.3,mww,"Izu Islands, Japan region"
2025-07-09T12:14:18.959Z,21.7768,144.1722,137.582,4.7,mb,Mariana Islands region
2025-07-09T11:59:07.015Z,30.629,140.1616,10.0,4.5,mb,"Izu Islands, Japan region"
2025-07-09T09:37:54.411Z,-6.5306,130.0234,165.128,4.5,mb,Banda Sea
2025-07-09T08:37:45.005Z,3.0386,-31.3781,10.0,4.7,mb,central Mid-Atlantic Ridge
2025-07-09T06:21:53.608Z,-6.9553,125.9265,476.112,4.5,mb,"172 km N of Manatutu, Timor Leste"
2025-07-09T05:27:33.211Z,-0.1578,122.8574,158.128,4.8,mb,"80 km SSW of Gorontalo, Indonesia"
2025-07-09T05:25:54.756Z,33.418,81.685,10.0,4.5,mb,western Xizang
2025-07-09T03:39:50.177Z,43.4164,145.9902,110.62,4.7,mb,"35 km ENE of Nemuro, Japan"
2025-07-09T03:30:22.660Z,3.2111,-31.4124,10.0,4.5,mb,central Mid-Atlantic Ridge
2025-07-09T02:21:40.233Z,37.6612,144.2886,10.0,4.9,mb,"264 km ESE of Onagawa Chō, Japan"
2025-07-08T23:50:42.065Z,-6.2841,104.7897,79.767,5.1,mww,"107 km SSW of Bandar Lampung, Indonesia"
2025-07-08T22:01:49.889Z,-24.4871,-176.8224,123.427,4.6,mb,south of the Fiji Islands
2025-07-08T21:54:18.996Z,14.4503,-90.7496,5.39,4.8,mb,"6 km SW of Santa María de Jesús, Guatemala"
2025-07-08T21:41:31.063Z,14.4503,-90.6483,10.0,5.7,mww,"3 km SSW of Amatitlán, Guatemala"
2025-07-08T21:32:53.740Z,-14.762,-75.4116,53.337,4.5,mb,"22 km WSW of Changuillo, Peru"
2025-07-08T21:11:30.114Z,14.4566,-90.6756,10.0,4.8,mww,"4 km WSW of Amatitlán, Guatemala"
2025-07-08T18:56:36.018Z,-6.5855,131.8445,20.374,4.9,mww,"145 km SW of Tual, Indonesia"
2025-07-08T17:36:09.023Z,0.8665,-79.7091,42.703,4.6,mb,"11 km SSW of Esmeraldas, Ecuador"
2025-07-08T17:22:03.584Z,-2.9618,147.5003,10.0,5.2,mww,"105 km SSE of Lorengau, Papua New Guinea"
2025-07-08T17:11:55.983Z,-3.0032,147.4676,10.0,5.2,mww,"109 km SSE of Lorengau, Papua New Guinea"
2025-07-08T16:48:27.318Z,3.1408,-31.3548,10.0,5.1,mww,central Mid-Atlantic Ridge
2025-07-08T15:08:37.094Z,-56.0995,-26.3115,72.491,4.7,mb,South Sandwich Islands region
2025-07-08T14:50:37.404Z,3.0679,-31.4528,10.0,4.9,mb,central Mid-Atlantic Ridge
2025-07-08T14:38:14.774Z,-3.1085,147.5224,10.0,5.2,mww,"122 km SSE of Lorengau, Papua New Guinea"
2025-07-08T14:25:56.403Z,-6.3495,151.7823,10.0,4.7,mb,"202 km ESE of Kimbe, Papua New Guinea"
2025-07-08T14:22:02.811Z,-6.252,151.6438,10.0,4.8,mb,"183 km ESE of Kimbe, Papua New Guinea"
2025-07-08T14:00:00.633Z,-31.9718,-178.4477,35.0,4.7,mb,Kermadec Islands region
2025-07-08T11:40:06.707Z,-13.6775,-76.4345,47.252,5.0,mb,"25 km W of Pisco, Peru"
2025-07-08T10:54:58.532Z,3.1264,-31.3815,10.0,4.7,mb,central Mid-Atlantic Ridge
2025-07-08T08:43:16.114Z,-7.3843,154.8795,88.502,4.9,mb,"135 km SSW of Panguna, Papua New Guinea"
2025-07-08T05:44:50.429Z,3.1092,-31.38,10.0,4.6,mb,central Mid-Atlantic Ridge
2025-07-08T02:00:13.810Z,29.3557,129.3426,10.0,4.8,mww,"103 km NNW of Tatsugō, Japan"
2025-07-07T23:54:08.584Z,-23.1238,-179.7017,532.639,4.9,mb,south of the Fiji Islands
2025-07-07T23:52:43.322Z,-15.5943,-173.85,102.244,4.5,mb,"40 km N of Hihifo, Tonga"
2025-07-07T23:30:58.260Z,-15.9149,-69.6124,222.783,4.7,mb,"18 km SSE of Taquile, Peru"
2025-07-07T20:34:26.760Z,29.6596,129.7262,10.0,4.5,mb,"95 km SW of Kurio, Japan"
2025-07-07T19:45:48.888Z,7.7293,-37.0934,10.0,4.8,mb,central Mid-Atlantic Ridge
2025-07-07T17:46:04.600Z,34.9038,26.6629,10.0,4.9,mww,"49 km SE of Palekastro, Greece"
2025-07-07T17:18:36.028Z,-19.2936,-66.8751,245.363,4.5,mb,"44 km SSW of Challapata, Bolivia"
2025-07-07T16:25:03.662Z,-17.4148,-178.7876,537.244,4.5,mb,"213 km ENE of Levuka, Fiji"
2025-07-07T13:18:35.332Z,3.0125,-31.2702,10.0,4.7,mb,central Mid-Atlantic Ridge
2025-07-07T12:53:44.013Z,-47.1735,165.4962,22.0,6.2,mww,"213 km WSW of Riverton, New Zealand"
2025-07-07T10:41:04.640Z,-0.2104,130.6163,10.0,4.9,mb,"12 km ENE of Waisai, Indonesia"
2025-07-07T10:16:02.145Z,9.3716,93.9749,10.0,5.1,mb,"287 km SSE of Port Blair, India"
2025-07-07T09:42:36.270Z,9.3132,93.8317,10.0,4.9,mb,"286 km SSE of Port Blair, India"
2025-07-07T09:42:21.280Z,1.5784,66.8078,10.0,5.0,mb,Carlsberg Ridge
2025-07-07T06:20:43.063Z,37.7868,19.8367,25.471,4.5,mb,"69 km SW of Lixoúri, Greece"
2025-07-07T05:00:24.360Z,-10.1601,108.494,10.0,4.9,mb,"275 km SSW of Cilacap, Indonesia"
2025-07-07T03:02:15.092Z,29.3269,129.444,10.0,4.8,mww,"98 km N of Tatsugō, Japan"
2025-07-07T00:48:06.799Z,3.0606,-31.3674,10.0,4.6,mb,central Mid-Atlantic Ridge
2025-07-07T00:27:15.539Z,27.1532,-175.1954,10.0,4.5,mb,"Pearl and Hermes Atoll region, Hawaii"
2025-07-06T22:38:03.796Z,-8.5233,118.3239,133.058,5.0,mb,"15 km W of Dompu, Indonesia"
2025-07-06T22:03:59.722Z,-62.5639,-159.07,10.0,4.6,mb,Pacific-Antarctic Ridge
2025-07-06T20:31:42.999Z,-20.9353,-174.3501,10.0,5.5,mww,"77 km NE of ‘Ohonua, Tonga"
2025-07-06T19:59:59.379Z,9.6741,-84.2519,43.795,4.7,mwr,"7 km SSW of Tejar, Costa Rica"
2025-07-06T15:12:07.105Z,29.2736,129.5654,10.0,4.8,mb,"91 km N of Tatsugō, Japan"
2025-07-06T15:08:47.146Z,29.3263,129.5778,10.0,4.7,mb,"97 km N of Tatsugō, Japan"
2025-07-06T14:50:43.460Z,29.3411,129.467,10.0,4.7,mb,"99 km N of Tatsugō, Japan"
2025-07-06T14:44:00.172Z,29.3581,129.4491,10.0,4.6,mb,"101 km N of Tatsugō, Japan"
2025-07-06T14:34:20.823Z,44.2724,83.4036,10.0,4.7,mb,"94 km N of Xinyuan, China"
2025-07-06T13:33:48.287Z,-15.3245,-173.1934,10.0,5.2,mb,"95 km NE of Hihifo, Tonga"
2025-07-06T11:29:51.830Z,23.9881,122.4865,10.0,4.8,mb,"74 km SW of Yonakuni, Japan"
2025-07-06T11:27:43.745Z,-5.5489,-77.0114,10.0,5.1,mww,"53 km N of Moyobamba, Peru"
2025-07-06T11:12:05.736Z,-13.9153,34.6102,10.0,4.6,mb,"13 km NE of Chipoka, Malawi"
2025-07-06T11:00:17.797Z,-9.8966,160.1145,10.0,4.6,mb,"48 km ESE of Malango, Solomon Islands"
2025-07-06T09:40:34.575Z,43.6191,147.136,40.859,5.0,mb,"38 km ESE of Shikotan, Russia"
2025-07-06T08:21:51.507Z,-4.0744,141.92,114.179,5.3,mww,"100 km W of Ambunti, Papua New Guinea"
2025-07-06T05:07:02.820Z,29.3813,129.5412,10.0,5.5,mww,"103 km N of Tatsugō, Japan"
2025-07-06T05:01:21.369Z,29.3596,129.4634,10.0,4.9,mww,"101 km N of Tatsugō, Japan"
2025-07-06T04:25:13.360Z,29.3983,129.3391,10.0,4.5,mb,"108 km NNW of Tatsugō, Japan"
2025-07-06T04:19:52.331Z,29.3161,129.4202,10.0,4.6,mb,"97 km N of Tatsugō, Japan"
2025-07-06T03:39:50.343Z,-52.837,20.1006,10.0,5.1,mb,south of Africa
2025-07-06T03:07:23.514Z,-30.4815,-177.9331,35.0,5.2,mww,"Kermadec Islands, New Zealand"
2025-07-06T01:33:30.996Z,6.2369,94.9807,10.0,4.6,mb,"53 km NW of Sabang, Indonesia"
2025-07-05T20:25:57.714Z,6.09,94.9211,10.0,4.5,mb,"49 km WNW of Sabang, Indonesia"
2025-07-05T20:23:07.045Z,6.1014,94.9925,10.0,4.6,mb,"42 km WNW of Sabang, Indonesia"
2025-07-05T19:47:31.025Z,-22.7016,172.0886,30.478,5.3,mww,southeast of the Loyalty Islands
2025-07-05T19:42:20.755Z,6.2844,95.0881,10.0,5.5,mww,"50 km NNW of Sabang, Indonesia"
2025-07-05T18:30:28.392Z,-9.5,119.8345,80.79,4.7,mb,"50 km WNW of Waingapu, Indonesia"
2025-07-05T18:15:07.054Z,60.0244,-152.4675,100.1,4.5,mww,"41 km WNW of Happy Valley, Alaska"
2025-07-05T18:09:44.532Z,15.2395,147.0622,22.67,4.6,mb,"140 km E of Saipan, Northern Mariana Islands"
2025-07-05T17:58:02.308Z,15.3171,146.8515,35.0,4.8,mb,"118 km E of Saipan, Northern Mariana Islands"
2025-07-05T16:57:13.108Z,29.2751,129.3634,10.0,4.6,mb,"94 km NNW of Tatsugō, Japan"
2025-07-05T14:47:33.593Z,-24.8235,-70.2634,61.143,4.5,mwr,"68 km NNE of Taltal, Chile"
2025-07-05T14:35:45.755Z,-6.1344,129.9037,155.384,4.6,mb,Banda Sea
2025-07-05T08:33:08.082Z,-7.9967,147.5422,102.292,4.9,mww,"99 km NNW of Kokoda, Papua New Guinea"
2025-07-05T07:30:36.409Z,-22.4855,-175.0684,10.0,4.8,mb,"127 km S of ‘Ohonua, Tonga"
2025-07-05T07:16:36.357Z,29.276,129.5229,10.0,4.5,mb,"91 km N of Tatsugō, Japan"
2025-07-05T06:11:35.740Z,54.6496,160.6447,89.559,4.7,mb,"124 km SSE of Atlasovo, Russia"
2025-07-05T03:47:41.118Z,29.2848,129.559,10.0,4.9,mb,"92 km N of Tatsugō, Japan"
2025-07-04T23:35:38.892Z,23.8578,121.8828,15.621,4.5,mb,"31 km ESE of Hualien City, Taiwan"
2025-07-04T23:12:39.930Z,23.8325,121.8625,17.152,4.5,mb,"30 km ESE of Hualien City, Taiwan"
2025-07-04T21:29:39.130Z,29.3862,129.3214,10.0,5.4,mww,"107 km NNW of Tatsugō, Japan"
2025-07-04T20:02:49.661Z,-60.4748,-36.9911,10.0,4.5,mb,Scotia Sea
2025-07-04T18:44:36.679Z,29.3499,129.5296,10.0,4.7,mb,"99 km N of Tatsugō, Japan"
2025-07-04T18:14:34.608Z,36.6939,142.0931,21.461,4.8,mww,"114 km ESE of Iwaki, Japan"
2025-07-04T18:02:39.197Z,29.3104,129.5515,10.0,4.6,mb,"95 km N of Tatsugō, Japan"
2025-07-04T17:58:00.357Z,29.3622,129.4443,10.0,4.7,mww,"102 km N of Tatsugō, Japan"
2025-07-04T15:47:45.649Z,-57.0542,-67.4161,10.0,5.6,mww,"256 km SSE of Ushuaia, Argentina"
2025-07-04T15:37:55.433Z,-55.82,-27.8286,72.921,4.7,mb,South Sandwich Islands region
2025-07-04T14:24:26.448Z,5.8593,126.4704,118.35,4.8,mb,"64 km SSE of Pondaguitan, Philippines"
2025-07-04T13:59:36.024Z,-3.4284,128.7999,40.499,4.9,mww,"16 km SW of Amahai, Indonesia"
2025-07-04T09:20:00.810Z,29.3302,129.4578,10.0,4.8,mww,"98 km N of Tatsugō, Japan"
2025-07-04T08:55:11.713Z,-14.5639,-76.5587,10.0,5.0,mww,"83 km SSW of Paracas, Peru"
2025-07-04T06:19:10.131Z,5.9398,94.9203,10.0,4.7,mb,"44 km W of Sabang, Indonesia"
2025-07-04T06:16:22.367Z,23.2627,142.3491,141.752,4.5,mb,"Volcano Islands, Japan region"
2025-07-04T05:40:18.994Z,5.9556,94.9697,10.0,4.7,mb,"39 km W of Sabang, Indonesia"
2025-07-04T05:39:52.801Z,6.12,94.8961,10.0,4.6,mb,"53 km WNW of Sabang, Indonesia"
2025-07-04T05:33:51.401Z,6.0835,94.9874,10.0,5.2,mww,"42 km WNW of Sabang, Indonesia"
2025-07-04T05:31:11.331Z,-23.207,-67.8723,135.65,4.5,mb,"47 km SE of San Pedro de Atacama, Chile"
2025-07-04T04:50:44.342Z,29.3846,129.2979,10.0,4.8,mb,"107 km NNW of Tatsugō, Japan"
2025-07-04T03:20:26.371Z,29.3407,129.3771,10.0,4.5,mb,"101 km NNW of Tatsugō, Japan"
2025-07-04T02:11:16.427Z,9.4541,93.9272,10.0,4.6,mb,"276 km SSE of Port Blair, India"
2025-07-04T00:02:56.321Z,29.3581,129.4375,10.0,4.5,mb,"101 km N of Tatsugō, Japan"
2025-07-03T22:42:57.095Z,-20.6062,-66.723,231.896,4.6,mb,"19 km SSE of Uyuni, Bolivia"
2025-07-03T21:09:14.723Z,46.6864,151.4532,103.215,4.9,mww,Kuril Islands
2025-07-03T17:50:57.651Z,5.8287,61.4716,10.0,5.0,mb,Carlsberg Ridge
2025-07-03T14:01:37.577Z,-7.2808,129.039,148.234,4.5,mb,"263 km ENE of Lospalos, Timor Leste"
2025-07-03T13:39:21.800Z,-19.0717,168.8194,10.0,5.1,mww,"71 km NW of Isangel, Vanuatu"
2025-07-03T13:26:09.450Z,-3.824,99.7687,10.0,4.5,mb,"199 km S of Tuapejat, Indonesia"
2025-07-03T13:16:53.361Z,5.8234,61.5165,10.0,4.7,mb,Carlsberg Ridge
2025-07-03T11:44:12.005Z,9.236,93.841,10.0,4.7,mb,"294 km SSE of Port Blair, India"
2025-07-03T11:39:17.853Z,-62.5919,-158.6841,10.0,4.8,mb,Pacific-Antarctic Ridge
2025-07-03T11:10:09.980Z,-8.5317,120.5652,165.216,4.6,mb,"14 km NE of Ruteng, Indonesia"
2025-07-03T10:43:24.203Z,-62.0195,-158.5718,10.0,4.7,mb,Pacific-Antarctic Ridge
2025-07-03T10:39:24.085Z,-62.5065,-158.8092,10.0,5.4,mww,Pacific-Antarctic Ridge
2025-07-03T09:22:04.084Z,5.7178,61.6827,10.0,4.6,mb,Carlsberg Ridge
2025-07-03T08:47:42.658Z,-7.5561,127.8939,149.769,4.5,mb,"145 km NE of Lospalos, Timor Leste"
2025-07-03T08:40:09.115Z,-22.6175,-174.8829,10.0,5.1,mb,"141 km S of ‘Ohonua, Tonga"
2025-07-03T07:13:00.356Z,29.3808,129.4093,10.0,5.5,mww,"104 km N of Tatsugō, Japan"
2025-07-03T06:35:01.597Z,29.3421,129.4372,10.0,4.5,mb,"100 km N of Tatsugō, Japan"
2025-07-03T06:18:11.615Z,29.2886,129.6016,10.0,4.9,mww,"92 km N of Tatsugō, Japan"
2025-07-03T06:13:57.017Z,-27.2389,-63.2084,552.378,5.0,mb,"23 km S of El Hoyo, Argentina"
2025-07-03T06:11:48.093Z,29.3943,129.4377,10.0,4.8,mww,"105 km N of Tatsugō, Japan"
2025-07-03T05:41:43.206Z,-21.3567,-67.2971,194.757,5.4,mww,"100 km E of Ollagüe, Chile"
2025-07-03T05:31:06.428Z,29.3554,129.5561,10.0,4.8,mww,"100 km N of Tatsugō, Japan"
2025-07-03T00:43:48.971Z,4.7975,94.7268,39.583,4.6,mb,"106 km SW of Banda Aceh, Indonesia"
2025-07-03T00:12:51.937Z,-16.5707,175.6912,10.0,5.3,mww,"220 km WNW of Lautoka, Fiji"
2025-07-02T23:40:25.456Z,-14.8571,66.7655,10.0,4.5,mb,Mid-Indian Ridge
2025-07-02T23:13:33.183Z,26.9904,-44.3588,10.0,4.5,mb,northern Mid-Atlantic Ridge
2025-07-02T23:03:50.274Z,46.2021,106.2514,8.8,4.5,mb,"48 km N of Mandalgovi, Mongolia"
2025-07-02T21:51:29.399Z,29.3572,129.4546,9.968,4.7,mb,"101 km N of Tatsugō, Japan"
2025-07-02T20:28:23.450Z,3.0952,-31.3618,10.0,4.5,mb,central Mid-Atlantic Ridge
2025-07-02T17:32:57.020Z,29.2499,129.2434,10.0,4.9,mww,"95 km NNW of Tatsugō, Japan"
2025-07-02T16:58:04.671Z,-59.3685,-25.501,35.0,5.2,mb,South Sandwich Islands region
2025-07-02T15:49:18.476Z,29.2946,129.2373,10.0,5.2,mww,"100 km NNW of Tatsugō, Japan"
2025-07-02T14:27:38.212Z,-3.802,101.8076,58.101,4.8,mb,"50 km W of Bengkulu, Indonesia"
2025-07-02T14:14:22.840Z,31.1114,140.9223,106.665,4.5,mb,"Izu Islands, Japan region"
2025-07-02T10:33:20.523Z,-1.3104,133.9928,42.419,4.8,mb,"29 km NW of Ransiki, Indonesia"
2025-07-02T07:43:47.945Z,29.2054,128.9807,10.0,4.9,mb,"103 km NW of Tatsugō, Japan"
2025-07-02T07:42:41.220Z,29.2911,129.2257,10.0,4.6,mb,"100 km NNW of Tatsugō, Japan"
2025-07-02T07:29:12.281Z,29.3015,129.1007,10.0,4.6,mb,"106 km NNW of Tatsugō, Japan"
2025-07-02T07:24:41.650Z,29.0719,129.0919,10.0,4.6,mb,"84 km NW of Tatsugō, Japan"
2025-07-02T07:19:38.930Z,29.2265,129.1585,10.0,4.7,mb,"96 km NNW of Tatsugō, Japan"
2025-07-02T07:17:57.148Z,29.3086,129.2135,10.0,5.0,mb,"102 km NNW of Tatsugō, Japan"
2025-07-02T07:15:26.742Z,-17.6546,-178.9462,526.92,5.6,mww,"189 km ENE of Levuka, Fiji"
2025-07-02T06:26:48.945Z,29.2518,129.1665,10.0,5.6,mww,"98 km NNW of Tatsugō, Japan"
2025-07-02T06:07:21.756Z,29.1409,129.549,10.0,5.0,mb,"76 km N of Tatsugō, Japan"
2025-07-02T06:03:07.056Z,29.1121,129.2889,10.0,4.5,mb,"79 km NNW of Tatsugō, Japan"
2025-07-02T05:59:01.496Z,29.2039,129.1728,10.0,5.3,mww,"93 km NNW of Tatsugō, Japan"
2025-07-02T05:53:26.288Z,29.2307,129.268,10.0,5.2,mb,"92 km NNW of Tatsugō, Japan"
2025-07-02T05:52:30.006Z,29.3013,129.5496,10.0,4.6,mb,"94 km N of Tatsugō, Japan"
2025-07-02T05:51:48.593Z,29.2292,129.1858,10.0,5.2,mb,"95 km NNW of Tatsugō, Japan"
2025-07-02T05:41:17.697Z,5.9275,61.4056,10.0,4.6,mb,Carlsberg Ridge
2025-07-02T05:39:13.525Z,-31.4635,-178.2317,41.033,4.6,mb,Kermadec Islands region
2025-07-02T05:25:22.653Z,28.9448,129.5135,10.0,5.1,mww,"55 km N of Tatsugō, Japan"
2025-07-02T05:22:16.821Z,29.2619,129.3421,10.0,4.6,mb,"93 km NNW of Tatsugō, Japan"
2025-07-02T04:44:54.469Z,2.9919,95.9195,35.0,4.7,mb,"76 km NW of Sinabang, Indonesia"
2025-07-02T04:39:30.035Z,5.7036,61.3767,10.0,4.5,mb,Carlsberg Ridge
2025-07-02T02:57:17.022Z,-26.8607,-176.3594,10.0,5.4,mww,south of the Fiji Islands
2025-07-02T02:49:50.108Z,52.9322,158.8783,100.073,4.8,mb,"22 km SE of Petropavlovsk-Kamchatsky, Russia"
2025-07-02T01:52:48.929Z,9.3798,93.9613,10.0,4.6,mb,"285 km SSE of Port Blair, India"
2025-07-02T01:39:39.205Z,-33.6025,-72.5628,10.0,5.5,mww,"88 km W of San Antonio, Chile"
2025-07-02T01:33:29.418Z,-3.8624,141.1875,106.651,4.5,mb,"130 km S of Vanimo, Papua New Guinea"
2025-07-02T00:20:45.920Z,-5.8713,152.4003,10.0,4.5,mb,"169 km S of Kokopo, Papua New Guinea"
2025-07-02T00:14:30.991Z,29.0741,129.6197,10.0,4.5,mb,"69 km N of Tatsugō, Japan"
2025-07-02T00:06:47.832Z,29.2666,129.3392,10.0,4.9,mb,"94 km NNW of Tatsugō, Japan"
2025-07-01T23:36:33.767Z,-28.2238,-176.6696,35.0,4.6,mb,Kermadec Islands region
2025-07-01T23:24:40.850Z,-47.777,116.2615,10.0,4.5,mb,western Indian-Antarctic Ridge
2025-07-01T21:31:45.758Z,29.3458,129.4924,12.131,4.6,mb,"99 km N of Tatsugō, Japan"
2025-07-01T21:29:15.203Z,28.3833,97.3521,10.0,4.5,mb,"86 km ENE of Hayuliang, India"
2025-07-01T21:16:03.564Z,3.2052,-31.2178,10.0,4.6,mb,central Mid-Atlantic Ridge
2025-07-01T20:18:05.835Z,30.5618,130.9918,45.075,4.7,mb,"19 km S of Nishinoomote, Japan"
2025-07-01T19:55:49.986Z,-0.8451,121.9119,10.0,4.5,mb,"98 km W of Luwuk, Indonesia"
2025-07-01T19:44:13.317Z,-30.8453,-71.233,59.005,4.5,mb,"27 km S of Ovalle, Chile"
2025-07-01T19:32:07.294Z,29.3444,129.4049,10.0,5.1,mww,"100 km N of Tatsugō, Japan"
2025-07-01T19:16:04.157Z,38.5012,57.1779,10.0,4.6,mb,"23 km WNW of Baharly, Turkmenistan"
2025-07-01T16:38:10.111Z,-46.9887,166.036,15.241,4.5,mb,"167 km WSW of Riverton, New Zealand"
2025-07-01T14:03:40.562Z,29.3871,129.3874,10.0,4.6,mb,"105 km NNW of Tatsugō, Japan"
2025-07-01T13:08:47.506Z,1.5008,97.052,26.722,4.9,mb,"66 km WNW of Gunungsitoli, Indonesia"
2025-07-01T11:51:44.510Z,-17.585,-178.7705,562.712,4.6,mb,"209 km ENE of Levuka, Fiji"
2025-07-01T11:22:06.391Z,29.3517,129.4191,10.0,4.5,mb,"101 km N of Tatsugō, Japan"
2025-07-01T09:43:42.785Z,-3.8625,68.2583,10.0,4.5,mb,Chagos Archipelago region
2025-07-01T09:42:58.353Z,-3.6845,68.1975,10.0,4.7,mb,Chagos Archipelago region
2025-07-01T09:17:07.632Z,29.4224,129.2133,10.0,4.5,mb,"114 km NNW of Tatsugō, Japan"
2025-07-01T08:10:27.017Z,29.3051,129.4331,10.0,4.9,mb,"96 km N of Tatsugō, Japan"
2025-07-01T00:06:55.616Z,9.167,94.0027,10.0,4.6,mb,"Nicobar Islands, India region"
2025-06-30T23:48:45.119Z,-17.4607,167.9042,35.0,5.1,mww,"53 km NW of Port-Vila, Vanuatu"
2025-06-30T23:22:35.152Z,9.5382,94.0096,10.0,4.5,mb,"272 km SSE of Port Blair, India"
2025-06-30T22:22:51.775Z,-53.742,140.0773,10.0,4.5,mb,west of Macquarie Island
2025-06-30T22:01:31.780Z,-4.8916,152.2379,58.116,4.6,mb,"60 km S of Kokopo, Papua New Guinea"
2025-06-30T20:48:22.330Z,-28.328,-174.9091,10.0,4.7,mb,Kermadec Islands region
2025-06-30T20:10:31.271Z,-47.9602,116.4118,10.0,4.5,mb,western Indian-Antarctic Ridge
2025-06-30T15:22:27.163Z,29.296,129.4353,10.0,4.6,mb,"95 km N of Tatsugō, Japan"
2025-06-30T14:35:09.807Z,-60.9903,-38.9367,10.0,4.8,mb,Scotia Sea
2025-06-30T12:12:51.336Z,-60.9682,-38.5297,10.0,5.1,mb,Scotia Sea
2025-06-30T09:33:22.117Z,29.2866,129.4518,10.0,5.2,mww,"93 km N of Tatsugō, Japan"
2025-06-30T08:44:08.122Z,-12.7592,-73.9049,84.212,4.5,mb,"12 km S of Ayna, Peru"
2025-06-30T08:12:28.959Z,-31.9438,-71.342,49.072,4.5,mb,"38 km SSW of Illapel, Chile"
2025-06-30T06:38:19.635Z,9.1818,93.7574,10.0,4.6,mb,"296 km SSE of Port Blair, India"
2025-06-30T06:36:20.640Z,9.2662,93.8911,10.0,4.9,mb,"293 km SSE of Port Blair, India"
2025-06-30T05:52:21.272Z,9.3928,93.9439,10.0,5.0,mb,"283 km SSE of Port Blair, India"
2025-06-30T05:34:23.819Z,2.0506,126.7202,53.748,4.7,mb,"147 km WNW of Tobelo, Indonesia"
2025-06-30T04:39:02.408Z,9.4501,93.9908,12.217,4.9,mww,"280 km SSE of Port Blair, India"
2025-06-30T03:36:19.940Z,29.3258,129.3647,10.0,4.7,mww,"99 km NNW of Tatsugō, Japan"
2025-06-30T02:32:40.026Z,36.8827,71.2557,107.854,4.7,mb,"33 km NW of Ashkāsham, Afghanistan"
2025-06-29T23:38:37.514Z,-6.4544,131.2977,35.0,4.5,mb,"185 km WSW of Tual, Indonesia"
2025-06-29T23:34:55.891Z,8.1476,58.7081,10.0,4.5,mb,Carlsberg Ridge
2025-06-29T23:12:38.499Z,-9.2729,158.7752,10.0,4.5,mb,"113 km WNW of Malango, Solomon Islands"
2025-06-29T22:46:00.011Z,7.7416,59.7774,10.0,4.5,mb,Carlsberg Ridge
2025-06-29T22:27:40.416Z,-23.7534,178.8641,550.94,4.5,mb,south of the Fiji Islands
2025-06-29T11:37:42.024Z,11.2303,-85.6205,184.702,4.5,mb,"12 km WNW of Cárdenas, Nicaragua"
2025-06-29T10:29:01.975Z,-5.0924,102.4116,34.179,4.6,mb,"143 km S of Bengkulu, Indonesia"
2025-06-29T10:23:57.013Z,-13.6018,173.373,10.0,4.5,mb,Fiji region
2025-06-29T07:13:56.539Z,52.3128,175.8138,86.038,4.9,mb,"187 km ESE of Attu Station, Alaska"
2025-06-29T07:11:56.977Z,29.3819,129.4814,10.0,5.2,mww,"103 km N of Tatsugō, Japan"
2025-06-29T06:48:09.211Z,-3.3008,146.5308,10.0,5.3,mww,"162 km SSW of Lorengau, Papua New Guinea"
2025-06-29T06:30:11.561Z,19.6602,146.8132,10.0,4.5,mb,Mariana Islands region
2025-06-29T05:52:50.165Z,29.3982,129.4199,10.0,4.5,mb,"106 km N of Tatsugō, Japan"
2025-06-29T05:46:35.266Z,3.864,-82.6341,10.0,5.1,mww,south of Panama
2025-06-29T03:46:05.864Z,45.0982,150.233,10.0,4.6,mb,"185 km E of Kuril’sk, Russia"
2025-06-29T03:10:59.720Z,-29.9981,-178.5042,142.344,4.7,mb,"Kermadec Islands, New Zealand"
2025-06-29T02:37:58.310Z,37.316,-117.92066666667,11.6,4.54,mw,"8 km SSE of Deep Springs, CA"
2025-06-29T02:32:53.262Z,30.3408,69.9587,10.0,4.6,mb,"64 km NE of Barkhan, Pakistan"
2025-06-29T02:08:10.288Z,-59.1535,-26.1201,35.0,4.5,mb,South Sandwich Islands region
2025-06-29T01:56:26.759Z,-16.3223,-173.9493,113.303,4.8,mb,"43 km SSW of Hihifo, Tonga"
2025-06-29T01:37:29.007Z,9.3226,93.9973,10.0,4.6,mb,"293 km SSE of Port Blair, India"
2025-06-29T01:28:19.481Z,9.3119,93.8715,10.0,4.5,mb,"288 km SSE of Port Blair, India"
2025-06-29T01:15:25.559Z,29.3062,129.3422,10.0,5.4,mww,"98 km NNW of Tatsugō, Japan"
2025-06-29T01:13:59.105Z,29.2716,129.1199,10.0,4.9,mb,"102 km NNW of Tatsugō, Japan"
2025-06-28T23:35:17.925Z,-11.1036,165.5075,10.0,4.5,mb,"52 km SW of Lata, Solomon Islands"
2025-06-28T23:34:58.208Z,9.3592,93.818,10.0,4.5,mb,"280 km SSE of Port Blair, India"
2025-06-28T22:49:26.959Z,-49.1395,124.9343,10.0,4.5,mb,western Indian-Antarctic Ridge
2025-06-28T22:24:00.294Z,30.3495,69.7968,10.0,5.2,mww,"56 km NNE of Barkhan, Pakistan"
2025-06-28T19:35:22.701Z,13.7159,-90.8717,66.31,5.0,mww,"24 km SSW of Puerto San José, Guatemala"
2025-06-28T19:05:55.051Z,-11.9721,165.4685,10.0,4.6,mb,"142 km SSW of Lata, Solomon Islands"
2025-06-28T18:18:20.515Z,-55.7567,-27.092,35.0,5.2,mww,South Sandwich Islands region
2025-06-28T12:40:43.625Z,2.7565,127.3287,53.159,5.3,mb,"136 km NNW of Tobelo, Indonesia"
2025-06-28T11:50:18.313Z,2.4082,127.1374,88.741,4.5,mb,"122 km NW of Tobelo, Indonesia"
2025-06-28T09:58:40.077Z,-29.7175,-71.2545,50.446,4.8,mb,"20 km N of La Serena, Chile"
2025-06-28T09:51:29.828Z,72.414,142.0095,10.0,5.1,mb,"288 km NW of Chokurdakh, Russia"
2025-06-28T08:32:20.957Z,-60.9793,-38.9672,10.0,6.6,mww,Scotia Sea
2025-06-28T08:24:45.814Z,41.7831,82.422,10.0,4.5,mb,"42 km W of Kuqa, China"
2025-06-28T06:08:19.722Z,51.4887,-168.5835,10.0,5.2,mww,"162 km S of Nikolski, Alaska"
2025-06-28T05:47:49.587Z,14.683,-94.2466,10.0,4.7,mb,"142 km SW of El Palmarcito, Mexico"
2025-06-28T05:41:50.041Z,14.7315,-94.1948,10.0,4.5,mb,"135 km SW of El Palmarcito, Mexico"
2025-06-28T05:17:21.317Z,-15.0945,-174.1901,87.858,4.8,mb,"104 km NNW of Hihifo, Tonga"
2025-06-28T05:01:05.745Z,-59.9236,-25.253,10.0,4.6,mb,South Sandwich Islands region
2025-06-28T04:17:08.545Z,-19.8818,-176.0335,229.0,5.5,mww,"161 km NNW of Houma, Tonga"
2025-06-28T00:15:15.828Z,29.3501,129.3552,10.064,4.5,mb,"102 km NNW of Tatsugō, Japan"
2025-06-27T23:43:33.286Z,-6.3575,-11.5605,10.0,4.5,mb,Ascension Island region
2025-06-27T23:41:43.694Z,5.4211,126.0271,83.491,4.9,mb,"62 km E of Sarangani, Philippines"
2025-06-27T23:07:10.371Z,5.2888,126.0425,99.77,6.0,mww,"65 km E of Sarangani, Philippines"
2025-06-27T17:59:39.140Z,-47.7996,115.9578,10.0,4.6,mb,western Indian-Antarctic Ridge
2025-06-27T14:58:12.410Z,9.5357,93.8546,10.0,5.1,mww,"265 km SSE of Port Blair, India"
2025-06-27T14:47:19.720Z,9.0956,93.9539,10.0,4.5,mb,"Nicobar Islands, India region"
2025-06-27T12:33:51.669Z,-31.0622,-178.6733,117.329,4.6,mb,Kermadec Islands region
2025-06-27T09:48:12.531Z,-6.4499,147.907,62.453,4.5,mb,"13 km NNE of Finschhafen, Papua New Guinea"
2025-06-27T06:39:24.682Z,-7.4607,127.884,175.024,4.5,mb,"152 km NE of Lospalos, Timor Leste"
2025-06-27T06:31:53.768Z,-2.1982,-80.0324,61.56,4.7,mb,"3 km WSW of Santa Lucía, Ecuador"
2025-06-27T04:25:53.731Z,34.4403,98.9489,10.0,5.1,mb,"200 km W of Oula Xiuma, China"
2025-06-27T04:17:04.996Z,29.2677,129.4653,10.0,4.9,mb,"91 km N of Tatsugō, Japan"
2025-06-26T23:56:01.762Z,36.5389,140.4701,63.208,4.6,mb,"4 km ESE of Ōmiya, Japan"
2025-06-26T23:53:54.769Z,-20.5367,-178.8275,624.994,4.7,mb,Fiji region
2025-06-26T19:24:09.404Z,6.3683,126.3743,95.618,4.5,mb,"21 km E of Pondaguitan, Philippines"
2025-06-26T16:25:01.072Z,31.2824,111.3398,10.0,4.5,mb,"63 km N of Yichang, China"
2025-06-26T15:28:34.925Z,-6.1547,151.4009,10.0,4.5,mb,"155 km ESE of Kimbe, Papua New Guinea"
2025-06-26T13:48:36.763Z,-29.4035,-176.5815,10.0,4.8,mb,Kermadec Islands region
2025-06-26T13:24:44.955Z,-52.7853,19.7054,10.0,4.6,mb,southwest of Africa
2025-06-26T13:14:15.712Z,-29.4769,-176.6905,10.0,4.8,mb,Kermadec Islands region
2025-06-26T12:50:15.838Z,4.9874,124.3648,10.0,4.8,mb,"112 km SSW of Katubao, Philippines"
2025-06-26T11:52:17.398Z,9.3312,94.0146,14.446,4.5,mb,"293 km SSE of Port Blair, India"
2025-06-26T10:13:37.302Z,-25.4251,179.6797,504.783,4.6,mb,south of the Fiji Islands
2025-06-26T10:13:09.531Z,2.9528,-31.3475,10.0,4.9,mb,central Mid-Atlantic Ridge
2025-06-26T10:02:39.637Z,-22.8279,-179.1866,523.472,4.5,mb,south of the Fiji Islands
2025-06-26T07:54:47.777Z,-5.6392,154.3387,135.478,5.0,mb,"147 km WNW of Panguna, Papua New Guinea"
2025-06-26T07:52:02.740Z,-15.0982,-172.9789,10.0,4.9,mb,"129 km NE of Hihifo, Tonga"
2025-06-26T06:51:38.651Z,3.2829,-31.4821,10.0,4.6,mb,central Mid-Atlantic Ridge
2025-06-26T03:32:22.705Z,-47.9879,116.6016,10.0,4.6,mb,western Indian-Antarctic Ridge
2025-06-25T22:16:13.700Z,-35.7221,-17.0441,10.0,6.2,mww,southern Mid-Atlantic Ridge
2025-06-25T18:54:44.309Z,16.2905,145.6009,535.74,4.8,mb,"120 km N of Saipan, Northern Mariana Islands"
2025-06-25T18:28:08.071Z,-16.2717,-172.9556,10.0,4.5,mb,"96 km ESE of Hihifo, Tonga"
2025-06-25T17:37:25.441Z,9.2161,93.7176,10.0,4.6,mb,"291 km SSE of Port Blair, India"
2025-06-25T14:40:58.557Z,-20.889,-173.7415,10.0,4.5,mb,"135 km SSE of Pangai, Tonga"
2025-06-25T13:35:30.033Z,72.6716,4.019,10.0,4.9,mww,Norwegian Sea
2025-06-25T12:28:14.181Z,19.6058,146.7683,10.0,4.5,mb,Mariana Islands region
2025-06-25T10:39:14.148Z,29.1776,129.4011,10.0,4.5,mb,"82 km NNW of Tatsugō, Japan"
2025-06-25T09:59:44.205Z,9.3263,93.9061,10.0,4.9,mb,"288 km SSE of Port Blair, India"
2025-06-25T09:08:47.775Z,36.576,143.8286,10.0,4.7,mww,"264 km ESE of Tomioka, Japan"
2025-06-25T08:40:05.649Z,1.4969,127.0354,124.95,4.6,mb,"87 km NNW of Ternate, Indonesia"
2025-06-25T08:11:16.293Z,-22.8203,-177.2155,196.89,5.3,mww,"269 km SW of Houma, Tonga"
2025-06-25T07:57:26.778Z,-55.7996,-27.5909,91.138,4.6,mb,South Sandwich Islands region
2025-06-25T07:17:52.716Z,28.4842,105.1015,10.0,4.5,mb,"20 km NNE of Bowangshan, China"
2025-06-25T06:13:21.455Z,64.5488,-39.9738,10.0,4.5,mb,"161 km SW of Tasiilaq, Greenland"
2025-06-25T05:47:25.528Z,29.3167,129.4731,10.0,4.5,mb,"96 km N of Tatsugō, Japan"
2025-06-25T04:08:34.990Z,9.4548,93.9818,10.0,4.5,mb,"279 km SSE of Port Blair, India"
2025-06-25T01:42:53.357Z,-11.5648,166.2719,86.02,4.5,mb,"106 km SSE of Lata, Solomon Islands"
2025-06-25T01:39:34.110Z,9.3808,93.9854,10.0,4.7,mb,"286 km SSE of Port Blair, India"
2025-06-25T01:33:28.230Z,9.4363,93.8934,10.0,5.4,mww,"276 km SSE of Port Blair, India"
2025-06-25T00:45:17.121Z,30.0272,131.2318,35.0,4.5,mb,"68 km SE of Koseda, Japan"
2025-06-24T23:53:44.051Z,9.3411,93.8007,10.0,4.5,mb,"281 km SSE of Port Blair, India"
2025-06-24T23:52:00.907Z,-41.4874,80.4508,10.0,5.2,mww,Mid-Indian Ridge
2025-06-24T23:51:41.383Z,9.5066,94.0004,10.0,4.8,mb,"275 km SSE of Port Blair, India"
2025-06-24T23:12:10.841Z,-6.3936,130.1817,115.7,4.8,mb,"296 km WSW of Tual, Indonesia"
2025-06-24T22:49:04.884Z,-21.3096,-67.1753,192.127,4.6,mb,"100 km SSW of Uyuni, Bolivia"
2025-06-24T22:12:42.923Z,-23.9576,-179.6961,487.707,4.7,mb,south of the Fiji Islands
2025-06-24T20:13:47.224Z,9.2948,93.9639,10.0,4.6,mb,"294 km SSE of Port Blair, India"
2025-06-24T18:50:05.012Z,-26.4374,-175.6566,10.0,4.5,mb,south of Tonga
2025-06-24T17:38:27.649Z,36.8328,54.9529,10.0,4.5,mb,"32 km E of Qarnābād, Iran"
2025-06-24T15:31:33.388Z,9.3326,93.9986,10.0,4.5,mb,"292 km SSE of Port Blair, India"
2025-06-24T13:50:16.539Z,9.5091,94.0036,10.0,4.6,mb,"275 km SSE of Port Blair, India"
2025-06-24T13:12:22.844Z,9.3664,94.0616,10.0,4.9,mb,"292 km SSE of Port Blair, India"
2025-06-24T12:53:19.256Z,9.3798,93.87,10.0,4.6,mb,"281 km SSE of Port Blair, India"
2025-06-24T12:23:23.875Z,9.5365,93.7405,10.0,4.6,mb,"259 km SSE of Port Blair, India"
2025-06-24T12:22:47.025Z,9.2684,93.9307,10.0,4.5,mb,"295 km SSE of Port Blair, India"
2025-06-24T10:16:58.345Z,9.3465,93.8265,10.0,4.9,mww,"282 km SSE of Port Blair, India"
2025-06-24T10:03:44.892Z,9.5201,93.4167,10.0,4.5,mb,"248 km SSE of Port Blair, India"
2025-06-24T09:34:07.987Z,9.2217,93.8561,10.0,4.6,mb,"296 km SSE of Port Blair, India"
2025-06-24T09:04:15.157Z,9.1574,93.9195,10.0,4.6,mb,"Nicobar Islands, India region"
2025-06-24T07:54:09.531Z,29.2029,129.3592,10.0,4.5,mb,"86 km NNW of Tatsugō, Japan"
2025-06-24T07:07:36.926Z,-23.5226,-179.7744,558.917,4.7,mb,south of the Fiji Islands
2025-06-24T07:04:14.355Z,29.3177,129.3656,10.0,5.1,mww,"98 km NNW of Tatsugō, Japan"
2025-06-24T06:24:33.474Z,4.4147,126.7057,58.242,5.0,mb,"175 km SE of Sarangani, Philippines"
2025-06-24T03:42:09.241Z,3.0099,-31.2949,10.0,4.6,mb,central Mid-Atlantic Ridge
2025-06-24T03:13:55.592Z,-18.0225,-178.2053,557.71,5.0,mb,"262 km E of Levuka, Fiji"
2025-06-24T03:08:35.023Z,-20.6853,-174.1519,10.0,4.6,mb,"98 km SSE of Pangai, Tonga"
2025-06-24T02:45:43.620Z,19.2245,-68.1103,68.0,5.7,mw,"77 km NNE of Punta Cana, Dominican Republic"
2025-06-24T01:58:41.616Z,-10.9655,162.6253,39.859,5.5,mww,"95 km SE of Kirakira, Solomon Islands"
2025-06-24T01:58:06.248Z,7.9765,129.9606,10.0,6.2,mww,east of the Philippine Islands
2025-06-24T01:53:16.206Z,-29.2746,-68.3171,51.587,4.8,mww,"58 km S of Vinchina, Argentina"
2025-06-24T00:21:09.050Z,-3.8526,-102.6551,10.0,4.6,mb,central East Pacific Rise
2025-06-23T23:21:34.982Z,-3.2855,141.142,24.139,4.5,mb,"68 km SSW of Vanimo, Papua New Guinea"
2025-06-23T22:52:24.053Z,-8.8521,-74.5921,144.588,4.6,mb,"15 km NE of Tournavista, Peru"
2025-06-23T21:10:17.591Z,-23.8589,-67.7832,152.805,4.5,mb,"113 km SSE of San Pedro de Atacama, Chile"
2025-06-23T19:14:26.214Z,13.7816,144.6729,146.154,5.4,mww,"34 km NNW of Dededo Village, Guam"
2025-06-23T18:51:53.409Z,-6.2118,151.8342,10.0,4.9,mb,"201 km ESE of Kimbe, Papua New Guinea"
2025-06-23T18:01:57.198Z,-20.9615,-178.7236,583.264,4.5,mb,Fiji region
2025-06-23T17:55:12.519Z,42.2035,144.6299,34.552,4.8,mb,"88 km SSE of Kushiro, Japan"
2025-06-23T17:23:29.381Z,29.3425,129.3401,10.0,5.0,mww,"102 km NNW of Tatsugō, Japan"
2025-06-23T14:46:56.645Z,29.2721,129.5069,10.0,4.5,mb,"91 km N of Tatsugō, Japan"
2025-06-23T14:36:18.769Z,29.3027,129.5391,10.0,5.1,mww,"94 km N of Tatsugō, Japan"
2025-06-23T14:17:52.821Z,29.2823,129.3891,10.0,4.5,mb,"94 km NNW of Tatsugō, Japan"
2025-06-23T13:06:02.703Z,-12.5691,-71.1653,10.0,4.7,mb,"36 km NE of Salvación, Peru"
2025-06-23T12:37:42.678Z,34.5711,34.1328,10.0,4.8,mb,"47 km SSE of Ayia Napa, Cyprus"
2025-06-23T09:18:46.390Z,4.5768,-73.2685,10.0,4.5,mb,"11 km NE of Medina, Colombia"
2025-06-23T07:50:56.991Z,29.3256,129.5979,10.0,4.5,mb,"97 km N of Tatsugō, Japan"
2025-06-23T07:46:17.544Z,29.2136,129.5771,10.0,4.9,mb,"84 km N of Tatsugō, Japan"
2025-06-23T03:17:18.573Z,-5.9266,150.7454,67.624,5.3,mww,"79 km ESE of Kimbe, Papua New Guinea"
2025-06-23T01:13:17.509Z,29.3266,129.2927,8.12,4.5,mb,"101 km NNW of Tatsugō, Japan"
2025-06-23T00:56:39.672Z,-8.2613,107.1413,35.0,4.7,mb,"122 km SSW of Banjar, Indonesia"
2025-06-23T00:34:39.126Z,2.9452,-31.1905,10.0,4.7,mb,central Mid-Atlantic Ridge
2025-06-23T00:33:58.628Z,3.0943,-31.2122,10.0,4.7,mb,central Mid-Atlantic Ridge
2025-06-22T23:34:27.533Z,6.2483,126.4764,83.347,4.6,mb,"35 km ESE of Pondaguitan, Philippines"
2025-06-22T20:46:16.575Z,-21.7213,-68.8386,122.143,4.5,mb,"81 km SW of Ollagüe, Chile"
2025-06-22T18:32:42.215Z,29.3391,129.3935,10.0,4.7,mb,"100 km NNW of Tatsugō, Japan"
2025-06-22T16:27:32.899Z,-19.9677,-173.2301,10.0,4.6,mb,"116 km ESE of Fangale’ounga, Tonga"
2025-06-22T14:46:06.106Z,-31.6817,-69.3335,121.016,4.7,mb,"39 km SSE of Calingasta, Argentina"
2025-06-22T11:47:21.409Z,-3.3034,130.3017,10.0,4.8,mb,"148 km E of Masohi, Indonesia"
2025-06-22T10:54:46.632Z,-11.3047,165.0563,10.0,4.5,mb,"103 km SW of Lata, Solomon Islands"
2025-06-22T10:26:35.805Z,-12.2556,167.1956,255.664,4.7,mb,"183 km NNW of Sola, Vanuatu"
2025-06-22T09:31:22.675Z,-3.3888,128.6923,34.574,4.7,mb,"25 km WSW of Amahai, Indonesia"
2025-06-22T09:11:25.394Z,29.3483,130.5906,42.233,4.5,mb,"98 km S of Koshima, Japan"
2025-06-22T08:15:04.716Z,29.2979,129.4444,10.0,5.0,mww,"95 km N of Tatsugō, Japan"
2025-06-22T06:27:16.216Z,-26.3825,-177.3807,10.0,5.3,mww,south of the Fiji Islands
2025-06-22T05:44:28.446Z,-26.2189,-177.4518,10.0,5.0,mww,south of the Fiji Islands
2025-06-22T05:27:03.835Z,29.3918,129.2546,10.0,4.6,mb,"109 km NNW of Tatsugō, Japan"
2025-06-22T03:37:19.632Z,29.2824,129.3047,10.0,4.6,mb,"96 km NNW of Tatsugō, Japan"
2025-06-22T03:12:25.050Z,29.343,129.308,10.0,4.8,mb,"102 km NNW of Tatsugō, Japan"
2025-06-22T02:39:19.133Z,-11.8328,166.6422,181.077,4.5,mb,"153 km SE of Lata, Solomon Islands"
2025-06-22T02:19:05.899Z,3.0762,-31.3443,10.0,4.6,mb,central Mid-Atlantic Ridge
2025-06-22T02:12:43.114Z,-17.98,-178.3576,605.504,4.5,mb,"246 km E of Levuka, Fiji"
2025-06-22T00:15:42.782Z,29.3037,129.4602,10.0,4.7,mb,"95 km N of Tatsugō, Japan"
2025-06-21T23:03:01.002Z,42.5536,146.7106,10.0,4.5,mb,"126 km SE of Nemuro, Japan"
2025-06-21T22:27:27.885Z,29.4276,129.1139,10.0,4.5,mb,"118 km NNW of Tatsugō, Japan"
2025-06-21T21:25:45.027Z,42.8989,146.573,39.188,5.3,mb,"93 km ESE of Nemuro, Japan"
2025-06-21T21:23:18.562Z,42.8951,146.4037,18.0,6.0,mww,"82 km SE of Nemuro, Japan"
2025-06-21T20:53:15.999Z,29.187,129.4981,10.0,4.7,mww,"82 km N of Tatsugō, Japan"
2025-06-21T20:24:36.444Z,29.3526,129.3488,10.0,4.5,mb,"102 km NNW of Tatsugō, Japan"
2025-06-21T20:02:46.427Z,2.8603,-31.2444,10.0,4.9,mb,central Mid-Atlantic Ridge
2025-06-21T19:18:48.533Z,-2.6158,-79.6742,49.966,5.2,mww,"8 km NW of Naranjal, Ecuador"
2025-06-21T17:52:08.102Z,29.2727,129.4856,10.0,4.5,mb,"91 km N of Tatsugō, Japan"
2025-06-21T17:41:07.964Z,14.9447,147.0388,37.539,4.6,mb,"141 km ESE of Saipan, Northern Mariana Islands"
2025-06-21T16:34:59.903Z,-6.6156,105.2585,62.384,4.9,mb,"68 km WSW of Labuan, Indonesia"
2025-06-21T15:36:26.163Z,-57.1047,-66.6962,10.0,4.9,mb,"274 km SSE of Ushuaia, Argentina"
2025-06-21T15:30:14.420Z,-6.6171,129.6733,138.85,4.7,mb,Banda Sea
2025-06-21T15:05:22.734Z,42.8497,146.6636,19.538,4.9,mb,"103 km ESE of Nemuro, Japan"
2025-06-21T14:10:56.603Z,29.3327,129.291,10.0,4.5,mb,"102 km NNW of Tatsugō, Japan"
2025-06-21T13:25:52.156Z,37.8993,20.1997,10.0,4.6,mwr,"39 km SSW of Lixoúri, Greece"
2025-06-21T07:28:01.172Z,64.5234,-39.9362,10.0,4.5,mb,"162 km SW of Tasiilaq, Greenland"
2025-06-21T05:53:06.935Z,-7.914,108.1714,80.713,4.6,mb,"59 km S of Kawalu, Indonesia"
2025-06-21T04:05:54.908Z,2.9552,-31.3953,10.0,4.5,mb,central Mid-Atlantic Ridge
2025-06-21T04:02:02.580Z,3.0945,-31.3985,10.0,4.7,mb,central Mid-Atlantic Ridge
2025-06-21T01:26:25.943Z,-21.2202,168.6323,10.0,4.6,mb,"86 km ENE of Tadine, New Caledonia"
2025-06-21T01:18:41.927Z,-13.0353,-74.503,76.246,4.6,mb,"6 km WSW of Julcamarca, Peru"
2025-06-20T20:26:34.819Z,44.6606,150.2677,35.0,4.5,mb,"198 km ESE of Kuril’sk, Russia"
2025-06-20T20:26:27.244Z,2.5667,-31.1345,10.0,4.8,mb,central Mid-Atlantic Ridge
2025-06-20T18:40:27.683Z,-57.9086,-9.2322,10.0,4.9,mb,east of the South Sandwich Islands
2025-06-20T17:49:31.701Z,-47.8453,115.8899,10.0,4.7,mb,western Indian-Antarctic Ridge
2025-06-20T17:49:14.620Z,35.3963,53.0254,10.0,4.9,mww,"38 km WSW of Semnan, Iran"
2025-06-20T17:30:53.996Z,-3.8117,131.512,10.0,4.5,mb,"131 km SW of Fakfak, Indonesia"
2025-06-20T16:18:55.073Z,36.6846,25.7839,10.0,4.6,mww,"19 km SSW of Amorgós, Greece"
2025-06-20T13:53:41.660Z,34.8716,23.3565,44.531,4.9,mb,"49 km SW of Palaióchora, Greece"
2025-06-20T13:18:38.014Z,-22.3355,171.5245,114.212,4.6,mb,southeast of the Loyalty Islands
2025-06-20T11:42:53.815Z,2.8774,-31.3365,10.0,5.0,mb,central Mid-Atlantic Ridge
2025-06-20T10:21:29.896Z,-60.6184,-19.8862,10.0,5.1,mb,east of the South Sandwich Islands
2025-06-20T10:01:23.207Z,14.075,-91.3428,76.758,4.6,mwr,"14 km SSW of Nueva Concepción, Guatemala"
2025-06-20T09:53:37.055Z,3.0734,-31.2893,10.0,4.8,mb,central Mid-Atlantic Ridge
2025-06-20T09:37:05.773Z,2.951,-31.4191,10.0,4.6,mb,central Mid-Atlantic Ridge
2025-06-20T03:29:40.858Z,-6.2371,151.4888,10.0,4.7,mb,"167 km ESE of Kimbe, Papua New Guinea"
2025-06-20T01:09:00.993Z,3.012,-31.3323,10.0,4.9,mb,central Mid-Atlantic Ridge
2025-06-20T00:41:19.782Z,34.7738,62.1033,10.0,4.6,mb,"35 km ESE of Qarah Bāgh, Afghanistan"
2025-06-19T23:06:06.931Z,3.1322,-31.4123,10.0,4.6,mb,central Mid-Atlantic Ridge
2025-06-19T22:21:46.546Z,3.0098,-31.4978,10.0,5.0,mb,central Mid-Atlantic Ridge
2025-06-19T20:37:54.991Z,-57.223,-67.0247,10.0,4.6,mb,"280 km SSE of Ushuaia, Argentina"
2025-06-19T20:18:37.349Z,21.9585,119.7862,10.0,4.9,mb,"88 km SW of Donggang, Taiwan"
2025-06-19T19:40:03.079Z,2.952,-31.2752,10.0,4.5,mb,central Mid-Atlantic Ridge
2025-06-19T18:28:06.273Z,3.0571,-31.3417,10.0,4.9,mb,central Mid-Atlantic Ridge
2025-06-19T18:12:58.781Z,44.0448,-28.3804,10.0,4.5,mb,northern Mid-Atlantic Ridge
2025-06-19T17:51:34.844Z,2.9049,-31.3588,10.0,4.7,mb,central Mid-Atlantic Ridge
2025-06-19T16:37:42.503Z,-6.171,147.856,37.0,5.5,mww,"42 km N of Finschhafen, Papua New Guinea"
2025-06-19T16:32:59.563Z,3.1095,-31.3631,10.0,4.9,mb,central Mid-Atlantic Ridge
2025-06-19T16:10:19.636Z,2.9103,-31.5242,10.0,4.5,mb,central Mid-Atlantic Ridge
2025-06-19T15:14:38.187Z,2.9684,-31.4072,10.0,5.0,mb,central Mid-Atlantic Ridge
2025-06-19T14:59:24.297Z,0.8027,-28.9079,10.0,5.1,mb,central Mid-Atlantic Ridge
2025-06-19T14:49:29.945Z,2.8875,-31.3647,10.0,4.8,mb,central Mid-Atlantic Ridge
2025-06-19T13:55:13.922Z,2.8767,-31.3804,10.0,4.7,mb,central Mid-Atlantic Ridge
2025-06-19T13:51:12.287Z,2.9504,-31.3093,10.0,5.3,mww,central Mid-Atlantic Ridge
2025-06-19T13:43:58.317Z,3.0847,-31.4127,10.0,4.6,mb,central Mid-Atlantic Ridge
2025-06-19T13:32:20.134Z,3.0133,-31.3637,10.0,4.9,mb,central Mid-Atlantic Ridge
2025-06-19T13:12:34.414Z,2.969,-31.1441,10.0,4.9,mb,central Mid-Atlantic Ridge
2025-06-19T13:08:23.987Z,3.0511,-31.3163,10.0,4.9,mb,central Mid-Atlantic Ridge
2025-06-19T13:07:52.122Z,17.156,147.2637,31.67,5.1,mww,"268 km NE of Saipan, Northern Mariana Islands"
2025-06-19T13:02:40.431Z,12.0909,-88.2878,10.0,4.7,mb,"116 km SW of Jiquilillo, Nicaragua"
2025-06-19T12:58:33.299Z,3.0444,-31.2991,10.0,5.1,mww,central Mid-Atlantic Ridge
2025-06-19T12:53:51.063Z,3.0244,-31.2871,10.0,4.8,mb,central Mid-Atlantic Ridge
2025-06-19T12:47:34.664Z,2.4741,-31.1717,10.0,4.5,mb,central Mid-Atlantic Ridge
2025-06-19T12:44:00.348Z,3.0935,-31.4434,10.0,4.5,mb,central Mid-Atlantic Ridge
2025-06-19T12:40:36.996Z,2.8597,-31.2512,10.0,4.7,mb,central Mid-Atlantic Ridge
2025-06-19T12:31:46.419Z,3.391,-31.5063,10.0,4.5,mb,central Mid-Atlantic Ridge
2025-06-19T12:21:03.221Z,-11.8875,165.3115,10.0,4.6,mb,"139 km SSW of Lata, Solomon Islands"
2025-06-19T11:50:10.589Z,23.7607,94.6583,109.653,4.6,mb,"28 km ENE of Mawlaik, Burma (Myanmar)"
2025-06-19T07:37:03.739Z,33.6428,139.4938,10.0,4.7,mb,"125 km SSE of Shimoda, Japan"
2025-06-19T06:08:22.488Z,-32.4483,-68.071,144.202,4.6,mb,"79 km NNE of San Martín, Argentina"
2025-06-19T03:37:03.930Z,13.1197,-81.1436,10.0,4.8,mww,"36 km SE of Mountain, Colombia"
2025-06-19T02:28:12.985Z,-20.9575,-174.997,41.894,4.6,mb,"20 km NNE of Kolonga, Tonga"
2025-06-19T00:47:32.771Z,-18.5696,65.2,10.0,4.5,mb,"224 km ENE of Port Mathurin, Mauritius"
2025-06-18T23:08:06.586Z,42.9403,146.4787,19.0,5.9,mww,"84 km ESE of Nemuro, Japan"
2025-06-18T19:20:34.163Z,-19.2929,-174.5261,60.89,4.6,mb,"55 km NNW of Fangale’ounga, Tonga"
2025-06-18T14:51:54.114Z,-47.5843,165.542,10.0,5.4,mww,"232 km SW of Riverton, New Zealand"
2025-06-18T14:44:40.133Z,-50.7727,-27.8732,10.0,4.6,mb,South Georgia Rise
2025-06-18T13:47:38.030Z,12.7999,123.5914,10.0,4.5,mb,"11 km SSW of Ogod, Philippines"
2025-06-18T12:30:12.644Z,32.0487,131.8488,51.411,4.8,mb,"34 km ESE of Takanabe, Japan"
2025-06-18T12:08:05.407Z,-21.2635,-179.2155,618.221,4.9,mb,Fiji region
2025-06-18T11:57:24.407Z,13.0775,-88.5694,79.464,5.4,mww,"22 km S of Puerto El Triunfo, El Salvador"
2025-06-18T10:07:19.944Z,14.8447,-94.114,10.0,4.7,mb,"120 km SW of El Palmarcito, Mexico"
2025-06-18T09:49:22.518Z,14.7728,-94.0883,9.0,5.8,mww,"123 km SW of El Palmarcito, Mexico"
2025-06-18T08:24:47.397Z,-8.2761,107.0433,41.036,4.9,mb,"126 km SSW of Banjar, Indonesia"
2025-06-18T04:18:37.300Z,3.5505,126.7713,49.644,4.5,mb,"244 km NW of Tobelo, Indonesia"
2025-06-17T23:13:39.293Z,-6.2751,129.0844,234.262,4.5,mb,Banda Sea
2025-06-17T22:52:15.351Z,-16.415,178.3725,10.0,4.6,mb,"105 km W of Labasa, Fiji"
2025-06-17T22:39:37.020Z,-15.7046,-173.6311,55.271,4.6,mb,"32 km NNE of Hihifo, Tonga"
2025-06-17T20:06:10.571Z,-57.9144,-25.4478,68.264,5.0,mb,South Sandwich Islands region
2025-06-17T19:49:06.629Z,5.8112,125.5447,67.379,4.6,mb,"10 km NNE of Kalbay, Philippines"
2025-06-17T16:47:30.798Z,-7.5997,133.4057,10.0,4.5,mb,"229 km SSE of Tual, Indonesia"
2025-06-17T15:38:28.722Z,34.8438,24.0579,45.21,4.6,mb,"2 km WNW of Kastrí, Greece"
2025-06-17T14:44:06.654Z,-36.3897,-98.1644,10.0,5.1,mww,southeast of Easter Island
2025-06-17T14:21:11.523Z,-8.3706,117.8192,21.11,4.5,mb,"37 km E of Pototano, Indonesia"
2025-06-17T14:16:21.169Z,-50.3426,112.7229,10.0,4.6,mb,southeast Indian Ridge
2025-06-17T13:53:26.721Z,-50.3231,112.5822,10.0,4.5,mb,southeast Indian Ridge
2025-06-17T13:45:23.357Z,38.9238,70.8581,10.776,4.5,mb,"43 km ESE of Rasht, Tajikistan"
2025-06-17T13:35:20.705Z,-4.8915,102.9727,65.331,4.7,mb,"100 km SSW of Pagar Alam, Indonesia"
2025-06-17T12:03:43.698Z,-22.8243,-175.3111,10.0,4.7,mb,"168 km SSW of ‘Ohonua, Tonga"
2025-06-17T12:00:21.822Z,-23.2021,-175.2174,10.0,4.9,mb,"207 km S of ‘Ohonua, Tonga"
2025-06-17T09:16:30.326Z,-23.0795,-174.9504,10.0,4.7,mb,"192 km S of ‘Ohonua, Tonga"
2025-06-17T08:36:25.059Z,8.2198,126.7159,53.724,5.3,mww,"31 km ENE of Barcelona, Philippines"
2025-06-17T08:22:01.202Z,-23.7096,-174.4933,10.0,4.7,mb,"266 km S of ‘Ohonua, Tonga"
2025-06-17T08:13:20.115Z,50.6854,156.7445,99.345,4.7,mb,"43 km E of Severo-Kuril’sk, Russia"
2025-06-17T08:12:55.259Z,-33.0595,-13.3452,10.0,5.0,mb,southern Mid-Atlantic Ridge
2025-06-17T06:56:32.048Z,10.4853,138.5123,10.0,4.7,mb,"115 km NNE of Colonia, Micronesia"
2025-06-17T06:32:57.278Z,30.9563,67.3163,10.0,4.5,mb,"44 km WNW of Khadan Khak, Pakistan"
2025-06-17T06:25:34.830Z,2.193,126.583,64.54,5.1,mb,"166 km WNW of Tobelo, Indonesia"
2025-06-17T05:28:26.876Z,20.1021,145.2197,35.0,4.5,mb,"Maug Islands region, Northern Mariana Islands"
2025-06-17T03:20:25.590Z,-7.0937,155.6701,70.527,4.8,mb,"88 km SSE of Panguna, Papua New Guinea"
2025-06-17T02:46:26.793Z,-0.9126,-78.2111,10.0,5.0,mww,"44 km ENE of San Miguel de Salcedo, Ecuador"
2025-06-17T02:09:19.821Z,-22.7414,-12.7919,10.0,4.7,mb,southern Mid-Atlantic Ridge
2025-06-16T21:38:25.918Z,15.4975,-94.8874,38.665,4.9,mwr,"79 km S of San Mateo del Mar, Mexico"
2025-06-16T15:18:12.778Z,-20.1375,67.2727,10.0,4.5,mb,Mid-Indian Ridge
2025-06-16T12:34:54.595Z,-49.9573,-113.3065,10.0,4.9,mb,southern East Pacific Rise
2025-06-16T11:45:03.171Z,-1.1583,129.6805,10.0,4.6,mb,"137 km SW of Waisai, Indonesia"
2025-06-16T10:30:56.573Z,21.8711,119.6383,10.0,4.6,mb,"106 km SW of Donggang, Taiwan"
2025-06-16T10:09:36.301Z,14.8139,54.8332,10.0,4.9,mb,"255 km NNE of Hadibu, Yemen"
2025-06-16T09:47:34.305Z,-4.6573,153.5717,108.393,4.6,mb,"148 km ESE of Kokopo, Papua New Guinea"
2025-06-16T09:26:23.364Z,14.693,54.7985,10.0,4.7,mb,"241 km NNE of Hadibu, Yemen"
2025-06-16T09:14:03.334Z,10.8873,93.5681,124.708,4.8,mb,"124 km SE of Port Blair, India"
2025-06-16T09:08:29.584Z,14.8887,54.9835,10.0,4.8,mb,"253 km SSE of Şalālah, Oman"
2025-06-16T09:07:25.334Z,-23.028,-66.0735,241.227,4.6,mb,"45 km WNW of El Aguilar, Argentina"
2025-06-16T08:43:33.400Z,-10.7646,161.6979,35.0,4.5,mb,"42 km SW of Kirakira, Solomon Islands"
2025-06-16T08:32:55.608Z,-10.857,161.4929,10.0,4.6,mb,"64 km SW of Kirakira, Solomon Islands"
2025-06-16T07:44:58.933Z,-38.9228,-91.3771,10.0,4.5,mb,West Chile Rise
2025-06-16T07:25:26.641Z,-20.1781,67.8236,10.0,4.9,mb,Mid-Indian Ridge
2025-06-16T06:17:15.454Z,-17.084,-174.0827,96.721,5.0,mb,"128 km SSW of Hihifo, Tonga"
2025-06-16T05:23:38.068Z,-3.1196,150.4813,10.0,4.6,mb,"69 km SSW of Kavieng, Papua New Guinea"
2025-06-16T04:06:49.512Z,44.8164,150.2755,10.0,4.7,mb,"194 km ESE of Kuril’sk, Russia"
2025-06-16T03:08:59.610Z,0.7343,118.5703,13.398,4.5,mb,"137 km ENE of Bontang, Indonesia"
2025-06-16T01:55:52.918Z,-37.4511,77.985,10.0,4.7,mb,Mid-Indian Ridge
2025-06-15T22:59:40.568Z,-33.0241,179.731,107.383,4.6,mb,south of the Kermadec Islands
2025-06-15T21:32:51.962Z,-41.8024,85.1846,10.0,4.9,mb,southeast Indian Ridge
2025-06-15T20:46:58.203Z,-23.3574,171.4649,10.0,4.5,mb,southeast of the Loyalty Islands
2025-06-15T17:31:03.307Z,-24.4489,-66.8963,170.88,5.2,mww,"63 km WSW of San Antonio de los Cobres, Argentina"
2025-06-15T16:35:29.241Z,-12.1764,-77.4434,40.0,5.6,mww,"37 km WSW of Callao, Peru"
2025-06-15T16:31:20.198Z,-7.9098,107.6951,67.784,4.6,mb,"76 km SW of Singaparna, Indonesia"
2025-06-15T11:28:23.037Z,4.709,96.1449,10.0,4.5,mb,"58 km SSW of Reuleuet, Indonesia"
2025-06-15T10:37:49.556Z,28.2788,104.9538,10.0,4.9,mb,"10 km WSW of Bowangshan, China"
2025-06-15T09:46:39.793Z,-10.7583,161.8188,41.106,4.7,mb,"35 km SSW of Kirakira, Solomon Islands"
2025-06-15T08:50:10.412Z,-8.7137,123.8975,112.864,4.8,mb,"75 km NW of Pante Makasar, Timor Leste"
2025-06-15T07:25:25.838Z,-56.2114,-143.8027,10.0,5.1,mb,Pacific-Antarctic Ridge
2025-06-15T07:04:11.012Z,11.1935,-87.1054,10.0,4.6,mb,"92 km SW of Masachapa, Nicaragua"
2025-06-15T06:02:54.738Z,-36.3787,-110.3703,10.0,4.5,mb,southern East Pacific Rise
2025-06-15T05:42:39.232Z,-20.875,-66.7739,217.89,4.5,mb,"46 km S of Uyuni, Bolivia"
2025-06-15T03:18:26.304Z,-56.0172,-26.6096,10.0,5.3,mb,South Sandwich Islands region
2025-06-15T01:58:43.087Z,81.2206,118.5921,10.0,4.9,mb,east of Severnaya Zemlya
2025-06-15T01:07:35.405Z,-49.0645,108.8182,10.0,4.9,mb,southeast Indian Ridge
2025-06-14T23:02:29.496Z,-28.5559,-176.8027,35.0,4.6,mb,Kermadec Islands region
2025-06-14T19:16:15.974Z,-36.5332,-110.6034,10.0,5.0,mb,southern East Pacific Rise
2025-06-14T18:36:46.662Z,-56.9882,147.4579,10.0,4.5,mb,west of Macquarie Island
2025-06-14T18:21:30.593Z,-19.9141,-173.6124,8.117,5.0,mww,"76 km ESE of Fangale’ounga, Tonga"
2025-06-14T13:23:56.597Z,25.5285,62.8305,20.059,4.5,mb,"56 km SSW of Turbat, Pakistan"
2025-06-14T11:32:05.319Z,2.2015,66.8265,10.0,5.3,mww,Carlsberg Ridge
2025-06-14T10:47:01.673Z,38.5813,142.0012,58.365,5.0,mww,"50 km ENE of Onagawa Chō, Japan"
2025-06-14T10:26:43.011Z,44.8318,150.3277,10.0,4.5,mb,"197 km ESE of Kuril’sk, Russia"
2025-06-14T09:59:14.891Z,-35.6874,-18.7212,10.0,5.0,mb,southern Mid-Atlantic Ridge
2025-06-14T09:27:43.354Z,19.1898,121.2637,29.92,4.9,mb,"64 km N of Namuac, Philippines"
2025-06-14T08:14:25.374Z,-36.5405,-110.6876,10.0,5.4,mww,southern East Pacific Rise
2025-06-14T06:43:33.708Z,-36.5978,-110.5689,10.0,5.6,mww,southern East Pacific Rise
2025-06-14T04:51:06.474Z,-47.865,116.1043,10.0,4.7,mb,western Indian-Antarctic Ridge
2025-06-14T04:21:50.864Z,30.5605,141.6086,10.0,4.6,mb,"Izu Islands, Japan region"
2025-06-14T03:46:56.873Z,-16.7684,66.846,10.0,4.6,mb,Mid-Indian Ridge
2025-06-14T03:31:36.618Z,-1.2913,-80.8907,10.0,4.6,mb,"35 km W of Jipijapa, Ecuador"
2025-06-14T03:10:59.726Z,-36.397,-110.8137,10.0,5.7,mww,southern East Pacific Rise
2025-06-14T00:38:43.253Z,-22.8542,-112.5302,10.0,4.5,mb,Easter Island region
2025-06-13T23:00:20.978Z,-17.8763,168.501,157.959,5.0,mb,"25 km SE of Port-Vila, Vanuatu"
2025-06-13T18:35:14.935Z,46.1842,153.426,35.0,6.0,mww,Kuril Islands
2025-06-13T18:29:07.113Z,-36.5407,-110.0689,10.0,4.5,mb,southern East Pacific Rise
2025-06-13T17:26:34.795Z,-22.8289,-112.3636,10.0,4.5,mb,Easter Island region
2025-06-13T14:54:37.970Z,-30.7555,-178.8389,101.387,4.5,mb,"Kermadec Islands, New Zealand"
2025-06-13T14:25:09.074Z,-23.0448,-114.7045,10.0,4.6,mb,Easter Island region
2025-06-13T14:20:55.472Z,-7.5559,142.918,10.0,4.6,mb,"171 km N of Daru, Papua New Guinea"
2025-06-13T13:56:05.751Z,-21.4699,-176.2922,110.0,4.7,mb,"107 km WSW of Houma, Tonga"
2025-06-13T13:41:36.692Z,1.5433,127.1003,117.586,4.5,mb,"89 km NNW of Ternate, Indonesia"
2025-06-13T11:26:46.003Z,-5.9694,149.5578,72.673,5.0,mb,"26 km N of Kandrian, Papua New Guinea"
2025-06-13T08:13:18.068Z,5.2501,125.1041,10.0,4.9,mb,"43 km WSW of Sarangani, Philippines"
2025-06-13T06:28:32.849Z,-15.2932,-176.2693,365.848,5.3,mww,"222 km S of Mata-Utu, Wallis and Futuna"
2025-06-13T06:18:29.891Z,35.5966,140.1057,70.015,4.5,mb,"1 km WSW of Chiba, Japan"
2025-06-13T04:30:13.823Z,-36.4262,-111.0316,10.0,4.6,mb,southern East Pacific Rise
2025-06-13T04:26:03.428Z,-62.0394,162.1379,10.0,5.3,mww,Balleny Islands region
2025-06-13T03:37:59.924Z,-23.3029,-176.97,151.949,4.5,mb,"292 km SW of Houma, Tonga"
2025-06-13T03:30:41.843Z,-5.9843,146.2924,112.408,4.8,mb,"58 km NE of Kainantu, Papua New Guinea"
2025-06-13T02:33:31.031Z,-10.2136,161.2542,112.951,4.7,mb,"77 km WNW of Kirakira, Solomon Islands"
2025-06-13T02:28:01.374Z,-11.041,119.2605,10.0,4.8,mww,"178 km S of Tambolaka, Indonesia"
2025-06-13T01:47:35.140Z,-11.7502,163.4071,10.0,4.5,mb,"216 km SE of Kirakira, Solomon Islands"
2025-06-13T01:35:37.627Z,-60.1785,-26.8852,43.133,4.5,mb,South Sandwich Islands region
2025-06-13T01:29:21.886Z,-17.4643,167.9105,20.208,4.9,mb,"52 km NW of Port-Vila, Vanuatu"
2025-06-13T01:28:01.005Z,27.1927,140.1665,457.226,4.5,mb,"Bonin Islands, Japan region"
2025-06-12T22:23:36.528Z,-2.9423,0.0956,10.0,4.7,mb,South Atlantic Ocean
2025-06-12T17:29:39.282Z,-7.378,128.8768,138.247,4.5,mb,"242 km ENE of Lospalos, Timor Leste"
2025-06-12T17:25:29.277Z,-4.9005,150.9605,251.285,4.7,mb,"116 km NE of Kimbe, Papua New Guinea"
2025-06-12T14:38:25.628Z,5.2363,125.3653,30.268,5.0,mb,"21 km SSW of Sarangani, Philippines"
2025-06-12T14:23:22.422Z,-6.1823,130.3395,167.981,4.5,mb,"274 km WSW of Tual, Indonesia"
2025-06-12T13:42:36.294Z,-19.9436,173.4619,10.0,4.9,mb,Vanuatu region
2025-06-12T11:26:47.587Z,-9.2752,124.6063,35.0,4.6,mb,"23 km NE of Kefamenanu, Indonesia"
2025-06-12T11:23:45.949Z,51.9173,90.6931,10.0,4.5,mb,"70 km NW of Sut-Khol’, Russia"
2025-06-12T09:41:21.671Z,-3.3452,130.2644,10.0,4.9,mb,"144 km E of Masohi, Indonesia"
2025-06-12T08:33:05.470Z,-62.9489,-162.833,10.0,5.0,mb,Pacific-Antarctic Ridge
2025-06-12T08:25:03.094Z,-22.7312,-174.6101,10.0,4.8,mb,"158 km SSE of ‘Ohonua, Tonga"
2025-06-12T06:14:26.535Z,-63.2081,-164.4234,10.0,5.5,mww,Pacific-Antarctic Ridge
2025-06-12T05:28:18.368Z,-63.5582,-163.5379,10.0,5.1,mb,Pacific-Antarctic Ridge
2025-06-12T04:58:26.463Z,-63.2412,-163.7581,10.0,5.7,mww,Pacific-Antarctic Ridge
2025-06-12T04:30:49.765Z,-3.8892,131.487,10.0,4.7,mb,"139 km SW of Fakfak, Indonesia"
2025-06-12T03:49:20.169Z,33.5438,138.2464,10.0,4.9,mww,"117 km S of Ōyama, Japan"
2025-06-12T03:36:11.880Z,-6.3254,-79.9277,67.657,5.0,mb,"13 km WNW of Jayanca, Peru"
2025-06-11T20:59:44.257Z,28.2001,140.7287,161.957,4.6,mb,"Bonin Islands, Japan region"
2025-06-11T20:45:44.745Z,-20.6781,169.6347,60.423,5.2,mww,"131 km SSE of Isangel, Vanuatu"
2025-06-11T20:36:17.851Z,51.3695,-176.3359,37.019,4.5,mwr,"59 km SSE of Adak, Alaska"
2025-06-11T15:37:26.131Z,28.335,142.823,10.0,4.5,mb,"Bonin Islands, Japan region"
2025-06-11T11:00:28.001Z,23.3659,121.6239,29.331,5.9,mww,"67 km S of Hualien City, Taiwan"
2025-06-11T09:30:42.851Z,42.3031,144.5453,37.615,4.6,mb,"75 km S of Kushiro, Japan"
2025-06-11T08:53:48.877Z,8.1119,126.2944,10.0,4.6,mb,"11 km SSW of Bislig, Philippines"
2025-06-11T08:19:30.335Z,-13.3339,167.1963,214.417,5.2,mww,"71 km NNW of Sola, Vanuatu"
2025-06-11T07:10:10.077Z,16.2678,-98.0991,20.402,4.8,mww,"7 km WNW of El Carrizo, Mexico"
2025-06-11T00:09:10.508Z,-55.2945,-27.9457,20.422,4.5,mb,South Sandwich Islands region
2025-06-10T23:14:49.950Z,-20.5191,-178.3834,549.345,4.7,mb,Fiji region
2025-06-10T22:54:14.346Z,-47.7943,115.8814,10.0,4.5,mb,western Indian-Antarctic Ridge
2025-06-10T21:34:38.714Z,-10.1113,160.6988,35.0,4.7,mb,"111 km SE of Honiara, Solomon Islands"
2025-06-10T11:46:33.969Z,-54.0562,-133.4096,10.0,4.5,mb,Pacific-Antarctic Ridge
2025-06-10T11:18:04.258Z,-17.4598,167.8046,35.0,4.8,mb,"62 km WNW of Port-Vila, Vanuatu"
2025-06-10T10:43:10.264Z,8.3867,127.5392,10.0,4.6,mb,"124 km ENE of Barcelona, Philippines"
2025-06-10T10:17:22.063Z,-31.7788,-69.3489,111.909,4.5,mwr,"49 km S of Calingasta, Argentina"
2025-06-10T09:28:48.034Z,-55.4729,-28.2657,51.736,4.8,mb,South Sandwich Islands region
2025-06-10T09:12:41.544Z,-47.6325,116.1184,10.0,4.6,mb,western Indian-Antarctic Ridge
2025-06-10T07:29:52.367Z,-55.3315,-27.9668,26.371,4.6,mb,South Sandwich Islands region
2025-06-10T07:27:48.498Z,-55.3994,-28.5302,32.45,5.1,mb,South Sandwich Islands region
2025-06-10T06:41:19.841Z,-55.349,-27.98,10.0,4.6,mb,South Sandwich Islands region
2025-06-10T06:17:32.701Z,-55.7008,-29.2896,76.67,4.5,mb,South Sandwich Islands region
2025-06-10T05:51:03.743Z,23.4149,94.6684,105.73,4.5,mb,"36 km SE of Mawlaik, Burma (Myanmar)"
2025-06-10T04:34:29.257Z,-55.3509,-27.9525,10.0,4.8,mb,South Sandwich Islands region
2025-06-10T04:18:25.739Z,-39.7921,-16.4739,10.0,4.5,mb,southern Mid-Atlantic Ridge
2025-06-10T04:11:44.235Z,-55.3495,-27.7061,10.0,4.5,mb,South Sandwich Islands region
2025-06-10T04:07:20.359Z,-55.3523,-28.0375,11.592,5.6,mww,South Sandwich Islands region
2025-06-10T03:46:05.728Z,-55.4483,-28.168,15.227,5.4,mww,South Sandwich Islands region
2025-06-09T22:35:03.341Z,-50.309,134.899,10.0,4.5,mb,western Indian-Antarctic Ridge
2025-06-09T22:01:48.111Z,-15.5439,166.6985,10.0,4.7,mb,"49 km W of Luganville, Vanuatu"
2025-06-09T18:45:18.688Z,16.7051,59.7787,10.0,4.7,mb,Owen Fracture Zone region
2025-06-09T16:55:04.878Z,-7.7947,108.7198,99.247,4.8,mb,"32 km WSW of Cilacap, Indonesia"
2025-06-09T16:04:58.923Z,13.6999,120.7166,167.515,5.1,mww,"16 km S of Hukay, Philippines"
2025-06-09T14:24:02.137Z,-28.147,63.0684,10.0,4.5,mb,Southwest Indian Ridge
2025-06-09T12:03:48.706Z,4.4519,-73.1153,10.0,4.5,mb,"13 km NE of Paratebueno, Colombia"
2025-06-09T03:14:45.163Z,18.4923,94.6762,47.453,4.9,mb,"68 km WSW of Pyay, Burma (Myanmar)"
2025-06-09T02:46:12.496Z,-29.9733,-179.395,298.88,4.7,mb,Kermadec Islands region
2025-06-08T22:43:22.289Z,4.5116,-73.0916,10.0,4.8,mb,"15 km WSW of Barranca de Upía, Colombia"
2025-06-08T21:28:08.469Z,-47.8884,115.9579,10.0,5.5,mww,western Indian-Antarctic Ridge
2025-06-08T21:16:26.614Z,-31.5118,-179.0856,10.0,4.8,mb,Kermadec Islands region
2025-06-08T21:15:06.129Z,-47.8029,116.0489,9.0,5.9,mww,western Indian-Antarctic Ridge
2025-06-08T19:46:14.879Z,-27.8354,-66.9033,147.458,4.7,mb,"26 km ESE of Londres, Argentina"
2025-06-08T17:45:12.875Z,4.3699,-73.2403,10.0,4.5,mb,"2 km WSW of Paratebueno, Colombia"
2025-06-08T16:30:58.151Z,4.4323,-73.328,10.0,4.9,mb,"8 km SSE of Medina, Colombia"
2025-06-08T14:55:46.244Z,-59.858,-150.4824,10.0,5.1,mb,Pacific-Antarctic Ridge
2025-06-08T13:37:18.982Z,4.3802,-73.1981,10.0,4.7,mb,"1 km ENE of Paratebueno, Colombia"
2025-06-08T13:30:59.248Z,-11.7641,165.1128,10.0,4.6,mb,"137 km SSW of Lata, Solomon Islands"
2025-06-08T13:08:05.797Z,4.4852,-73.1248,9.0,6.3,mww,"15 km NE of Paratebueno, Colombia"
2025-06-08T11:39:26.226Z,-47.2662,-11.1264,10.0,4.8,mb,southern Mid-Atlantic Ridge
2025-06-08T09:35:56.158Z,-25.4227,-177.1364,122.376,4.9,mb,south of the Fiji Islands
2025-06-08T08:39:07.105Z,16.9241,-85.5567,10.0,4.6,mb,"61 km NNE of Savannah Bight, Honduras"
2025-06-08T07:51:31.643Z,-49.4051,123.6767,10.0,4.5,mb,western Indian-Antarctic Ridge
2025-06-08T04:56:58.799Z,-47.8412,116.1315,10.0,5.2,mb,western Indian-Antarctic Ridge
2025-06-08T04:39:28.868Z,87.0815,48.4406,10.0,5.2,mww,north of Franz Josef Land
2025-06-08T03:46:33.801Z,-0.5737,121.8989,10.0,4.7,mb,"107 km WNW of Luwuk, Indonesia"
2025-06-08T02:31:43.643Z,-47.7942,116.0167,10.0,4.8,mb,western Indian-Antarctic Ridge
2025-06-08T00:50:30.809Z,14.6129,144.2012,10.0,5.3,mww,"137 km NNW of Piti Village, Guam"
2025-06-08T00:48:46.671Z,-5.2813,68.5664,10.0,4.6,mb,Chagos Archipelago region
2025-06-07T23:20:45.671Z,-47.8272,115.9955,10.0,6.2,mww,western Indian-Antarctic Ridge
2025-06-07T22:04:35.382Z,14.4865,144.311,10.0,4.9,mww,"120 km NNW of Asan-Maina Village, Guam"
2025-06-07T22:03:25.247Z,7.6879,127.2735,10.0,4.5,mb,"79 km E of Baganga, Philippines"
2025-06-07T17:27:46.080Z,-16.2419,-177.7073,17.886,4.5,mb,"218 km SSE of Alo, Wallis and Futuna"
2025-06-07T17:05:27.432Z,-7.1091,150.497,10.0,4.5,mb,"144 km SE of Kandrian, Papua New Guinea"
2025-06-07T16:17:30.146Z,-55.9734,-27.8435,105.039,4.6,mb,South Sandwich Islands region
2025-06-07T14:01:36.101Z,-21.0683,-68.9398,114.043,4.7,mb,"73 km WNW of Ollagüe, Chile"
2025-06-07T13:43:32.511Z,0.8093,-27.9489,10.0,4.7,mb,central Mid-Atlantic Ridge
2025-06-07T13:20:48.447Z,-29.3889,-179.0368,341.612,4.9,mb,Kermadec Islands region
2025-06-07T12:46:20.307Z,40.2717,24.1669,10.093,5.4,mww,"6 km WNW of Karyes, Greece"
2025-06-07T11:06:04.640Z,-57.2756,-66.8962,10.0,5.3,mww,"288 km SSE of Ushuaia, Argentina"
2025-06-07T10:51:52.805Z,-59.1835,-25.4503,35.0,4.5,mb,South Sandwich Islands region
2025-06-07T07:58:20.739Z,-14.9452,66.9026,10.0,5.1,mww,Mid-Indian Ridge
2025-06-07T07:33:40.295Z,-14.9216,66.7948,10.0,5.5,mww,Mid-Indian Ridge
2025-06-07T05:40:19.043Z,41.2787,142.398,54.639,4.5,mb,"98 km ENE of Yokohama, Japan"
2025-06-07T04:44:13.427Z,-7.032,155.7382,83.873,4.7,mb,"83 km SSE of Panguna, Papua New Guinea"
2025-06-07T04:37:40.398Z,-14.9357,66.691,10.0,4.9,mb,Mid-Indian Ridge
2025-06-07T04:06:32.240Z,8.6957,-83.2685,10.0,4.7,mwr,"19 km WNW of Golfito, Costa Rica"
2025-06-07T03:33:50.763Z,41.0818,75.2923,10.0,4.8,mww,"34 km SE of Baetovo, Kyrgyzstan"
2025-06-07T02:51:40.320Z,-5.5494,147.3749,197.913,5.0,mb,"123 km NNW of Finschhafen, Papua New Guinea"
2025-06-07T02:34:58.690Z,-42.6422,-74.2493,36.411,4.5,mwr,"38 km W of Chonchi, Chile"
2025-06-07T02:08:31.447Z,13.1213,-81.1784,10.0,5.1,mww,"33 km SE of Mountain, Colombia"
2025-06-06T23:51:59.936Z,-14.896,66.8835,10.0,4.5,mb,Mid-Indian Ridge
2025-06-06T21:37:27.874Z,18.4849,145.0895,478.314,4.7,mb,"Pagan region, Northern Mariana Islands"
2025-06-06T19:28:30.995Z,-22.0335,-178.0449,359.0,5.9,mww,"299 km WSW of Houma, Tonga"
2025-06-06T18:00:09.268Z,-18.8542,65.4124,10.0,4.6,mb,"228 km ENE of Port Mathurin, Mauritius"
2025-06-06T17:15:06.807Z,-26.639,-70.4039,75.0,6.4,mww,"45 km SW of Diego de Almagro, Chile"
2025-06-06T16:58:22.575Z,-5.0328,151.767,82.848,4.7,mb,"94 km SW of Kokopo, Papua New Guinea"
2025-06-06T14:41:59.753Z,-8.8381,118.7623,112.873,4.5,mb,"38 km SW of Sape, Indonesia"
2025-06-06T14:12:13.500Z,3.9206,126.0371,98.428,4.5,mb,"175 km SSE of Sarangani, Philippines"
2025-06-06T12:42:11.929Z,4.2511,128.4043,10.0,4.6,mb,"282 km N of Tobelo, Indonesia"
2025-06-06T12:37:10.367Z,-24.2027,-179.7977,508.257,4.5,mb,south of the Fiji Islands
2025-06-06T09:36:31.821Z,46.0482,151.6411,35.0,4.5,mb,Kuril Islands
2025-06-06T09:06:52.599Z,14.9325,-61.4045,150.42,4.5,mb,"31 km WNW of Basse-Pointe, Martinique"
2025-06-06T00:07:10.735Z,15.0734,-91.2919,192.348,4.5,mb,"6 km NE of Santa María Chiquimula, Guatemala"
2025-06-05T23:31:24.968Z,-1.6753,123.8813,10.0,4.5,mb,"145 km ESE of Luwuk, Indonesia"
2025-06-05T18:36:27.983Z,-60.9021,-23.7013,10.0,4.7,mb,South Sandwich Islands region
2025-06-05T17:53:49.278Z,-30.1119,-177.9446,29.892,4.6,mb,"Kermadec Islands, New Zealand"
2025-06-05T14:51:26.226Z,37.8282,141.6018,66.961,4.5,mwr,"59 km ENE of Minami-Sōma, Japan"
2025-06-05T13:17:54.760Z,13.2717,123.9352,10.0,4.5,mb,"15 km E of Bacacay, Philippines"
2025-06-05T11:56:25.395Z,-5.5857,150.1914,147.84,4.8,mb,"7 km ESE of Kimbe, Papua New Guinea"
2025-06-05T11:11:43.726Z,13.6224,123.4808,35.0,4.7,mb,"0 km NNW of Caraycayon, Philippines"
2025-06-05T10:18:33.680Z,41.0731,75.1541,10.0,4.5,mb,"27 km SE of Baetovo, Kyrgyzstan"
2025-06-05T10:05:08.095Z,4.2738,125.8902,92.607,4.5,mb,"133 km SSE of Sarangani, Philippines"
2025-06-05T05:18:38.368Z,40.1392,24.7724,10.0,4.6,mwr,"38 km NW of Mýrina, Greece"
2025-06-05T04:24:41.891Z,-27.7912,-178.3832,10.0,4.5,mb,Kermadec Islands region
2025-06-05T03:26:21.403Z,27.6867,-102.7938,4.0,4.9,mww,"56 km NW of Ocampo, Mexico"
2025-06-05T00:09:18.730Z,5.3502,-82.6724,10.0,5.6,mww,"297 km S of Burica, Panama"
2025-06-04T22:11:56.501Z,-18.8773,-175.5661,197.862,4.6,mb,"162 km NW of Fangale’ounga, Tonga"
2025-06-04T20:31:55.417Z,26.3717,100.0201,10.0,5.0,mww,"21 km SSE of Jinhua, China"
2025-06-04T19:55:19.879Z,42.3005,144.6126,41.853,4.5,mb,"77 km SSE of Kushiro, Japan"
2025-06-04T17:35:13.500Z,-6.7394,150.8719,10.0,4.6,mb,"154 km SSE of Kimbe, Papua New Guinea"
2025-06-04T15:31:32.265Z,-12.0871,166.2017,81.535,4.5,mb,"157 km SSE of Lata, Solomon Islands"
2025-06-04T15:27:50.310Z,-11.9603,166.1371,70.99,5.0,mb,"141 km SSE of Lata, Solomon Islands"
2025-06-04T15:20:55.008Z,-5.2022,151.6993,117.783,4.5,mb,"114 km SSW of Kokopo, Papua New Guinea"
2025-06-04T14:39:36.400Z,53.0537,159.6058,72.24,4.7,mb,"65 km E of Petropavlovsk-Kamchatsky, Russia"
2025-06-04T13:58:08.059Z,-27.6871,-176.4475,37.168,4.5,mb,Kermadec Islands region
2025-06-04T10:41:19.317Z,2.9943,127.6714,97.541,4.5,mb,"144 km NNW of Tobelo, Indonesia"
2025-06-04T03:43:06.651Z,-3.447,131.0108,10.0,5.2,mww,"154 km WSW of Fakfak, Indonesia"
2025-06-04T02:39:41.090Z,29.6178,140.6583,127.992,4.6,mb,"Izu Islands, Japan region"
2025-06-03T23:13:06.818Z,33.5257,81.8743,10.0,4.7,mb,western Xizang
2025-06-03T18:55:06.826Z,-45.1396,167.0321,39.583,4.6,mwr,"61 km WNW of Te Anau, New Zealand"
2025-06-03T17:34:59.479Z,-27.9657,-176.571,43.29,4.7,mb,Kermadec Islands region
2025-06-03T16:17:10.157Z,51.9077,-177.3059,10.0,4.7,mb,"46 km W of Adak, Alaska"
2025-06-03T16:16:57.617Z,51.8463,-177.2941,16.852,4.9,mww,"45 km W of Adak, Alaska"
2025-06-03T13:18:28.018Z,41.7865,143.4834,42.826,5.1,mww,"57 km SSE of Hiroo, Japan"
2025-06-03T11:26:34.214Z,34.9737,25.8273,26.858,5.1,mww,"8 km ESE of Ierápetra, Greece"
2025-06-03T11:17:52.897Z,33.2906,132.2414,50.631,4.5,mb,"25 km SW of Yawatahama, Japan"
2025-06-03T10:41:36.191Z,-4.6824,155.2729,518.468,5.0,mb,"174 km NNW of Kieta, Papua New Guinea"
2025-06-03T09:11:56.550Z,1.354,126.2001,59.119,4.9,mb,"119 km E of Bitung, Indonesia"
2025-06-03T05:31:31.266Z,-5.6147,152.3676,10.0,4.7,mb,"141 km S of Kokopo, Papua New Guinea"
2025-06-03T03:50:01.733Z,-7.3196,147.8867,58.863,5.1,mb,"84 km S of Finschhafen, Papua New Guinea"
2025-06-03T03:34:55.739Z,-27.6076,-177.4072,84.728,4.7,mb,Kermadec Islands region
2025-06-03T01:00:55.521Z,-36.4696,177.3638,10.0,4.5,mb,"146 km ENE of Pauanui, New Zealand"
2025-06-02T23:54:28.427Z,16.5897,-93.93,132.014,4.6,mb,"6 km W of Pomposo Castellanos, Mexico"
2025-06-02T23:17:28.209Z,36.7258,28.1891,72.0,5.8,mww,"8 km SSW of İçmeler, Turkey"
2025-06-02T20:45:52.572Z,-6.7948,129.4781,162.132,4.5,mb,Banda Sea
2025-06-02T18:29:38.861Z,-31.1774,-178.5947,64.353,4.6,mb,Kermadec Islands region
2025-06-02T10:41:49.719Z,-4.7319,102.6005,62.855,4.7,mb,"106 km SW of Pagar Alam, Indonesia"
2025-06-02T09:35:42.286Z,-9.7217,152.6903,10.0,4.5,mb,"243 km ENE of Samarai, Papua New Guinea"
2025-06-02T07:25:22.261Z,-18.298,168.066,35.62,4.9,mb,"67 km SSW of Port-Vila, Vanuatu"
2025-06-02T06:52:31.813Z,18.0319,145.5628,278.888,4.9,mb,"Pagan region, Northern Mariana Islands"
2025-06-02T03:58:36.482Z,-9.6505,152.7467,10.0,4.9,mb,"251 km ENE of Samarai, Papua New Guinea"
2025-06-02T03:52:49.738Z,-9.6707,152.7941,10.0,4.7,mb,"255 km ENE of Samarai, Papua New Guinea"
2025-06-02T03:48:26.530Z,-15.7357,167.1841,31.682,4.5,mb,"23 km S of Luganville, Vanuatu"
2025-06-02T02:31:19.184Z,38.4427,142.1787,28.908,4.7,mb,"63 km E of Onagawa Chō, Japan"
2025-06-02T00:17:24.753Z,-6.8703,147.4801,64.363,4.7,mb,"53 km SW of Finschhafen, Papua New Guinea"
2025-06-01T22:17:07.325Z,-27.6794,-178.1079,10.0,5.2,mww,Kermadec Islands region
2025-06-01T19:08:34.332Z,41.7821,143.6015,37.308,4.7,mb,"60 km SSE of Hiroo, Japan"
2025-06-01T18:51:52.960Z,41.7431,143.6866,27.0,5.8,mww,"68 km SSE of Hiroo, Japan"
2025-06-01T16:13:10.814Z,-0.4916,100.2171,82.118,4.6,mb,"17 km NE of Pariaman, Indonesia"
2025-06-01T12:55:53.506Z,37.5417,144.0539,10.0,4.6,mb,"249 km ESE of Onagawa Chō, Japan"
2025-06-01T12:51:54.202Z,14.8937,146.2361,82.858,4.5,mb,"62 km SE of Saipan, Northern Mariana Islands"
2025-06-01T12:17:04.512Z,-30.5376,-179.1076,235.117,4.5,mb,Kermadec Islands region
2025-06-01T08:14:01.860Z,-3.623,68.4902,10.0,4.6,mb,Chagos Archipelago region
2025-06-01T08:02:02.940Z,30.7816,103.4528,10.0,4.5,mb,"40 km N of Linqiong, China"
2025-06-01T07:33:48.353Z,-32.0064,-69.265,118.123,4.5,mb,"71 km SW of Villa Basilio Nievas, Argentina"
2025-06-01T04:40:40.397Z,-8.7829,127.2727,10.0,4.6,mb,"41 km SE of Lospalos, Timor Leste"
2025-06-01T03:48:06.496Z,-15.0592,168.0246,10.0,4.7,mb,"102 km E of Port-Olry, Vanuatu"
2025-06-01T03:37:48.739Z,-16.9047,-172.8988,10.0,4.7,mb,"142 km SE of Hihifo, Tonga"
2025-06-01T03:06:24.122Z,-16.6866,-172.1765,10.0,5.2,mb,"191 km ESE of Hihifo, Tonga"
2025-05-31T22:51:48.015Z,-27.861,-178.2142,10.0,4.6,mb,Kermadec Islands region
2025-05-31T22:41:06.335Z,53.5821,-163.248,35.0,4.6,mb,"141 km S of False Pass, Alaska"
2025-05-31T22:30:59.313Z,-27.7472,-177.7778,10.0,4.8,mb,Kermadec Islands region
2025-05-31T22:30:51.281Z,-57.611,-10.5505,10.0,4.8,mb,east of the South Sandwich Islands
2025-05-31T22:26:22.460Z,-27.8491,-178.1234,10.0,6.2,mww,Kermadec Islands region
2025-05-31T21:21:11.250Z,-28.1865,-178.5389,10.0,6.0,mww,Kermadec Islands region
2025-05-31T20:16:51.961Z,-28.2354,-178.6309,10.0,4.8,mb,Kermadec Islands region
2025-05-31T19:13:50.632Z,-27.997,-178.0361,10.0,4.5,mb,Kermadec Islands region
2025-05-31T18:41:50.610Z,-1.0712,119.766,45.354,4.7,mb,"21 km SSW of Palu, Indonesia"
2025-05-31T17:26:39.562Z,-27.6087,-177.8981,10.0,4.6,mb,Kermadec Islands region
2025-05-31T16:14:56.591Z,-28.0872,-178.1546,10.0,4.9,mb,Kermadec Islands region
2025-05-31T15:48:24.151Z,2.2499,126.7696,44.545,4.5,mb,"149 km WNW of Tobelo, Indonesia"
2025-05-31T15:21:17.806Z,-9.1841,123.9342,96.107,4.8,mww,"49 km NNE of Naisano Dua, Indonesia"
2025-05-31T14:28:49.890Z,-27.7396,-177.9502,10.0,6.1,mww,Kermadec Islands region
2025-05-31T13:14:56.097Z,-15.7861,-174.2249,135.094,4.7,mb,"49 km WNW of Hihifo, Tonga"
2025-05-31T12:29:02.040Z,42.2717,144.5511,35.46,4.8,mb,"79 km S of Kushiro, Japan"
2025-05-31T11:37:06.808Z,42.3653,144.4693,48.568,4.8,mb,"68 km S of Kushiro, Japan"
2025-05-31T11:28:49.883Z,30.4303,138.6854,421.474,4.5,mb,"Izu Islands, Japan region"
2025-05-31T11:24:16.441Z,-22.7948,-173.8276,10.0,5.2,mww,"198 km SE of ‘Ohonua, Tonga"
2025-05-31T11:10:06.575Z,-10.3814,114.1182,10.0,4.8,mb,"209 km SSW of Jimbaran, Indonesia"
2025-05-31T08:49:49.113Z,42.2959,144.652,35.0,4.5,mb,"78 km SSE of Kushiro, Japan"
2025-05-31T08:37:17.097Z,42.2705,144.4895,21.0,6.0,mww,"78 km S of Kushiro, Japan"
2025-05-31T08:28:49.877Z,42.1183,81.305,10.0,4.6,mb,"134 km NE of Aksu, China"
2025-05-31T06:17:09.997Z,-55.7478,-27.1303,35.0,5.3,mb,South Sandwich Islands region
2025-05-31T03:48:25.417Z,-0.319,125.3309,43.833,4.8,mb,"131 km SE of Modisi, Indonesia"
2025-05-31T03:13:36.813Z,45.8993,148.1129,183.581,4.5,mb,"76 km NNE of Kuril’sk, Russia"
2025-05-31T00:18:12.280Z,37.2817,-24.4706,10.0,4.6,mb,"85 km SE of Senhora do Rosário, Portugal"
2025-05-30T22:38:02.439Z,-8.9449,127.1168,10.0,4.6,mb,"48 km SSE of Lospalos, Timor Leste"
2025-05-30T21:30:37.086Z,-21.1217,-175.7362,138.594,4.5,mb,"45 km W of Houma, Tonga"
2025-05-30T18:14:23.818Z,28.1609,131.0341,10.0,4.5,mb,"144 km ESE of Tatsugō, Japan"
2025-05-30T16:45:08.321Z,-22.2178,-175.8971,78.794,5.2,mb,"131 km SSW of Houma, Tonga"
2025-05-30T10:50:50.511Z,23.5239,-45.1242,10.0,4.5,mb,northern Mid-Atlantic Ridge
2025-05-30T09:44:28.162Z,52.273,-173.5341,10.0,4.8,mwr,"46 km E of Atka, Alaska"
2025-05-30T07:15:21.710Z,-7.3415,122.5971,554.54,4.5,mb,"147 km NNE of Maumere, Indonesia"
2025-05-30T05:36:38.351Z,-53.2836,9.1051,10.0,6.2,mww,southwest of Africa
2025-05-30T05:32:26.321Z,-13.2588,167.1734,206.16,4.8,mb,"79 km NNW of Sola, Vanuatu"
2025-05-30T04:52:32.157Z,-10.7886,162.3617,108.137,4.6,mb,"60 km SE of Kirakira, Solomon Islands"
2025-05-30T04:01:36.388Z,-14.3189,167.4683,197.502,4.6,mb,"49 km S of Sola, Vanuatu"
2025-05-30T02:47:28.442Z,-23.7261,179.9473,522.823,4.6,mb,south of the Fiji Islands
2025-05-30T02:19:24.615Z,-5.3434,68.6106,10.0,4.6,mb,Chagos Archipelago region
2025-05-30T00:02:23.367Z,24.9393,122.9194,129.939,4.6,mww,"52 km N of Yonakuni, Japan"
2025-05-29T23:40:58.696Z,47.9122,154.2723,46.748,5.0,mww,Kuril Islands
2025-05-29T23:36:09.309Z,2.4992,66.7693,10.0,4.5,mb,Carlsberg Ridge
2025-05-29T22:23:04.649Z,43.8477,147.3295,60.428,5.4,mww,"49 km E of Shikotan, Russia"
2025-05-29T18:35:13.474Z,13.1316,124.1919,85.683,4.9,mb,"9 km SE of Rapu-Rapu, Philippines"
2025-05-29T16:48:10.498Z,-21.3603,-66.7017,218.337,4.9,mww,"68 km SW of Atocha, Bolivia"
2025-05-29T16:27:04.634Z,13.0578,-89.0383,71.926,4.6,mb,"48 km S of El Rosario, El Salvador"
2025-05-29T14:27:42.449Z,44.4593,149.4381,35.0,4.6,mb,"149 km SE of Kuril’sk, Russia"
2025-05-29T14:24:42.890Z,-7.3404,154.754,10.0,4.8,mb,"139 km SW of Panguna, Papua New Guinea"
2025-05-29T13:07:03.397Z,44.4754,149.4194,47.853,5.0,mb,"147 km SE of Kuril’sk, Russia"
2025-05-29T13:03:35.761Z,44.5841,149.4032,54.264,4.5,mb,"140 km ESE of Kuril’sk, Russia"
2025-05-29T11:36:59.890Z,-6.4693,142.7868,10.0,4.6,mb,"71 km SSW of Tari, Papua New Guinea"
2025-05-29T10:25:21.250Z,-24.3154,-175.5641,30.322,4.6,mb,south of Tonga
2025-05-29T08:39:55.275Z,-21.8039,-68.4989,124.019,4.6,mb,"68 km SSW of Ollagüe, Chile"
2025-05-29T08:17:31.647Z,57.5424,-33.1445,10.0,4.5,mb,Reykjanes Ridge
2025-05-29T05:45:11.778Z,-44.1935,38.2596,10.0,4.6,mb,Prince Edward Islands region
2025-05-29T04:56:21.928Z,-57.9612,-24.9253,39.639,4.9,mb,South Sandwich Islands region
2025-05-29T01:28:08.833Z,-30.6072,-178.0686,41.31,5.2,mb,"Kermadec Islands, New Zealand"
2025-05-28T23:36:27.377Z,-1.9669,140.0002,17.048,4.9,mb,"98 km NW of Abepura, Indonesia"
2025-05-28T23:11:36.450Z,-20.9301,-67.4047,187.696,4.6,mb,"79 km SW of Uyuni, Bolivia"
2025-05-28T22:23:59.329Z,-7.1734,120.8051,493.13,4.6,mb,"163 km NNE of Ruteng, Indonesia"
2025-05-28T21:38:22.641Z,44.4564,149.4049,35.0,4.7,mb,"148 km SE of Kuril’sk, Russia"
2025-05-28T21:30:01.868Z,28.2544,57.3601,10.0,5.0,mww,"125 km SSE of Kūh Sefīd, Iran"
2025-05-28T21:22:47.981Z,-15.8553,167.0117,10.0,5.0,mww,"40 km SSW of Luganville, Vanuatu"
2025-05-28T21:15:10.559Z,-29.4061,-178.7471,210.988,4.8,mb,"Kermadec Islands, New Zealand"
2025-05-28T18:46:42.381Z,52.6958,160.4507,35.0,4.8,mb,"129 km ESE of Petropavlovsk-Kamchatsky, Russia"
2025-05-28T17:41:53.668Z,-15.4825,-174.7845,155.759,4.6,mb,"118 km WNW of Hihifo, Tonga"
2025-05-28T14:57:25.413Z,21.0351,121.9685,10.0,4.5,mb,"64 km N of Basco, Philippines"
2025-05-28T14:48:07.320Z,21.0357,121.8718,10.0,4.6,mww,"65 km N of Basco, Philippines"
2025-05-28T14:34:19.236Z,-14.8801,-75.7267,37.337,5.1,mww,"59 km WSW of Changuillo, Peru"
2025-05-28T13:34:13.998Z,12.7347,144.957,28.0,5.8,mww,"63 km SSE of Inarajan Village, Guam"
2025-05-28T09:14:39.771Z,11.4966,-87.1129,35.0,4.6,mb,"72 km WSW of Masachapa, Nicaragua"
2025-05-28T09:01:39.229Z,19.7156,-109.3426,10.0,5.4,mww,Revilla Gigedo Islands region
2025-05-28T08:57:47.561Z,-14.1835,167.3309,190.0,5.9,mww,"41 km SW of Sola, Vanuatu"
2025-05-28T01:57:44.758Z,-14.9242,-75.7626,35.0,5.1,mb,"64 km WSW of Changuillo, Peru"
2025-05-28T01:30:37.701Z,19.5611,-109.1593,10.0,5.8,mww,Revilla Gigedo Islands region
2025-05-27T21:59:11.398Z,19.688,-109.194,10.0,5.8,mww,Revilla Gigedo Islands region
2025-05-27T21:26:17.738Z,13.0289,145.1814,37.03,4.5,mb,"54 km ESE of Inarajan Village, Guam"
2025-05-27T20:24:28.119Z,24.4467,93.8427,49.996,5.1,mww,"8 km SE of Moirāng, India"
2025-05-27T18:49:36.214Z,-23.4224,178.8889,545.272,5.0,mb,south of the Fiji Islands
2025-05-27T16:50:39.900Z,36.9116,21.8746,48.428,4.5,mwr,"14 km NNW of Koróni, Greece"
2025-05-27T14:31:34.807Z,12.4605,125.7302,10.0,4.6,mb,"38 km NE of Alugan, Philippines"
2025-05-27T13:35:00.472Z,21.0837,121.9257,10.0,4.8,mb,"70 km N of Basco, Philippines"
2025-05-27T11:59:23.844Z,13.4663,56.9581,10.0,4.6,mb,Socotra region
2025-05-27T11:33:23.182Z,21.0544,121.9087,10.0,4.7,mb,"67 km N of Basco, Philippines"
2025-05-27T11:27:09.544Z,-5.0131,123.0162,10.0,4.5,mb,"38 km ESE of Katobu, Indonesia"
2025-05-27T11:02:09.141Z,21.0542,121.9886,10.0,4.9,mb,"67 km N of Basco, Philippines"
2025-05-27T10:50:54.867Z,-33.6417,-179.3442,35.0,4.6,mb,south of the Kermadec Islands
2025-05-27T09:24:55.799Z,-6.1961,151.8509,10.0,4.9,mb,"202 km ESE of Kimbe, Papua New Guinea"
2025-05-27T09:21:42.976Z,-15.3698,167.4686,121.884,4.9,mb,"36 km ENE of Luganville, Vanuatu"
2025-05-27T08:09:40.280Z,-3.7105,101.6678,49.471,4.9,mb,"67 km W of Bengkulu, Indonesia"
2025-05-27T07:18:30.674Z,-6.1652,151.4946,10.0,4.6,mb,"164 km ESE of Kimbe, Papua New Guinea"
2025-05-27T07:11:31.888Z,13.6429,-91.3666,35.0,4.5,mb,"59 km SW of La Gomera, Guatemala"
2025-05-27T04:50:23.665Z,84.9707,96.1307,10.0,4.8,mb,north of Severnaya Zemlya
2025-05-27T04:17:50.207Z,14.6789,121.4548,10.0,4.8,mb,"8 km NNE of Daraitan, Philippines"
2025-05-27T03:00:21.098Z,12.9499,145.3657,10.0,4.5,mb,"75 km ESE of Inarajan Village, Guam"
2025-05-27T02:57:32.582Z,12.8969,145.2843,10.0,5.0,mb,"71 km SE of Inarajan Village, Guam"
2025-05-27T02:42:54.443Z,84.9845,96.8306,10.0,5.2,mww,north of Severnaya Zemlya
2025-05-27T00:55:04.856Z,-10.2116,110.3,10.0,5.3,mww,"249 km S of Pundong, Indonesia"
2025-05-27T00:39:48.252Z,30.8218,50.4361,10.0,5.1,mb,"12 km WNW of Dehdasht, Iran"
2025-05-27T00:06:33.433Z,38.2597,22.6511,23.24,5.0,mww,"13 km S of Antikyra, Greece"
2025-05-26T22:14:17.000Z,-5.5614,147.2535,182.408,4.5,mb,"128 km NNW of Finschhafen, Papua New Guinea"
2025-05-26T19:18:32.551Z,-31.2474,-178.8334,77.894,4.5,mb,Kermadec Islands region
2025-05-26T16:03:41.302Z,12.6584,123.3822,10.0,4.7,mb,"9 km SE of Osmeña, Philippines"
2025-05-26T14:30:43.876Z,42.3166,142.9403,59.96,4.5,mb,"20 km N of Honchō, Japan"
2025-05-26T14:01:49.241Z,-53.5242,24.796,10.0,4.7,mb,south of Africa
2025-05-26T11:22:25.453Z,12.7079,143.8915,77.889,4.5,mb,"104 km SW of Merizo Village, Guam"
2025-05-26T10:48:08.647Z,5.7863,126.1918,102.636,4.9,mb,"61 km ESE of Mangili, Philippines"
2025-05-26T09:31:05.740Z,85.0316,97.0053,10.0,5.0,mww,north of Severnaya Zemlya
2025-05-26T09:00:12.134Z,85.0331,96.2358,10.0,5.2,mww,north of Severnaya Zemlya
2025-05-26T08:47:44.855Z,42.2681,143.1149,65.431,5.3,mww,"15 km W of Hiroo, Japan"
2025-05-26T08:17:57.630Z,40.2655,-124.637,2.92,4.63,mw,"31 km W of Petrolia, CA"
2025-05-26T08:06:57.852Z,-56.0013,-27.6013,105.358,4.5,mb,South Sandwich Islands region
2025-05-26T06:50:43.307Z,11.972,143.8864,10.0,5.0,mb,"166 km SSW of Merizo Village, Guam"
2025-05-26T03:50:25.655Z,-19.6168,-69.4505,105.0,5.7,mww,"33 km S of Camiña, Chile"
2025-05-25T22:55:53.991Z,-56.2066,-24.8489,10.0,4.5,mb,South Sandwich Islands region
2025-05-25T20:06:01.076Z,-56.5699,-25.8427,35.0,4.9,mb,South Sandwich Islands region
2025-05-25T17:32:53.205Z,-10.7956,164.4449,10.0,4.6,mb,"148 km W of Lata, Solomon Islands"
2025-05-25T15:36:32.389Z,-29.9474,-177.8534,64.187,4.8,mb,"Kermadec Islands, New Zealand"
2025-05-25T12:01:39.825Z,-60.3909,-27.1703,10.0,4.5,mb,South Sandwich Islands region
2025-05-25T11:40:16.338Z,-3.3521,140.4121,35.0,4.5,mb,"87 km SSW of Abepura, Indonesia"
2025-05-25T10:49:59.192Z,-22.8374,-175.8016,48.0,6.0,mww,"187 km SSW of ‘Ohonua, Tonga"
2025-05-25T04:11:25.356Z,15.9807,-55.7288,10.0,4.9,mb,North Atlantic Ocean
2025-05-25T03:35:32.096Z,-4.4299,35.1133,10.0,4.6,mb,"7 km SSE of Basotu, Tanzania"
2025-05-25T02:35:14.181Z,50.2314,88.1222,10.0,5.0,mb,"28 km ESE of Aktash, Russia"
2025-05-24T22:19:02.009Z,-5.522,152.2612,58.532,4.5,mb,"130 km S of Kokopo, Papua New Guinea"
2025-05-24T16:46:00.484Z,6.8118,148.0092,10.0,4.9,mww,"State of Chuuk, Federated States of Micronesia"
2025-05-24T14:21:52.117Z,63.8397,-22.9264,10.0,4.9,mww,"23 km W of Grindavík, Iceland"
2025-05-24T13:01:20.015Z,-15.0924,167.2318,122.646,4.6,mb,"18 km ESE of Port-Olry, Vanuatu"
2025-05-24T11:17:09.811Z,-57.2189,-67.2903,10.0,5.1,mb,"275 km SSE of Ushuaia, Argentina"
2025-05-24T11:12:30.763Z,-57.2527,-67.3642,10.0,5.0,mb,"278 km SSE of Ushuaia, Argentina"
2025-05-24T09:10:58.060Z,32.0073,48.9837,10.0,4.7,mb,"13 km ESE of Shūshtar, Iran"
2025-05-24T05:32:15.039Z,-56.8159,-68.4705,10.0,5.0,mb,"223 km S of Ushuaia, Argentina"
2025-05-24T03:48:18.445Z,-16.8883,-174.2038,84.077,4.9,mb,"112 km SSW of Hihifo, Tonga"
2025-05-24T03:23:43.011Z,-0.9102,-13.7831,10.0,4.9,mb,north of Ascension Island
2025-05-24T02:36:10.554Z,16.6932,120.2389,35.0,5.2,mww,"11 km NW of San Fernando, Philippines"
2025-05-23T19:43:52.940Z,-15.9102,-174.1967,131.151,4.7,mb,"43 km W of Hihifo, Tonga"
2025-05-23T19:36:36.887Z,54.9607,-156.2667,5.2,4.6,mwr,"200 km SE of Chignik, Alaska"
2025-05-23T19:11:56.735Z,2.0968,126.6767,41.21,5.0,mww,"153 km WNW of Tobelo, Indonesia"
2025-05-23T18:59:00.798Z,8.0913,58.7698,10.0,4.5,mb,Carlsberg Ridge
2025-05-23T16:36:12.998Z,-30.8036,147.3815,3.045,4.8,mwr,"86 km NNE of Nyngan, Australia"
2025-05-23T16:33:25.438Z,-56.5536,147.6655,10.0,6.1,mww,west of Macquarie Island
2025-05-23T14:44:31.870Z,36.7938,141.287,43.945,4.5,mb,"45 km SE of Iwaki, Japan"
2025-05-23T13:50:08.839Z,-22.2016,-68.8202,120.811,4.5,mb,"30 km NNE of Calama, Chile"
2025-05-23T11:54:34.786Z,53.339,-164.4239,10.0,4.5,mwr,"125 km SE of Akutan, Alaska"
2025-05-23T11:31:34.560Z,-7.0125,155.7932,111.864,4.6,mb,"84 km SSE of Panguna, Papua New Guinea"
2025-05-23T10:07:07.563Z,-15.4104,168.0797,10.0,4.7,mb,"99 km E of Luganville, Vanuatu"
2025-05-23T06:19:49.348Z,3.4096,-31.4775,10.0,4.5,mb,central Mid-Atlantic Ridge
2025-05-23T05:06:21.331Z,-15.4802,-178.7575,427.738,4.6,mb,"146 km SSW of Leava, Wallis and Futuna"
2025-05-23T04:56:45.663Z,3.3141,-77.507,35.0,4.8,mwr,"62 km NNE of Timbiquí, Colombia"
2025-05-23T02:30:40.264Z,53.2659,-164.4101,10.0,5.2,mww,"132 km SE of Akutan, Alaska"
2025-05-22T21:28:00.611Z,41.9147,142.532,48.0,5.4,mww,"33 km SW of Urakawa, Japan"
2025-05-22T20:03:50.879Z,29.472,80.4663,10.0,4.6,mb,"22 km NNW of Dadeldhurā, Nepal"
2025-05-22T19:57:36.534Z,-9.4965,-74.8584,10.0,5.1,mb,"19 km NE of Yuyapichis, Peru"
2025-05-22T19:52:36.892Z,-3.9908,102.2539,47.0,5.7,mww,"21 km S of Bengkulu, Indonesia"
2025-05-22T18:32:02.401Z,12.9288,-88.5923,67.918,5.0,mww,"39 km S of Puerto El Triunfo, El Salvador"
2025-05-22T18:23:45.258Z,-5.3606,152.0168,40.862,4.7,mb,"115 km SSW of Kokopo, Papua New Guinea"
2025-05-22T15:39:10.926Z,-1.0269,127.335,10.0,4.5,mb,"47 km SSW of Labuha, Indonesia"
2025-05-22T11:35:40.683Z,-48.9463,123.5713,10.0,5.0,mww,western Indian-Antarctic Ridge
2025-05-22T11:13:13.756Z,-9.0839,-79.1531,59.583,4.6,mb,"56 km W of Puerto Santa, Peru"
2025-05-22T09:25:52.286Z,-8.5261,118.3772,134.968,4.6,mb,"9 km W of Dompu, Indonesia"
2025-05-22T08:36:52.649Z,-37.4977,51.9596,10.0,4.6,mb,South Indian Ocean
2025-05-22T08:34:36.774Z,-37.4859,51.3609,10.0,5.7,mww,South Indian Ocean
2025-05-22T08:09:22.367Z,-37.6446,51.7724,10.0,4.6,mb,South Indian Ocean
2025-05-22T08:08:49.578Z,-37.9216,51.7886,10.0,4.7,mb,South Indian Ocean
2025-05-22T08:08:11.622Z,-37.5884,51.6101,10.0,4.5,mb,South Indian Ocean
2025-05-22T07:50:38.590Z,-37.4056,51.5058,10.0,5.2,mww,South Indian Ocean
2025-05-22T07:01:14.164Z,-22.9354,-174.8459,10.0,4.9,mb,"176 km S of ‘Ohonua, Tonga"
2025-05-22T06:51:30.667Z,19.0152,-102.1122,107.464,4.8,mb,"2 km WSW of Nueva Italia de Ruiz, Mexico"
2025-05-22T06:40:39.140Z,77.9919,13.7415,10.0,4.6,mb,"50 km WSW of Longyearbyen, Svalbard and Jan Mayen"
2025-05-22T06:14:37.446Z,-37.4434,51.3136,10.0,4.8,mb,South Indian Ocean
2025-05-22T05:41:38.543Z,-4.0329,142.9994,79.643,4.6,mb,"28 km NE of Ambunti, Papua New Guinea"
2025-05-22T03:19:35.518Z,35.8915,25.9159,64.0,6.2,mww,"66 km SE of Emporeío, Greece"
2025-05-22T00:25:43.052Z,-56.0306,-26.7365,38.15,5.2,mb,South Sandwich Islands region
2025-05-21T20:11:11.114Z,17.2447,147.2647,32.167,4.7,mb,"276 km NE of Saipan, Northern Mariana Islands"
2025-05-21T19:36:11.407Z,-56.7605,-25.6669,35.0,5.2,mb,South Sandwich Islands region
2025-05-21T17:58:19.764Z,-37.4248,51.5607,10.0,4.6,mb,South Indian Ocean
2025-05-21T17:12:34.769Z,-5.5096,152.1174,49.848,4.7,mb,"130 km S of Kokopo, Papua New Guinea"
2025-05-21T15:19:24.513Z,-16.3231,-174.1109,119.116,4.7,mb,"52 km SW of Hihifo, Tonga"
2025-05-21T14:21:16.769Z,8.9268,93.8553,10.0,4.7,mb,"Nicobar Islands, India region"
2025-05-21T14:17:18.722Z,-6.2374,151.739,10.0,4.6,mb,"192 km ESE of Kimbe, Papua New Guinea"
2025-05-21T14:10:11.739Z,-6.1302,151.4819,10.0,4.7,mb,"162 km ESE of Kimbe, Papua New Guinea"
2025-05-21T13:46:43.562Z,-59.0596,-25.1373,35.0,4.9,mb,South Sandwich Islands region
2025-05-21T12:27:25.068Z,-0.3096,131.9054,10.0,4.6,mb,"80 km NW of Fef, Indonesia"
2025-05-21T11:51:26.600Z,-23.1003,-114.9789,10.0,4.5,mb,Easter Island region
2025-05-21T11:32:42.327Z,31.3589,140.9594,53.822,4.6,mb,"Izu Islands, Japan region"
2025-05-21T06:34:12.533Z,-30.633,-178.8006,121.021,4.7,mb,"Kermadec Islands, New Zealand"
2025-05-21T03:43:00.452Z,-10.9112,164.88,10.0,4.6,mb,"102 km WSW of Lata, Solomon Islands"
2025-05-21T01:05:06.977Z,-5.4881,152.1374,55.555,4.5,mb,"127 km S of Kokopo, Papua New Guinea"
2025-05-21T00:38:12.308Z,-56.9634,-67.0983,10.0,5.2,mwb,"251 km SSE of Ushuaia, Argentina"
2025-05-20T21:09:03.271Z,-54.7666,-130.2807,10.0,4.9,mb,Pacific-Antarctic Ridge
2025-05-20T18:44:39.091Z,-56.7749,-67.6093,10.0,4.6,mb,"223 km SSE of Ushuaia, Argentina"
2025-05-20T18:40:13.567Z,-21.0976,-179.1914,622.15,4.6,mb,Fiji region
2025-05-20T17:57:03.191Z,-17.3112,66.2755,10.0,4.9,mb,Mauritius - Reunion region
2025-05-20T16:22:49.435Z,0.7147,-26.0178,10.0,4.9,mb,central Mid-Atlantic Ridge
2025-05-20T15:10:59.316Z,-3.3547,144.9897,10.0,5.3,mb,"129 km NE of Angoram, Papua New Guinea"
2025-05-20T15:05:59.387Z,-3.7575,144.8116,16.819,6.5,mww,"89 km ENE of Angoram, Papua New Guinea"
2025-05-20T12:53:03.948Z,-23.2924,179.9279,566.601,4.8,mb,south of the Fiji Islands
2025-05-20T12:14:48.246Z,-20.4585,-177.8794,536.94,4.5,mb,"279 km WNW of Houma, Tonga"
2025-05-20T07:38:43.666Z,-32.9493,-178.1687,10.0,4.6,mb,south of the Kermadec Islands
2025-05-20T05:11:32.589Z,35.3444,-36.01,10.0,5.6,mww,northern Mid-Atlantic Ridge
2025-05-19T23:31:30.335Z,-31.0643,-178.4757,95.468,5.0,mb,Kermadec Islands region
2025-05-19T22:27:47.535Z,-23.9974,-66.862,199.784,4.5,mb,"60 km WNW of San Antonio de los Cobres, Argentina"
2025-05-19T22:09:07.104Z,-61.1907,-28.1435,10.0,4.6,mb,South Sandwich Islands region
2025-05-19T21:36:08.008Z,-11.0787,111.1236,10.0,5.0,mb,"south of Java, Indonesia"
2025-05-19T19:32:03.042Z,-24.733,-175.8026,35.0,4.7,mb,south of Tonga
2025-05-19T18:03:13.271Z,41.7698,88.1512,10.0,4.7,mb,"140 km E of Sishilichengzi, China"
2025-05-19T16:20:16.737Z,8.808,126.6066,55.608,4.5,mb,"33 km ESE of Aras-asan, Philippines"
2025-05-19T15:54:42.749Z,-24.4078,-175.5172,10.0,4.7,mb,south of Tonga
2025-05-19T15:24:11.872Z,-24.4031,-175.0876,10.0,5.0,mb,south of Tonga
2025-05-19T14:01:20.661Z,-7.1735,-13.0571,10.0,5.0,mb,"171 km ENE of Georgetown, Saint Helena"
2025-05-19T11:38:07.726Z,-15.2895,-173.2588,10.0,4.6,mb,"93 km NE of Hihifo, Tonga"
2025-05-19T11:33:04.168Z,-21.1671,-173.342,10.0,4.6,mb,"168 km E of ‘Ohonua, Tonga"
2025-05-19T11:17:01.893Z,-35.7217,-102.9882,10.0,5.4,mww,southeast of Easter Island
2025-05-19T08:04:18.926Z,1.0344,97.1099,10.0,4.7,mb,"62 km WSW of Gunungsitoli, Indonesia"
2025-05-19T07:29:40.750Z,-33.6622,-178.7327,10.0,4.7,mb,south of the Kermadec Islands
2025-05-19T05:59:29.333Z,1.0503,97.1318,10.0,4.8,mb,"59 km WSW of Gunungsitoli, Indonesia"
2025-05-19T05:48:30.950Z,-30.1757,-177.3091,10.0,5.3,mww,"Kermadec Islands, New Zealand"
2025-05-19T05:45:36.514Z,58.9706,-30.6676,10.0,4.5,mb,Reykjanes Ridge
2025-05-19T05:25:00.217Z,58.9973,-30.7819,10.0,4.5,mb,Reykjanes Ridge
2025-05-19T03:41:29.696Z,7.4417,125.6982,66.405,4.9,mb,"5 km SSE of San Miguel, Philippines"
2025-05-19T03:14:40.863Z,37.1642,141.3804,10.0,4.7,mb,"37 km ESE of Tomioka, Japan"
2025-05-19T01:30:03.714Z,-7.7094,130.0939,25.913,4.5,mb,"Pulau Pulau Tanimbar, Indonesia"
2025-05-19T00:23:33.691Z,38.7747,23.5303,21.569,4.6,mwr,"5 km ESE of Mantoúdi, Greece"
2025-05-18T19:59:07.414Z,-14.1343,167.3171,199.482,4.6,mb,"38 km SW of Sola, Vanuatu"
2025-05-18T19:15:21.246Z,19.031,93.3045,10.0,4.9,mww,"130 km SSE of Sittwe, Burma (Myanmar)"
2025-05-18T18:37:08.919Z,25.5239,141.4344,112.193,4.7,mb,"Volcano Islands, Japan region"
2025-05-18T17:30:49.832Z,33.7183,90.741,10.0,4.5,mb,"277 km NNW of Nagqu, China"
2025-05-18T16:51:00.142Z,-6.1582,147.7152,81.658,4.6,mb,"46 km NNW of Finschhafen, Papua New Guinea"
2025-05-18T11:08:48.164Z,-30.1026,-177.1731,10.0,4.5,mb,"Kermadec Islands, New Zealand"
2025-05-18T11:00:49.103Z,-15.0605,166.1438,10.0,4.6,mb,"99 km W of Port-Olry, Vanuatu"
2025-05-18T09:55:46.439Z,58.082,-149.229,2.2,4.5,mwr,"188 km ENE of Chiniak, Alaska"
2025-05-18T07:54:33.437Z,-17.5865,-174.5092,76.461,4.9,mb,"130 km NNW of Neiafu, Tonga"
2025-05-18T07:26:29.479Z,56.1746,117.3235,10.0,4.7,mb,"78 km ESE of Kuanda, Russia"
2025-05-18T04:53:59.443Z,-10.1094,116.1328,52.225,4.9,mb,"153 km S of Lembar, Indonesia"
2025-05-18T03:47:16.612Z,-11.2453,118.3198,10.0,4.9,mb,"224 km SSW of Tambolaka, Indonesia"
2025-05-18T03:46:05.264Z,8.6216,123.0774,10.0,4.8,mb,"10 km NNW of Manukan, Philippines"
2025-05-18T02:40:32.198Z,-53.1062,-47.1594,10.0,4.9,mb,South Atlantic Ocean
2025-05-18T00:32:20.630Z,43.0293,146.4534,35.0,4.6,mb,"78 km ESE of Nemuro, Japan"
2025-05-18T00:10:30.386Z,9.0645,-81.4596,10.0,4.5,mb,"38 km N of Loma Yuca, Panama"
2025-05-17T21:20:15.090Z,2.5713,96.0048,10.0,4.9,mb,"42 km WNW of Sinabang, Indonesia"
2025-05-17T20:56:18.830Z,-17.5528,-174.3787,86.762,4.7,mb,"128 km NNW of Neiafu, Tonga"
2025-05-17T17:41:22.853Z,-59.2511,-26.1519,123.825,4.9,mb,South Sandwich Islands region
2025-05-17T15:54:47.188Z,21.4196,96.0564,10.0,5.1,mww,"22 km SSW of Kyaukse, Burma (Myanmar)"
2025-05-17T15:09:28.024Z,54.1946,-159.8699,35.0,4.9,mww,"133 km SSE of Sand Point, Alaska"
2025-05-17T13:31:53.757Z,17.7113,-83.6415,10.0,4.6,mb,"222 km NNE of Barra Patuca, Honduras"
2025-05-17T10:22:14.394Z,-14.7608,-74.1437,101.0,5.9,mww,"5 km W of San Pedro, Peru"
2025-05-17T08:01:04.539Z,-35.0762,-107.1542,10.0,5.0,mb,southern East Pacific Rise
2025-05-17T05:40:11.640Z,-23.4864,-179.9512,535.212,4.6,mb,south of the Fiji Islands
2025-05-17T02:09:17.505Z,-1.7476,69.1427,10.0,4.5,mb,Carlsberg Ridge
2025-05-17T00:45:39.055Z,-3.5259,145.3231,10.0,5.3,mww,"151 km ENE of Angoram, Papua New Guinea"
2025-05-17T00:32:58.473Z,9.867,122.182,10.0,5.1,mww,"24 km W of Bulata, Philippines"
2025-05-16T20:01:47.317Z,-31.7545,-178.5643,35.0,4.9,mb,Kermadec Islands region
2025-05-16T19:25:28.276Z,-4.6963,153.0005,64.407,4.5,mb,"90 km ESE of Kokopo, Papua New Guinea"
2025-05-16T19:15:12.359Z,-35.5066,-105.6565,10.0,4.9,mb,southern East Pacific Rise
2025-05-16T16:02:39.478Z,-1.1241,-24.2305,10.0,4.5,mb,central Mid-Atlantic Ridge
2025-05-16T14:57:03.467Z,-17.778,168.2859,63.396,4.6,mb,"5 km SSW of Port-Vila, Vanuatu"
2025-05-16T11:37:11.565Z,39.6047,82.9153,10.0,4.5,mb,"157 km NNE of Darya Boyi, China"
2025-05-16T10:42:39.767Z,0.975,-26.2223,10.0,4.5,mb,central Mid-Atlantic Ridge
2025-05-16T05:34:27.452Z,-30.6302,-178.047,47.093,4.9,mb,"Kermadec Islands, New Zealand"
2025-05-16T05:17:22.115Z,-34.8714,-110.997,10.0,4.7,mb,southern East Pacific Rise
2025-05-16T04:17:21.531Z,21.76,103.0866,10.0,4.5,mb,"27 km S of Mường Lay, Vietnam"
2025-05-16T01:00:08.958Z,25.1128,98.1772,10.0,4.6,mb,"23 km WNW of Zhonghe, China"
2025-05-16T00:53:22.509Z,-8.826,33.3228,10.0,4.7,mb,"16 km WNW of Mbeya, Tanzania"
2025-05-15T19:47:43.111Z,-55.8687,-27.8024,57.073,5.0,mb,South Sandwich Islands region
2025-05-15T19:16:05.129Z,0.5855,121.6312,107.187,4.5,mb,"159 km W of Gorontalo, Indonesia"
2025-05-15T15:29:04.500Z,-54.5264,-135.5028,10.0,4.9,mb,Pacific-Antarctic Ridge
2025-05-15T13:05:49.705Z,42.7965,143.3431,101.081,4.8,mww,"16 km SSW of Ikeda, Japan"
2025-05-15T12:59:19.020Z,-54.5498,-135.3414,10.0,5.5,mww,Pacific-Antarctic Ridge
2025-05-15T12:51:21.788Z,12.5505,142.3023,146.104,4.7,mb,"268 km WSW of Merizo Village, Guam"
2025-05-15T12:46:37.436Z,39.1296,33.238,10.0,5.0,mww,"14 km ENE of Kulu, Turkey"
2025-05-15T11:12:50.935Z,-5.8256,152.2571,10.0,4.6,mb,"163 km S of Kokopo, Papua New Guinea"
2025-05-15T08:27:11.719Z,-26.3458,-178.7719,350.591,4.5,mb,south of the Fiji Islands
2025-05-15T06:45:36.720Z,-55.1928,-129.4491,10.0,4.6,mb,Pacific-Antarctic Ridge
2025-05-15T02:23:36.160Z,-6.6917,155.1474,66.911,4.6,mb,"55 km SW of Panguna, Papua New Guinea"
2025-05-15T00:50:52.272Z,-7.136,126.1331,476.627,5.9,mww,"152 km NNW of Baukau, Timor Leste"
2025-05-14T20:35:55.612Z,-5.2164,152.724,35.0,4.5,mb,"108 km SSE of Kokopo, Papua New Guinea"
2025-05-14T20:21:46.504Z,-20.3797,-177.6424,513.179,4.5,mb,"258 km WNW of Houma, Tonga"
2025-05-14T20:13:24.200Z,-5.8972,-81.1057,10.0,5.2,mww,"49 km SW of Sechura, Peru"
2025-05-14T16:33:15.509Z,33.6298,140.5591,57.142,4.5,mb,"163 km SSE of Tateyama, Japan"
2025-05-14T16:33:05.147Z,-56.9481,-140.8832,10.0,5.2,mb,Pacific-Antarctic Ridge
2025-05-14T16:19:32.806Z,12.7304,-88.1166,71.714,4.7,mb,"52 km S of Intipucá, El Salvador"
2025-05-14T10:47:50.358Z,-24.8401,69.8313,10.0,4.9,mb,Mid-Indian Ridge
2025-05-14T10:08:48.172Z,-21.0347,-11.6613,10.0,4.6,mb,southern Mid-Atlantic Ridge
2025-05-14T09:33:47.910Z,-5.6494,147.3876,185.979,4.6,mb,"112 km NNW of Finschhafen, Papua New Guinea"
2025-05-14T05:20:51.562Z,66.4805,-17.7544,10.0,4.6,mb,"52 km NNW of Norðurþing, Iceland"
2025-05-14T05:03:52.362Z,-49.5429,117.2451,10.0,5.0,mww,western Indian-Antarctic Ridge
2025-05-14T04:15:40.513Z,-18.7126,-175.3343,260.0,6.4,mww,"142 km W of Neiafu, Tonga"
2025-05-14T03:16:57.920Z,-4.372,102.3469,56.753,4.8,mb,"63 km S of Bengkulu, Indonesia"
2025-05-13T23:51:56.835Z,33.8177,141.5992,10.0,4.5,mb,"188 km SE of Katsuura, Japan"
2025-05-13T22:51:15.880Z,35.237,26.9951,76.202,6.0,mww,"20 km SSE of Fry, Greece"
2025-05-13T20:43:04.081Z,18.6822,-107.2678,11.902,5.9,mww,"240 km SW of La Cruz de Loreto, Mexico"
2025-05-13T20:14:00.565Z,-36.0216,179.8197,17.631,4.6,mb,"221 km NE of Hicks Bay, New Zealand"
2025-05-13T16:54:23.132Z,-1.6795,120.842,13.442,4.5,mb,"32 km SSE of Poso, Indonesia"
2025-05-13T16:52:34.486Z,27.2228,140.058,445.198,5.6,mww,"Bonin Islands, Japan region"
2025-05-13T14:32:14.522Z,-13.407,-111.3525,10.0,5.2,mww,central East Pacific Rise
2025-05-13T05:12:25.302Z,-58.6457,-24.6974,10.0,4.5,mb,South Sandwich Islands region
2025-05-13T04:42:22.554Z,-6.0506,151.3744,10.0,4.5,mb,"147 km ESE of Kimbe, Papua New Guinea"
2025-05-13T04:02:04.488Z,66.5085,-17.3904,10.0,4.7,mww,"52 km N of Norðurþing, Iceland"
2025-05-13T01:37:04.327Z,37.0973,140.4289,98.472,4.8,mb,"2 km NE of Asakawa, Japan"
2025-05-13T01:07:04.507Z,-24.9262,-176.1399,35.0,4.6,mb,south of the Fiji Islands
2025-05-13T00:48:00.569Z,-51.3717,-71.8409,10.0,5.2,mww,"35 km NE of 28 de Noviembre, Argentina"
2025-05-12T23:33:35.084Z,35.8935,140.1659,77.893,4.5,mb,"1 km WSW of Ryūgasaki, Japan"
2025-05-12T23:30:09.599Z,36.6305,25.589,5.07,4.9,mww,"26 km NE of Oía, Greece"
2025-05-12T23:12:17.404Z,-6.0306,151.6185,10.0,4.9,mb,"172 km ESE of Kimbe, Papua New Guinea"
2025-05-12T21:33:35.915Z,42.6048,141.9887,123.578,4.5,mb,"12 km WNW of Biratori, Japan"
2025-05-12T20:14:26.114Z,-24.5799,-175.2369,10.0,4.5,mb,south of Tonga
2025-05-12T20:10:29.819Z,22.7425,-45.1214,10.0,4.6,mb,northern Mid-Atlantic Ridge
2025-05-12T17:17:15.130Z,53.0985,159.3084,88.054,4.5,mb,"45 km E of Petropavlovsk-Kamchatsky, Russia"
2025-05-12T17:01:41.832Z,2.1092,126.686,55.538,5.0,mww,"153 km WNW of Tobelo, Indonesia"
2025-05-12T15:40:05.126Z,-2.3416,100.7966,56.414,4.6,mb,"73 km WSW of Sungai Penuh, Indonesia"
2025-05-12T14:57:50.921Z,-18.299,-69.2257,137.81,5.0,mww,"96 km WSW of Curahuara de Carangas, Bolivia"
2025-05-12T14:54:29.916Z,41.5868,142.0431,60.667,5.3,mww,"76 km ENE of Mutsu, Japan"
2025-05-12T14:34:11.580Z,-24.7514,-176.3688,35.0,4.7,mb,south of the Fiji Islands
2025-05-12T14:34:02.183Z,13.8229,-90.9285,69.462,4.5,mb,"16 km SW of Puerto San José, Guatemala"
2025-05-12T10:10:22.326Z,-23.0723,-114.4821,10.0,4.6,mb,Easter Island region
2025-05-12T09:26:28.135Z,40.9474,35.1315,10.0,4.5,mb,"10 km NW of Gümüşhacıköy, Turkey"
2025-05-12T07:56:23.370Z,29.1427,66.5577,10.0,4.5,mb,"13 km NNW of Kalat, Pakistan"
2025-05-12T06:49:18.727Z,10.9734,-62.3724,93.251,4.5,mb,"44 km N of Güiria, Venezuela"
2025-05-12T06:38:20.542Z,41.5328,74.963,10.0,4.5,mwr,"29 km N of Baetovo, Kyrgyzstan"
2025-05-12T06:20:38.207Z,-54.9669,-32.4934,10.0,4.9,mb,South Georgia Island region
2025-05-12T03:09:39.355Z,1.1316,98.9647,102.627,4.9,mb,"43 km SW of Padangsidempuan, Indonesia"
2025-05-12T02:17:48.151Z,35.2301,22.4982,47.819,4.5,mb,"107 km W of Palaióchora, Greece"
2025-05-12T00:41:44.614Z,10.8661,-62.3886,89.172,5.0,mww,"33 km NNW of Güiria, Venezuela"
2025-05-12T00:40:15.106Z,-16.9042,-173.874,10.0,4.6,mb,"105 km S of Hihifo, Tonga"
2025-05-11T22:54:48.281Z,-20.806,-173.5816,10.0,4.5,mb,"136 km SE of Pangai, Tonga"
2025-05-11T22:04:56.074Z,-20.4984,-174.1371,10.0,5.4,mww,"79 km SSE of Pangai, Tonga"
2025-05-11T21:49:56.871Z,62.6809,178.5191,10.0,5.3,mww,"59 km SW of Beringovskiy, Russia"
2025-05-11T21:37:11.127Z,9.3705,127.1473,10.0,4.5,mb,"105 km E of Cortes, Philippines"
2025-05-11T21:25:51.241Z,24.6834,122.4083,10.0,4.9,mb,"64 km WNW of Yonakuni, Japan"
2025-05-11T21:11:22.060Z,29.0536,87.6068,9.0,5.5,mww,"126 km W of Rikaze, China"
2025-05-11T21:07:03.275Z,-6.2658,151.9704,10.0,4.5,mb,"215 km S of Kokopo, Papua New Guinea"
2025-05-11T18:48:45.797Z,-6.1832,151.4614,10.0,4.6,mb,"162 km ESE of Kimbe, Papua New Guinea"
2025-05-11T17:38:38.101Z,-17.7132,168.0571,37.638,4.6,mb,"27 km W of Port-Vila, Vanuatu"
2025-05-11T17:05:24.538Z,-44.3418,-82.2968,10.0,4.7,mb,West Chile Rise
2025-05-11T14:18:00.325Z,-31.0885,-178.2767,43.562,4.7,mb,Kermadec Islands region
2025-05-11T12:48:04.531Z,-15.2332,-174.4557,10.0,4.6,mb,"106 km NW of Hihifo, Tonga"
2025-05-11T11:39:08.250Z,46.219,136.3127,420.592,4.6,mb,"45 km SE of Vostok, Russia"
2025-05-11T11:22:21.597Z,-17.6883,168.3085,60.0,5.9,mww,"5 km N of Port-Vila, Vanuatu"
2025-05-11T10:41:50.463Z,7.327,-73.7849,91.758,4.6,mb,"12 km E of Puerto Wilches, Colombia"
2025-05-11T09:46:51.568Z,-24.3058,-67.1976,166.252,4.5,mb,"89 km W of San Antonio de los Cobres, Argentina"
2025-05-11T08:57:43.494Z,3.7925,97.0065,85.754,5.7,mww,"19 km ENE of Blangpidie, Indonesia"
2025-05-11T06:43:27.110Z,-33.7941,-71.5126,53.057,4.6,mb,"23 km SSE of San Antonio, Chile"
2025-05-11T05:16:48.782Z,-3.986,-80.9703,26.134,4.6,mb,"15 km NNE of Máncora, Peru"
2025-05-11T05:00:49.396Z,50.9339,156.2353,141.685,4.8,mb,"29 km NNE of Severo-Kuril’sk, Russia"
2025-05-11T04:52:33.072Z,-5.8369,147.4191,102.347,4.9,mb,"92 km NNW of Finschhafen, Papua New Guinea"
2025-05-11T03:08:34.405Z,-20.9605,169.0179,10.0,4.5,mb,"134 km ENE of Tadine, New Caledonia"
2025-05-11T02:07:09.460Z,-3.9323,-80.808,35.0,4.7,mb,"17 km W of Cañaveral, Peru"
2025-05-11T01:29:58.305Z,-3.9693,-80.8004,40.959,4.7,mb,"13 km NNW of Papayal, Peru"
2025-05-11T00:49:52.945Z,-23.7095,179.3357,532.483,4.7,mb,south of the Fiji Islands
2025-05-10T20:10:52.115Z,-15.9574,-174.2593,82.25,4.9,mb,"49 km W of Hihifo, Tonga"
2025-05-10T18:50:27.708Z,11.4894,-86.5096,69.57,4.5,mb,"32 km S of Masachapa, Nicaragua"
2025-05-10T18:36:56.450Z,12.8659,-88.8594,63.989,4.6,mwr,"57 km SW of Puerto El Triunfo, El Salvador"
2025-05-10T16:58:14.165Z,-16.1959,177.7655,10.0,4.6,mb,"148 km N of Ba, Fiji"
2025-05-10T11:45:16.029Z,29.689,129.9032,78.512,4.7,mb,"81 km SW of Kurio, Japan"
2025-05-10T05:08:00.663Z,36.6215,71.1398,229.489,4.7,mb,"35 km W of Ashkāsham, Afghanistan"
2025-05-10T03:42:36.290Z,-6.2494,151.3713,10.0,4.5,mb,"156 km ESE of Kimbe, Papua New Guinea"
2025-05-10T03:34:07.470Z,-15.9025,-74.4726,19.118,5.1,mww,"16 km SW of Atiquipa, Peru"
2025-05-10T03:09:32.384Z,-32.6793,-178.4099,10.0,4.5,mb,south of the Kermadec Islands
2025-05-10T01:06:15.845Z,-20.7641,-177.9521,498.515,4.5,mb,"279 km W of Houma, Tonga"
2025-05-10T00:39:35.581Z,-20.0054,-178.2834,622.929,4.6,mb,Fiji region
2025-05-09T22:45:44.663Z,-7.1391,129.1951,162.043,5.3,mww,"286 km ENE of Lospalos, Timor Leste"
2025-05-09T21:48:13.646Z,-41.8819,84.961,10.0,4.6,mb,southeast Indian Ridge
2025-05-09T19:22:45.720Z,-17.8989,-172.9236,10.0,4.5,mb,"139 km NE of Neiafu, Tonga"
2025-05-09T19:07:19.428Z,-33.1025,-178.8044,35.0,5.0,mb,south of the Kermadec Islands
2025-05-09T18:33:04.851Z,-27.913,-176.985,81.261,4.5,mb,Kermadec Islands region
2025-05-09T17:44:52.640Z,53.4022,158.7845,123.012,4.9,mb,"35 km NE of Yelizovo, Russia"
2025-05-09T16:49:06.930Z,-17.6827,168.3311,57.969,4.7,mb,"6 km NNE of Port-Vila, Vanuatu"
2025-05-09T15:17:27.339Z,-12.3764,166.9716,224.913,5.2,mww,"177 km NNW of Sola, Vanuatu"
2025-05-09T13:14:09.119Z,-4.2459,123.2959,25.0,4.6,mb,"90 km NE of Katobu, Indonesia"
2025-05-09T10:40:52.832Z,13.6125,124.8109,34.975,4.5,mb,"49 km ESE of Gigmoto, Philippines"
2025-05-09T09:50:26.845Z,-53.2194,140.1271,10.0,4.6,mb,west of Macquarie Island
2025-05-09T08:37:30.433Z,20.7669,95.9487,10.0,4.5,mb,"15 km SE of Meiktila, Burma (Myanmar)"
2025-05-09T04:34:51.695Z,36.9322,136.4174,10.0,4.5,mb,"33 km W of Hakui, Japan"
2025-05-09T03:24:04.593Z,41.7225,143.4689,40.341,4.5,mb,"63 km SSE of Hiroo, Japan"
2025-05-09T02:28:52.523Z,54.6124,-156.4172,8.8,4.5,mb,"225 km SSE of Chignik, Alaska"
2025-05-09T01:52:32.346Z,-18.6584,65.2549,10.0,4.5,mb,"224 km ENE of Port Mathurin, Mauritius"
2025-05-08T22:01:10.028Z,-60.5475,160.0246,10.0,5.7,mww,Macquarie Island region
2025-05-08T20:50:37.072Z,-22.7835,-112.3863,10.0,4.5,mb,Easter Island region
2025-05-08T18:36:30.735Z,11.6392,142.3449,10.0,4.9,mb,"287 km NE of Fais, Micronesia"
2025-05-08T16:16:58.829Z,-24.3097,-67.0909,168.776,4.5,mb,"79 km W of San Antonio de los Cobres, Argentina"
2025-05-08T14:51:27.561Z,-3.0486,127.255,61.988,4.6,mb,"125 km NW of Ambon, Indonesia"
2025-05-08T14:27:53.348Z,-9.8761,151.6696,10.0,4.7,mb,"137 km NE of Samarai, Papua New Guinea"
2025-05-08T13:50:18.728Z,0.6602,67.2383,10.0,4.6,mb,Carlsberg Ridge
2025-05-08T12:34:19.526Z,-19.8378,-172.7577,10.0,4.7,mb,"164 km E of Fangale’ounga, Tonga"
2025-05-08T12:06:14.308Z,-18.2615,-177.3269,634.188,4.5,mb,Fiji region
2025-05-08T11:22:40.880Z,-3.8399,-80.7011,45.0,5.4,mww,"12 km NNW of Cañaveral, Peru"
2025-05-08T10:53:00.342Z,-17.7301,167.9933,35.0,4.8,mb,"33 km W of Port-Vila, Vanuatu"
2025-05-08T09:22:13.823Z,-31.4822,-178.1921,35.0,4.5,mb,Kermadec Islands region
2025-05-08T08:58:59.604Z,-20.4344,-177.9988,496.313,4.5,mb,"292 km WNW of Houma, Tonga"
2025-05-08T08:58:15.015Z,-35.4083,-103.7898,10.0,5.4,mww,southeast of Easter Island
2025-05-08T08:16:27.785Z,-19.47,-173.2372,10.0,4.8,mb,"118 km ENE of Fangale’ounga, Tonga"
2025-05-08T07:36:12.016Z,-57.2423,-67.0049,10.0,4.7,mb,"282 km SSE of Ushuaia, Argentina"
2025-05-08T07:01:07.764Z,-18.885,-173.018,10.0,4.6,mb,"105 km ESE of Neiafu, Tonga"
2025-05-08T05:23:09.082Z,35.3651,57.3311,10.0,4.5,mb,"59 km W of Bardaskan, Iran"
2025-05-08T03:16:32.511Z,-60.5345,-26.9609,10.0,4.6,mb,South Sandwich Islands region
2025-05-08T02:55:02.415Z,39.0297,70.638,10.0,4.5,mb,"22 km E of Rasht, Tajikistan"
2025-05-08T00:36:15.525Z,-57.1832,-67.2854,10.0,4.8,mb,"271 km SSE of Ushuaia, Argentina"
2025-05-08T00:16:54.601Z,52.9092,159.3582,73.93,4.7,mb,"52 km ESE of Petropavlovsk-Kamchatsky, Russia"
2025-05-07T23:11:02.399Z,-22.586,69.2985,10.0,5.0,mb,Mid-Indian Ridge
2025-05-07T23:09:30.188Z,-9.5367,159.2885,10.726,4.9,mb,"50 km WNW of Malango, Solomon Islands"
2025-05-07T22:34:57.924Z,-20.7789,-178.4451,577.053,4.5,mb,Fiji region
2025-05-07T19:42:43.203Z,30.5385,142.5222,10.0,4.5,mb,"Izu Islands, Japan region"
2025-05-07T18:51:55.868Z,-34.887,78.6878,10.0,4.9,mb,Mid-Indian Ridge
2025-05-07T18:47:16.155Z,-57.3909,-67.7026,10.0,4.5,mb,"289 km S of Ushuaia, Argentina"
2025-05-07T17:49:33.923Z,-1.7899,136.319,25.94,4.9,mww,"72 km SSE of Biak, Indonesia"
2025-05-07T16:03:43.310Z,-6.0885,151.9158,10.0,4.6,mb,"196 km SSW of Kokopo, Papua New Guinea"
2025-05-07T14:56:11.093Z,-14.7475,66.5518,10.0,4.6,mb,Mid-Indian Ridge
2025-05-07T14:44:29.684Z,0.8463,126.0635,35.0,4.6,mb,"123 km ESE of Bitung, Indonesia"
2025-05-07T11:53:39.100Z,-32.2441,-178.0514,10.0,4.7,mb,south of the Kermadec Islands
2025-05-07T11:28:27.713Z,-9.8652,151.9153,10.0,4.7,mb,"160 km ENE of Samarai, Papua New Guinea"
2025-05-07T10:56:39.517Z,-14.686,66.5037,10.0,4.7,mb,Mid-Indian Ridge
2025-05-07T10:50:42.166Z,29.9855,131.0793,34.786,4.5,mb,"59 km ESE of Koshima, Japan"
2025-05-07T10:06:54.059Z,-57.246,-67.7348,10.0,4.5,mb,"273 km S of Ushuaia, Argentina"
2025-05-07T09:36:28.151Z,12.8093,125.0971,23.287,4.5,mb,"16 km NNE of Cabodiongan, Philippines"
2025-05-07T07:40:16.901Z,-33.7938,-179.6406,10.0,4.7,mb,south of the Kermadec Islands
2025-05-07T07:09:08.006Z,0.8917,97.386,10.0,5.3,mb,"50 km SSW of Gunungsitoli, Indonesia"
2025-05-07T05:40:02.740Z,0.3254,125.3202,71.478,4.6,mb,"99 km E of Modisi, Indonesia"
2025-05-07T04:41:31.495Z,12.7216,126.0118,10.0,4.9,mww,"80 km NE of Alugan, Philippines"
2025-05-07T03:48:42.364Z,7.7672,126.876,82.736,4.8,mb,"36 km ENE of Kinablangan, Philippines"
2025-05-07T02:15:26.359Z,30.0282,131.1112,35.0,4.6,mb,"59 km SE of Koseda, Japan"
2025-05-07T01:52:30.009Z,-32.9983,-178.7082,35.0,4.6,mb,south of the Kermadec Islands
2025-05-06T21:10:29.132Z,-22.3515,-179.5451,589.473,4.7,mb,south of the Fiji Islands
2025-05-06T18:15:10.547Z,-4.0452,-104.1959,10.0,5.7,mww,central East Pacific Rise
2025-05-06T17:45:31.436Z,-19.9606,169.4788,102.0,5.5,mww,"50 km SSE of Isangel, Vanuatu"
2025-05-06T14:20:09.911Z,-1.7352,136.3565,17.655,4.6,mb,"68 km SSE of Biak, Indonesia"
2025-05-06T09:43:25.684Z,-21.101,-174.3386,10.0,5.0,mb,"69 km ENE of ‘Ohonua, Tonga"
2025-05-06T08:08:28.011Z,39.31,73.4022,10.0,4.6,mwr,"101 km ESE of Kyzyl-Eshme, Kyrgyzstan"
2025-05-06T07:49:27.751Z,-17.7514,-175.2998,238.697,4.6,mb,"171 km NW of Neiafu, Tonga"
2025-05-06T07:13:11.944Z,-3.7735,139.3546,54.602,4.6,mb,"192 km SW of Abepura, Indonesia"
2025-05-06T06:37:46.391Z,-3.2157,150.7963,10.0,4.9,mb,"71 km S of Kavieng, Papua New Guinea"
2025-05-06T04:39:32.016Z,-4.4241,144.3302,133.215,5.1,mb,"49 km SE of Angoram, Papua New Guinea"
2025-05-06T01:45:48.765Z,1.6354,127.1993,128.767,4.7,mb,"90 km W of Tobelo, Indonesia"
2025-05-05T22:57:34.175Z,-0.0691,123.7134,130.965,4.9,mww,"98 km SE of Gorontalo, Indonesia"
2025-05-05T22:43:12.183Z,-57.283,-68.045,10.0,4.5,mb,"275 km S of Ushuaia, Argentina"
2025-05-05T21:41:03.589Z,-28.4328,-176.7597,35.0,4.9,mb,Kermadec Islands region
2025-05-05T21:14:02.950Z,64.6302,-17.4981,10.0,5.3,mww,"117 km WNW of Höfn, Iceland"
2025-05-05T19:49:01.030Z,8.6942,-39.7656,10.0,4.6,mb,central Mid-Atlantic Ridge
2025-05-05T16:19:16.065Z,-6.1599,151.5881,10.0,4.6,mb,"174 km ESE of Kimbe, Papua New Guinea"
2025-05-05T13:21:24.926Z,-28.2861,-176.7197,35.0,4.7,mb,Kermadec Islands region
2025-05-05T13:15:47.116Z,-28.2867,-176.5617,12.659,5.0,mb,Kermadec Islands region
2025-05-05T11:15:45.231Z,24.0047,121.61,19.23,4.7,mb,"3 km N of Hualien City, Taiwan"
2025-05-05T10:53:27.776Z,23.909,121.9671,27.0,5.6,mww,"37 km ESE of Hualien City, Taiwan"
2025-05-05T10:27:56.964Z,23.8572,122.0102,10.0,4.6,mb,"43 km ESE of Hualien City, Taiwan"
2025-05-05T10:09:59.032Z,23.9405,122.0201,10.0,5.1,mww,"42 km E of Hualien City, Taiwan"
2025-05-05T09:46:46.882Z,-29.4675,-71.9242,22.933,5.1,mww,"78 km NW of Coquimbo, Chile"
2025-05-05T08:50:00.063Z,-57.1198,-67.7989,10.0,4.5,mb,"259 km S of Ushuaia, Argentina"
2025-05-05T08:36:58.815Z,-5.497,131.0187,66.874,4.5,mb,"192 km W of Tual, Indonesia"
2025-05-05T08:30:39.603Z,12.5119,-88.2428,52.589,4.8,mb,"78 km SSW of Intipucá, El Salvador"
2025-05-05T08:28:13.833Z,16.5292,-92.5534,261.0,5.8,mww,"5 km NNE of Nuevo León, Mexico"
2025-05-05T07:40:54.823Z,-43.8875,-16.3386,10.0,4.6,mb,southern Mid-Atlantic Ridge
2025-05-05T05:01:31.383Z,-34.8555,-107.6775,10.0,4.9,mb,southern East Pacific Rise
2025-05-05T04:55:06.818Z,-57.1735,-68.0369,10.0,4.7,mb,"263 km S of Ushuaia, Argentina"
2025-05-05T03:55:39.960Z,-35.1429,-107.4203,10.0,6.0,mww,southern East Pacific Rise
2025-05-05T02:17:48.611Z,-31.8815,-70.8971,96.805,4.7,mb,"12 km SSE of Salamanca, Chile"
2025-05-05T01:05:14.575Z,-41.5015,90.2121,10.0,4.7,mb,southeast Indian Ridge
2025-05-04T22:40:04.305Z,-33.9882,179.5838,10.0,4.5,mb,south of the Kermadec Islands
2025-05-04T21:45:35.098Z,22.8087,144.1694,38.604,4.5,mb,"Volcano Islands, Japan region"
2025-05-04T18:11:37.596Z,-0.5706,29.4792,10.0,4.5,mb,"39 km NNW of Ntungamo, Uganda"
2025-05-04T17:52:54.402Z,7.3789,-77.1646,41.437,4.5,mb,"8 km SW of Riosucio, Colombia"
2025-05-04T16:34:53.993Z,36.3677,140.9392,49.692,4.5,mb,"32 km E of Ōarai, Japan"
2025-05-04T16:00:03.806Z,2.2424,126.7646,55.252,4.5,mb,"149 km WNW of Tobelo, Indonesia"
2025-05-04T15:56:10.379Z,-33.4047,-72.2629,18.006,4.5,mwr,"63 km WNW of Cartagena, Chile"
2025-05-04T15:25:25.254Z,-57.1158,-66.8149,10.0,4.5,mb,"273 km SSE of Ushuaia, Argentina"
2025-05-04T14:59:29.996Z,-22.0725,-68.6977,113.326,4.6,mwr,"48 km NNE of Calama, Chile"
2025-05-04T12:49:23.932Z,-6.3884,148.301,10.0,4.6,mb,"53 km ENE of Finschhafen, Papua New Guinea"
2025-05-04T11:59:19.278Z,-57.138,-67.3515,10.0,4.7,mb,"266 km SSE of Ushuaia, Argentina"
2025-05-04T11:50:08.058Z,-10.0316,160.266,34.909,5.0,mb,"70 km ESE of Malango, Solomon Islands"
2025-05-04T11:26:56.559Z,-57.2861,-67.4268,10.0,4.5,mb,"281 km SSE of Ushuaia, Argentina"
2025-05-04T11:26:03.941Z,-57.17,-67.5117,10.0,4.7,mb,"267 km S of Ushuaia, Argentina"
2025-05-04T11:12:34.426Z,-57.1148,-67.0746,10.0,4.7,mb,"267 km SSE of Ushuaia, Argentina"
2025-05-04T08:44:00.623Z,29.1108,141.0553,83.015,4.5,mb,"Izu Islands, Japan region"
2025-05-04T08:33:23.581Z,3.6972,127.1466,46.101,4.6,mb,"237 km NNW of Tobelo, Indonesia"
2025-05-04T07:04:16.553Z,-6.4814,102.2268,10.0,4.5,mb,"294 km SSW of Pagar Alam, Indonesia"
2025-05-04T06:58:24.280Z,18.9858,-64.316,20.0,5.63,ml,"88 km NE of Cruz Bay, U.S. Virgin Islands"
2025-05-04T06:45:42.713Z,41.8679,82.4392,10.0,4.5,mb,"44 km WNW of Kuqa, China"
2025-05-04T04:54:23.073Z,25.9551,128.4221,10.0,4.5,mb,"68 km SE of Katsuren-haebaru, Japan"
2025-05-04T04:53:27.847Z,-57.1167,-67.1627,10.0,5.0,mb,"266 km SSE of Ushuaia, Argentina"
2025-05-04T04:38:06.857Z,-57.5433,-67.6987,10.0,5.3,mb,Drake Passage
2025-05-04T03:48:17.874Z,29.2375,142.0838,10.0,5.2,mww,"Izu Islands, Japan region"
2025-05-04T03:35:42.731Z,35.6059,139.6685,77.823,4.5,mb,"7 km SSW of Motoyoyogichō, Japan"
2025-05-04T03:27:48.258Z,-23.4561,-179.8174,551.556,4.5,mb,south of the Fiji Islands
2025-05-04T03:10:54.543Z,-57.4591,-67.5666,10.0,4.7,mb,"298 km S of Ushuaia, Argentina"
2025-05-04T01:53:58.646Z,-32.1647,-178.1287,10.0,4.8,mb,south of the Kermadec Islands
2025-05-04T01:47:05.553Z,31.647,-104.458,7.5354,5.4,ml,"59 km S of Whites City, New Mexico"
2025-05-04T01:14:01.236Z,-57.3194,-67.296,10.0,4.8,mb,"286 km SSE of Ushuaia, Argentina"
2025-05-04T00:40:05.890Z,-36.015,178.3005,10.0,4.8,mb,"175 km N of Hicks Bay, New Zealand"
2025-05-04T00:26:28.854Z,52.1984,-168.3752,10.0,4.6,mb,"88 km SSE of Nikolski, Alaska"
2025-05-04T00:00:14.865Z,-31.9272,-178.296,35.0,4.6,mb,Kermadec Islands region
2025-05-03T23:42:14.210Z,-14.6423,166.8736,10.0,4.8,mb,"49 km NNW of Port-Olry, Vanuatu"
2025-05-03T21:26:26.008Z,-7.8954,117.6962,10.0,4.5,mb,"61 km NNE of Pototano, Indonesia"
2025-05-03T17:23:00.121Z,-57.1215,-67.4936,10.0,4.6,mb,"262 km SSE of Ushuaia, Argentina"
2025-05-03T17:04:14.009Z,-3.2806,141.0731,32.353,5.1,mb,"70 km SSW of Vanimo, Papua New Guinea"
2025-05-03T16:21:11.019Z,-3.3431,143.5962,10.0,5.0,mb,"23 km N of Wewak, Papua New Guinea"
2025-05-03T15:50:39.494Z,-7.2091,156.0383,70.932,4.5,mb,"116 km SSE of Panguna, Papua New Guinea"
2025-05-03T15:49:06.586Z,-17.478,168.0045,31.708,4.9,mww,"43 km NW of Port-Vila, Vanuatu"
2025-05-03T14:50:14.676Z,-0.628,-77.9905,1.702,4.5,mwr,"37 km NNW of Archidona, Ecuador"
2025-05-03T14:41:31.953Z,-57.1272,-67.6127,10.0,4.5,mb,"261 km S of Ushuaia, Argentina"
2025-05-03T14:07:50.993Z,-57.0227,-66.9741,10.0,4.5,mb,"260 km SSE of Ushuaia, Argentina"
2025-05-03T12:51:43.462Z,0.5053,121.636,92.0,5.9,mww,"158 km W of Gorontalo, Indonesia"
2025-05-03T11:54:40.025Z,-56.9009,-68.0524,10.0,4.7,mb,"233 km S of Ushuaia, Argentina"
2025-05-03T11:37:22.643Z,-29.1395,-177.5129,71.034,4.5,mb,"Kermadec Islands, New Zealand"
2025-05-03T11:30:18.618Z,-27.7712,-179.6116,471.136,4.5,mb,Kermadec Islands region
2025-05-03T10:50:43.400Z,-57.1802,-67.204,10.0,4.9,mb,"272 km SSE of Ushuaia, Argentina"
2025-05-03T10:10:58.426Z,-56.9117,-67.5706,10.0,4.5,mb,"238 km SSE of Ushuaia, Argentina"
2025-05-03T10:06:32.805Z,-57.0716,-67.7127,10.0,5.0,mb,"254 km S of Ushuaia, Argentina"
2025-05-03T07:48:04.241Z,-57.1139,-67.0964,10.0,4.9,mb,"267 km SSE of Ushuaia, Argentina"
2025-05-03T07:18:12.885Z,-57.2297,-66.8301,10.0,4.8,mb,"284 km SSE of Ushuaia, Argentina"
2025-05-03T05:17:53.841Z,-57.2014,-67.2058,10.0,4.5,mb,"275 km SSE of Ushuaia, Argentina"
2025-05-03T05:10:36.688Z,-3.1894,141.0465,10.0,5.2,mww,"62 km SSW of Vanimo, Papua New Guinea"
2025-05-03T04:57:51.464Z,-57.1609,-66.7884,10.0,4.5,mb,"278 km SSE of Ushuaia, Argentina"
2025-05-03T04:55:39.353Z,9.5551,123.0001,10.0,4.5,mb,"7 km SSW of Mayapusi, Philippines"
2025-05-03T04:45:59.891Z,-6.2239,103.6861,35.0,4.8,mb,"195 km WSW of Bandar Lampung, Indonesia"
2025-05-03T02:51:47.259Z,-56.7459,-68.4848,10.0,4.5,mb,"215 km S of Ushuaia, Argentina"
2025-05-03T02:47:44.431Z,-27.7922,-176.5205,66.56,4.6,mb,Kermadec Islands region
2025-05-03T02:36:44.607Z,-54.3373,-48.7448,10.0,5.0,mb,South Atlantic Ocean
2025-05-03T02:19:19.703Z,-9.2102,113.9997,65.757,4.9,mb,"91 km S of Gambiran Satu, Indonesia"
2025-05-03T01:44:32.446Z,-6.0527,151.6694,10.0,4.9,mb,"178 km ESE of Kimbe, Papua New Guinea"
2025-05-03T01:13:25.957Z,-57.1338,-66.9563,10.0,4.5,mb,"272 km SSE of Ushuaia, Argentina"
2025-05-03T00:31:23.503Z,-6.1862,152.0997,10.0,4.6,mb,"204 km S of Kokopo, Papua New Guinea"
2025-05-03T00:19:36.416Z,-9.7493,159.7242,29.255,4.5,mb,"6 km S of Malango, Solomon Islands"
2025-05-02T21:18:55.588Z,-10.9839,-76.5221,99.826,4.6,mb,"24 km E of Jucul, Peru"
2025-05-02T21:09:41.347Z,-57.3035,-67.719,10.0,4.6,mb,"280 km S of Ushuaia, Argentina"
2025-05-02T20:14:15.352Z,-57.1328,-67.2677,10.0,5.3,mb,"266 km SSE of Ushuaia, Argentina"
2025-05-02T19:57:58.541Z,-57.3753,-66.863,10.0,5.0,mb,"299 km SSE of Ushuaia, Argentina"
2025-05-02T19:42:29.446Z,-57.1819,-67.0715,10.0,4.8,mb,"275 km SSE of Ushuaia, Argentina"
2025-05-02T19:33:49.191Z,-57.3958,-67.2137,10.0,5.1,mb,"295 km SSE of Ushuaia, Argentina"
2025-05-02T19:17:42.572Z,-57.1162,-67.3476,10.0,4.6,mb,"263 km SSE of Ushuaia, Argentina"
2025-05-02T18:25:32.326Z,-57.3731,-67.0119,10.0,4.5,mb,"296 km SSE of Ushuaia, Argentina"
2025-05-02T18:20:31.281Z,-57.3925,-67.1308,10.0,5.1,mb,"296 km SSE of Ushuaia, Argentina"
2025-05-02T18:07:37.385Z,-57.418,-67.0406,10.0,5.0,mb,Drake Passage
2025-05-02T17:59:07.662Z,-57.304,-67.0168,8.0,6.4,mww,"289 km SSE of Ushuaia, Argentina"
2025-05-02T17:34:40.714Z,-6.2227,151.8876,10.0,4.6,mb,"207 km ESE of Kimbe, Papua New Guinea"
2025-05-02T16:48:33.458Z,-57.3577,-67.2414,10.0,5.3,mb,"291 km SSE of Ushuaia, Argentina"
2025-05-02T16:43:47.112Z,-56.9967,-67.0093,10.0,4.7,mb,"256 km SSE of Ushuaia, Argentina"
2025-05-02T16:13:03.208Z,-56.9655,-67.2579,10.0,4.6,mb,"248 km SSE of Ushuaia, Argentina"
2025-05-02T15:42:52.815Z,-57.1594,-67.1788,10.0,4.9,mb,"270 km SSE of Ushuaia, Argentina"
2025-05-02T15:27:52.532Z,-57.2865,-67.0282,10.0,4.8,mb,"287 km SSE of Ushuaia, Argentina"
2025-05-02T15:27:37.935Z,-57.2227,-67.5801,10.0,4.9,mb,"272 km S of Ushuaia, Argentina"
2025-05-02T15:25:37.849Z,-57.2136,-67.3395,10.0,4.9,mb,"274 km SSE of Ushuaia, Argentina"
2025-05-02T15:24:10.764Z,-28.9988,-71.657,26.015,4.8,mb,"99 km WSW of Vallenar, Chile"
2025-05-02T15:18:05.230Z,-56.913,-68.3331,10.0,4.6,mb,"234 km S of Ushuaia, Argentina"
2025-05-02T15:10:01.922Z,-56.9316,-67.574,10.0,4.8,mb,"240 km SSE of Ushuaia, Argentina"
2025-05-02T15:08:45.912Z,-57.1172,-68.0486,10.0,4.9,mb,"257 km S of Ushuaia, Argentina"
2025-05-02T14:48:51.259Z,-57.2225,-67.6331,10.0,4.8,mb,"271 km S of Ushuaia, Argentina"
2025-05-02T14:45:13.775Z,-57.3426,-67.3596,10.0,4.7,mb,"288 km SSE of Ushuaia, Argentina"
2025-05-02T14:43:45.630Z,-57.2601,-67.7447,10.0,4.9,mb,"275 km S of Ushuaia, Argentina"
2025-05-02T14:38:06.272Z,-57.065,-67.6032,10.0,5.1,mb,"254 km S of Ushuaia, Argentina"
2025-05-02T14:14:37.378Z,-57.4121,-68.0535,10.0,4.5,mb,"290 km S of Ushuaia, Argentina"
2025-05-02T14:12:28.107Z,-57.1218,-67.6914,10.0,4.8,mb,"260 km S of Ushuaia, Argentina"
2025-05-02T14:03:42.880Z,-57.2262,-67.5154,10.0,4.5,mb,"273 km S of Ushuaia, Argentina"
2025-05-02T13:57:55.678Z,-57.0812,-67.7374,10.0,4.7,mb,"255 km S of Ushuaia, Argentina"
2025-05-02T13:55:02.779Z,-57.2793,-67.5325,10.0,5.3,mb,"279 km S of Ushuaia, Argentina"
2025-05-02T13:51:10.888Z,-56.6932,-68.1288,10.0,4.9,mb,"209 km S of Ushuaia, Argentina"
2025-05-02T13:49:29.850Z,-57.1576,-67.2617,10.0,4.9,mb,"269 km SSE of Ushuaia, Argentina"
2025-05-02T13:29:00.413Z,-57.0638,-67.2837,10.0,4.6,mb,"258 km SSE of Ushuaia, Argentina"
2025-05-02T13:24:34.822Z,-57.3445,-67.5307,10.0,4.5,mb,"286 km S of Ushuaia, Argentina"
2025-05-02T13:17:31.716Z,-57.1618,-66.9519,10.0,4.7,mb,"275 km SSE of Ushuaia, Argentina"
2025-05-02T13:14:02.062Z,-57.1873,-68.1611,10.0,4.7,mb,"264 km S of Ushuaia, Argentina"
2025-05-02T13:13:45.299Z,-56.9938,-67.0375,10.0,4.9,mb,"255 km SSE of Ushuaia, Argentina"
2025-05-02T13:10:08.321Z,-57.121,-67.4986,10.0,5.6,mb,"262 km SSE of Ushuaia, Argentina"
2025-05-02T13:09:40.634Z,-57.2358,-67.2023,10.0,5.7,mb,"278 km SSE of Ushuaia, Argentina"
2025-05-02T13:07:45.852Z,-56.8541,-68.5794,10.0,5.4,mb,"228 km S of Ushuaia, Argentina"
2025-05-02T13:03:16.417Z,-57.0575,-67.3954,10.0,5.5,mb,"256 km SSE of Ushuaia, Argentina"
2025-05-02T12:58:26.014Z,-56.8094,-68.1019,10.0,7.4,mww,2025 Drake Passage Earthquake
2025-05-02T10:59:19.540Z,-7.164,156.1376,43.0,5.8,mww,"118 km SE of Panguna, Papua New Guinea"
2025-05-02T10:01:53.780Z,-47.9786,102.7031,10.0,4.6,mb,southeast Indian Ridge
2025-05-02T08:51:12.798Z,-58.0483,-25.0982,38.584,5.0,mb,South Sandwich Islands region
2025-05-02T07:07:44.608Z,-0.451,100.4471,10.0,4.6,mb,"17 km SSE of Bukittinggi, Indonesia"
2025-05-02T06:00:58.589Z,18.3768,145.2407,473.501,4.5,mb,"Pagan region, Northern Mariana Islands"
2025-05-02T05:15:26.779Z,20.2189,121.7964,10.0,4.5,mb,"31 km SW of Basco, Philippines"
2025-05-02T04:12:42.443Z,-59.0665,-25.3018,10.0,4.8,mb,South Sandwich Islands region
2025-05-02T04:11:50.612Z,31.7558,-40.9258,10.0,5.1,mww,northern Mid-Atlantic Ridge
2025-05-02T03:13:43.234Z,-6.2548,151.7284,10.0,4.5,mb,"192 km ESE of Kimbe, Papua New Guinea"
2025-05-02T02:53:47.629Z,-8.2872,119.6796,161.149,4.5,mb,"32 km NW of Labuan Bajo, Indonesia"
2025-05-02T02:45:10.813Z,18.9965,121.2998,10.0,4.6,mb,"44 km NNE of Namuac, Philippines"
2025-05-02T00:16:40.461Z,-21.4227,170.3274,175.851,4.5,mb,"235 km SSE of Isangel, Vanuatu"
2025-05-01T22:26:44.948Z,5.3918,126.029,95.538,4.9,mww,"62 km E of Sarangani, Philippines"
2025-05-01T21:48:59.922Z,-50.1966,-7.4892,10.0,4.5,mb,southern Mid-Atlantic Ridge
2025-05-01T20:23:02.329Z,-6.1776,151.4559,10.0,5.1,mb,"161 km ESE of Kimbe, Papua New Guinea"
2025-05-01T19:35:52.466Z,-21.2624,176.8642,10.0,4.9,mb,south of the Fiji Islands
2025-05-01T18:47:33.132Z,-29.8069,-176.9434,10.0,4.5,mb,Kermadec Islands region
2025-05-01T18:15:05.468Z,-43.6167,-16.0628,10.0,4.8,mb,southern Mid-Atlantic Ridge
2025-05-01T17:00:43.689Z,15.0451,-94.156,35.0,5.2,mww,"104 km SW of Manuel Ávila Camacho (Ponte Duro), Mexico"
2025-05-01T16:04:52.814Z,-28.5676,-67.4699,11.0,5.4,mww,"56 km S of Tinogasta, Argentina"
2025-05-01T14:51:16.581Z,21.6962,122.6696,10.0,4.9,mww,"156 km NNE of Basco, Philippines"
2025-05-01T11:06:14.264Z,-19.9109,168.8952,10.0,4.7,mb,"57 km SW of Isangel, Vanuatu"
2025-05-01T10:42:41.620Z,-6.5292,150.6475,10.0,5.1,mb,"122 km SSE of Kimbe, Papua New Guinea"
2025-05-01T10:24:18.552Z,-24.147,-66.9081,189.438,4.5,mb,"60 km W of San Antonio de los Cobres, Argentina"
2025-05-01T09:56:08.897Z,-33.6845,179.162,255.223,4.5,mb,south of the Kermadec Islands
2025-05-01T06:47:52.553Z,18.1094,146.4371,57.203,4.6,mb,"Pagan region, Northern Mariana Islands"
2025-05-01T06:04:30.610Z,-9.517,159.5202,33.065,5.2,mww,"29 km NW of Malango, Solomon Islands"
2025-05-01T02:00:18.714Z,-60.3748,-28.6104,10.0,4.7,mb,South Sandwich Islands region
2025-05-01T01:40:33.653Z,35.1787,59.6874,10.0,4.8,mb,"43 km ESE of Torbat-e Ḩeydarīyeh, Iran"
2025-05-01T00:11:20.797Z,-23.9725,-66.7777,201.061,4.8,mww,"54 km WNW of San Antonio de los Cobres, Argentina"
2025-04-30T23:56:05.370Z,4.3327,128.2079,17.647,4.9,mww,"288 km N of Tobelo, Indonesia"
2025-04-30T23:45:37.112Z,4.2045,128.3395,10.0,4.5,mb,"276 km N of Tobelo, Indonesia"
2025-04-30T23:38:27.946Z,4.2718,128.3407,19.533,4.8,mww,"283 km N of Tobelo, Indonesia"
2025-04-30T21:56:09.668Z,4.3577,128.4086,13.166,4.5,mb,"294 km N of Tobelo, Indonesia"
2025-04-30T17:07:17.624Z,-2.7903,130.1701,29.744,4.5,mb,"144 km ENE of Masohi, Indonesia"
2025-04-30T16:08:01.898Z,4.2668,128.1387,58.155,4.5,mb,"281 km N of Tobelo, Indonesia"
2025-04-30T14:34:03.598Z,-14.4967,167.8856,10.0,4.6,mb,"77 km SSE of Sola, Vanuatu"
2025-04-30T13:45:46.106Z,-5.5065,147.265,205.266,4.7,mb,"132 km NNW of Finschhafen, Papua New Guinea"
2025-04-30T11:51:43.977Z,-5.6091,151.0556,74.502,5.4,mww,"101 km E of Kimbe, Papua New Guinea"
2025-04-30T10:24:57.357Z,2.5653,127.2114,85.301,4.8,mb,"128 km NW of Tobelo, Indonesia"
2025-04-30T09:00:13.646Z,10.0455,-104.5639,10.0,5.2,mww,northern East Pacific Rise
2025-04-30T08:43:28.549Z,-7.4648,128.6927,121.068,4.6,mb,"220 km ENE of Lospalos, Timor Leste"
2025-04-30T05:36:23.167Z,35.4031,26.5634,10.0,4.5,mb,"32 km W of Fry, Greece"
2025-04-30T05:24:39.157Z,2.6259,126.2617,70.946,4.8,mb,"181 km NE of Bitung, Indonesia"
2025-04-30T05:14:06.991Z,9.9716,-104.4833,10.0,4.7,mb,northern East Pacific Rise
2025-04-30T00:39:50.233Z,11.3736,-62.2766,148.12,4.5,mb,"88 km N of Güiria, Venezuela"
2025-04-29T20:27:29.539Z,-33.6487,-179.1952,10.0,4.9,mb,south of the Kermadec Islands
2025-04-29T19:16:30.845Z,-20.8743,-173.9039,10.0,5.1,mb,"120 km ENE of ‘Ohonua, Tonga"
2025-04-29T19:02:21.056Z,3.6971,-32.0691,10.0,4.6,mb,central Mid-Atlantic Ridge
2025-04-29T18:56:29.965Z,-54.29,155.777,10.0,5.0,mb,Macquarie Island region
2025-04-29T16:43:45.741Z,-27.7543,-176.3984,10.0,4.5,mb,Kermadec Islands region
2025-04-29T16:11:25.750Z,18.2983,-68.28,96.0,4.55,md,"34 km SSE of Punta Cana, Dominican Republic"
2025-04-29T15:52:00.725Z,-20.6228,-174.1366,10.0,4.5,mb,"92 km SSE of Pangai, Tonga"
2025-04-29T15:35:24.450Z,-54.2725,155.8878,10.0,4.5,mb,Macquarie Island region
2025-04-29T15:11:07.922Z,-41.2437,-87.131,10.0,4.9,mb,West Chile Rise
2025-04-29T14:53:37.897Z,-54.2616,155.6446,18.957,6.8,mww,Macquarie Island region
2025-04-29T14:26:06.327Z,-55.9718,-124.2207,10.0,4.9,mb,southern East Pacific Rise
2025-04-29T13:49:21.687Z,-12.9215,166.4602,77.681,5.3,mww,"158 km NW of Sola, Vanuatu"
2025-04-29T13:35:26.180Z,-27.8016,-176.5263,10.0,5.2,mb,Kermadec Islands region
2025-04-29T13:30:30.110Z,-28.1396,-175.2966,10.0,5.6,mww,Kermadec Islands region
2025-04-29T13:16:32.562Z,-48.1824,165.3571,10.595,6.2,mww,"285 km SW of Bluff, New Zealand"
2025-04-29T08:20:32.462Z,33.5669,81.9001,10.0,4.7,mb,western Xizang
2025-04-29T08:17:23.297Z,33.4369,81.8287,10.0,5.0,mww,western Xizang
2025-04-29T08:03:40.871Z,60.7376,-150.0416,41.5,4.5,mwr,"29 km SW of Hope, Alaska"
2025-04-29T07:51:23.036Z,-20.7896,-68.7709,100.347,4.8,mb,"72 km NW of Ollagüe, Chile"
2025-04-29T07:11:13.701Z,-6.2401,146.749,96.302,4.9,mb,"60 km NNW of Lae, Papua New Guinea"
2025-04-29T04:01:22.438Z,-6.2542,149.8973,35.0,5.4,mww,"39 km E of Kandrian, Papua New Guinea"
2025-04-28T22:53:58.008Z,-15.0913,-174.057,67.834,4.5,mb,"99 km NNW of Hihifo, Tonga"
2025-04-28T19:03:59.478Z,-5.1705,153.7847,59.694,4.9,mb,"191 km ESE of Kokopo, Papua New Guinea"
2025-04-28T17:22:02.263Z,-17.3626,-175.378,258.318,4.6,mb,"205 km NW of Neiafu, Tonga"
2025-04-28T17:21:49.110Z,-6.3074,151.6963,10.0,4.9,mb,"191 km ESE of Kimbe, Papua New Guinea"
2025-04-28T13:56:36.174Z,44.6509,146.7382,131.189,4.5,mb,"94 km N of Shikotan, Russia"
2025-04-28T09:36:34.614Z,1.2874,126.5315,55.374,4.5,mb,"109 km WNW of Ternate, Indonesia"
2025-04-28T06:37:26.132Z,41.9007,142.5311,62.248,4.6,mb,"35 km SW of Urakawa, Japan"
2025-04-28T05:08:15.264Z,32.7135,105.5173,10.0,4.7,mb,"16 km ESE of Zhongmiao, China"
2025-04-28T03:39:25.294Z,13.0733,92.5283,10.0,4.6,mb,"153 km N of Bamboo Flat, India"
2025-04-28T02:34:58.777Z,52.2281,-168.5126,10.786,5.0,mww,"82 km SSE of Nikolski, Alaska"
2025-04-28T02:18:32.668Z,-21.6365,-66.8577,225.112,4.5,mb,"101 km SW of Atocha, Bolivia"
2025-04-28T01:27:59.270Z,19.3557,96.1241,10.0,4.5,mb,"43 km S of Nay Pyi Taw, Burma (Myanmar)"
2025-04-28T00:42:11.854Z,-22.3693,-175.3377,35.0,4.5,mb,"120 km SSW of ‘Ohonua, Tonga"
2025-04-28T00:04:11.032Z,11.9834,143.622,10.0,4.9,mb,"181 km SW of Merizo Village, Guam"
2025-04-27T23:58:28.964Z,11.8786,143.7332,10.0,4.6,mb,"184 km SSW of Merizo Village, Guam"
2025-04-27T22:13:45.015Z,0.0015,124.233,89.601,4.5,mb,"54 km SSW of Modisi, Indonesia"
2025-04-27T22:13:41.073Z,-23.5209,-179.8749,526.147,4.5,mb,south of the Fiji Islands
2025-04-27T20:10:21.930Z,-30.9147,-71.4415,48.003,4.5,mb,"41 km SW of Ovalle, Chile"
2025-04-27T20:09:35.297Z,52.2048,-168.4571,10.0,4.8,mb,"86 km SSE of Nikolski, Alaska"
2025-04-27T20:07:03.804Z,52.3096,-168.5496,24.824,4.8,mww,"73 km SSE of Nikolski, Alaska"
2025-04-27T18:59:57.943Z,-31.5248,-177.5886,10.0,4.5,mb,Kermadec Islands region
2025-04-27T18:09:37.895Z,38.3165,38.9257,11.847,4.7,mwr,"9 km W of Doğanyol, Turkey"
2025-04-27T17:18:27.488Z,19.2068,121.1565,18.0,5.6,mww,"65 km N of Namuac, Philippines"
2025-04-27T16:54:25.986Z,19.2094,121.0904,20.0,5.5,mww,"66 km N of Claveria, Philippines"
2025-04-27T16:36:05.644Z,-56.4876,-26.1954,66.408,4.7,mb,South Sandwich Islands region
2025-04-27T11:36:18.754Z,-34.0359,-68.8467,10.0,4.5,mwr,"80 km NW of San Rafael, Argentina"
2025-04-27T10:32:28.379Z,18.0777,55.01,10.0,4.5,mb,"152 km NE of Şalālah, Oman"
2025-04-27T09:52:18.550Z,-56.1881,146.8797,10.0,4.6,mb,west of Macquarie Island
2025-04-27T09:51:07.134Z,-56.2791,147.1152,10.0,5.1,mww,west of Macquarie Island
2025-04-27T09:22:42.704Z,-56.1563,147.0791,10.0,5.9,mww,west of Macquarie Island
2025-04-27T00:56:34.707Z,-28.8614,-176.2021,10.0,5.1,mb,Kermadec Islands region
2025-04-26T18:54:10.138Z,-57.7797,-17.8943,10.0,5.0,mb,east of the South Sandwich Islands
2025-04-26T18:38:46.895Z,-15.2707,-173.9747,59.436,4.9,mb,"78 km NNW of Hihifo, Tonga"
2025-04-26T16:27:41.747Z,3.3479,126.7872,50.398,4.5,mb,"224 km NW of Tobelo, Indonesia"
2025-04-26T16:19:26.050Z,-17.9671,173.3192,10.0,4.5,mb,Fiji region
2025-04-26T10:36:14.450Z,35.9381,70.5483,106.701,4.5,mb,"66 km NNW of Pārūn, Afghanistan"
2025-04-26T09:50:01.178Z,-5.2594,153.7447,84.044,4.6,mb,"192 km ESE of Kokopo, Papua New Guinea"
2025-04-26T06:33:17.935Z,-3.5924,140.5176,35.0,4.9,mb,"110 km S of Abepura, Indonesia"
2025-04-26T04:21:49.088Z,31.09,98.982,10.0,5.1,mww,"171 km E of Qamdo, China"
2025-04-26T03:49:47.354Z,11.9926,46.0992,10.0,4.6,mb,"144 km SE of Aden, Yemen"
2025-04-26T00:27:46.992Z,-22.1785,170.5915,10.0,5.1,mww,"288 km ESE of Tadine, New Caledonia"
2025-04-25T22:15:39.739Z,-6.748,147.4341,44.774,5.1,mb,"48 km E of Lae, Papua New Guinea"
2025-04-25T21:19:50.175Z,0.365,122.1611,135.303,4.5,mb,"102 km W of Gorontalo, Indonesia"
2025-04-25T20:47:47.311Z,6.6843,123.8153,38.635,4.6,mb,"24 km W of Taguisa, Philippines"
2025-04-25T20:26:01.295Z,-6.1885,151.9048,10.0,4.8,mb,"208 km S of Kokopo, Papua New Guinea"
2025-04-25T19:25:03.699Z,-9.5148,-79.2544,62.31,4.5,mb,"87 km SW of Chimbote, Peru"
2025-04-25T19:17:03.543Z,58.1209,-153.1875,44.3,4.6,mww,"17 km WNW of Aleneva, Alaska"
2025-04-25T15:59:44.156Z,-7.1594,124.7866,503.14,4.5,mb,"167 km NNW of Maubara, Timor Leste"
2025-04-25T14:52:34.796Z,-37.9378,78.5389,10.0,4.6,mb,Mid-Indian Ridge
2025-04-25T14:11:02.824Z,13.1086,-89.4678,60.635,4.8,mb,"44 km SSW of La Libertad, El Salvador"
2025-04-25T13:33:21.564Z,-5.9968,151.6979,10.0,4.5,mb,"179 km ESE of Kimbe, Papua New Guinea"
2025-04-25T13:18:43.959Z,-42.1455,84.2988,10.0,4.7,mb,southeast Indian Ridge
2025-04-25T12:30:41.120Z,-63.2055,172.3713,10.0,4.6,mb,Balleny Islands region
2025-04-25T11:57:17.579Z,-23.4844,-175.3988,10.0,5.2,mb,"241 km S of ‘Ohonua, Tonga"
2025-04-25T11:44:52.634Z,1.0835,-79.5319,18.0,6.3,mww,"19 km NE of Esmeraldas, Ecuador"
2025-04-25T08:11:29.552Z,52.0256,176.5096,10.0,4.7,mww,"243 km ESE of Attu Station, Alaska"
2025-04-25T07:36:14.154Z,3.3461,-83.0044,10.0,4.8,mb,off the coast of Central America
2025-04-25T07:20:02.976Z,39.2734,28.9731,10.0,4.6,mwr,"20 km N of Simav, Turkey"
2025-04-25T00:52:51.238Z,-5.1926,150.8344,218.304,4.6,mb,"86 km ENE of Kimbe, Papua New Guinea"
2025-04-24T23:22:08.019Z,-46.38,96.1383,10.0,4.6,mb,southeast Indian Ridge
2025-04-24T22:22:57.397Z,-46.3555,95.9761,10.0,5.7,mww,southeast Indian Ridge
2025-04-24T21:30:22.980Z,-6.2175,151.7447,10.0,4.9,mb,"192 km ESE of Kimbe, Papua New Guinea"
2025-04-24T20:04:27.703Z,-24.2511,-179.796,501.972,4.8,mb,south of the Fiji Islands
2025-04-24T14:26:18.914Z,-28.9953,61.6509,10.0,4.6,mb,Southwest Indian Ridge
2025-04-24T11:57:10.477Z,48.628,157.6197,10.0,5.0,mww,"251 km SSE of Severo-Kuril’sk, Russia"
2025-04-24T11:44:06.699Z,-6.2544,147.4367,101.482,4.8,mb,"56 km NW of Finschhafen, Papua New Guinea"
2025-04-24T06:16:46.223Z,-49.299,123.3191,10.0,4.6,mb,western Indian-Antarctic Ridge
2025-04-24T03:20:08.685Z,-30.7311,-71.8782,28.582,5.1,mww,"66 km WSW of Ovalle, Chile"
2025-04-24T00:07:53.351Z,40.4933,141.8368,65.988,4.5,mb,"28 km E of Hachinohe, Japan"
2025-04-23T22:44:32.680Z,4.5795,-77.6254,38.263,4.8,mb,"45 km NW of Santa Genoveva de Docordó, Colombia"
2025-04-23T21:57:49.766Z,-19.6606,-175.3341,130.697,5.0,mb,"104 km W of Pangai, Tonga"
2025-04-23T16:25:47.551Z,-35.4064,-105.1749,10.0,5.2,mww,southern East Pacific Rise
2025-04-23T16:19:52.903Z,-6.2889,151.7778,10.0,4.6,mb,"199 km ESE of Kimbe, Papua New Guinea"
2025-04-23T16:09:01.885Z,26.4164,100.0261,10.0,4.9,mb,"17 km SE of Jinhua, China"
2025-04-23T12:12:57.040Z,40.8489,28.2741,10.0,4.9,mww,"24 km SSW of Selimpaşa, Turkey"
2025-04-23T10:11:32.211Z,-6.0355,151.6565,10.0,5.1,mb,"176 km ESE of Kimbe, Papua New Guinea"
2025-04-23T10:02:33.619Z,40.8888,28.4829,10.0,5.0,mb,"14 km S of Kumburgaz, Turkey"
2025-04-23T10:02:11.275Z,40.8412,28.4987,10.0,4.5,mb,"19 km SSW of Gürpınar, Turkey"
2025-04-23T10:01:04.034Z,40.8471,28.2332,10.0,4.5,mb,"25 km S of Silivri, Turkey"
2025-04-23T09:49:11.631Z,40.8342,28.1897,12.736,6.2,mww,"24 km SE of Marmara Ereğlisi, Turkey"
2025-04-23T09:06:38.293Z,-21.9353,-68.5518,127.972,4.6,mb,"69 km NNE of Calama, Chile"
2025-04-23T07:07:01.469Z,-17.9608,168.1617,35.0,4.5,mb,"29 km SSW of Port-Vila, Vanuatu"
2025-04-23T04:27:38.520Z,5.5372,94.7287,76.782,4.9,mb,"66 km W of Banda Aceh, Indonesia"
2025-04-23T02:25:25.064Z,36.629,142.4365,10.0,4.5,mb,"146 km ESE of Iwaki, Japan"
2025-04-23T01:18:33.195Z,-6.1816,151.7126,10.0,4.5,mb,"187 km ESE of Kimbe, Papua New Guinea"
2025-04-23T00:28:58.371Z,-17.45,-175.1916,268.543,4.5,mb,"184 km NW of Neiafu, Tonga"
2025-04-23T00:24:51.298Z,61.7972,-150.1102,40.8,4.5,mwr,"6 km NW of Willow, Alaska"
2025-04-22T22:21:52.823Z,41.1066,142.9984,51.297,4.6,mb,"113 km S of Honchō, Japan"
2025-04-22T22:10:20.745Z,11.9558,125.3685,42.5,4.6,mb,"8 km NW of Taft, Philippines"
2025-04-22T21:42:15.866Z,-6.2253,151.3779,10.0,4.9,mb,"156 km ESE of Kimbe, Papua New Guinea"
2025-04-22T21:33:17.308Z,-6.6823,154.0655,10.0,4.5,mb,"162 km WSW of Panguna, Papua New Guinea"
2025-04-22T20:37:35.559Z,-20.7193,-173.4314,10.0,5.0,mb,"139 km SE of Pangai, Tonga"
2025-04-22T16:55:32.564Z,-13.1236,167.1763,197.0,5.7,mww,"92 km NNW of Sola, Vanuatu"
2025-04-22T16:55:02.990Z,-32.7,151.0543,10.0,5.1,mb,"18 km SW of Singleton, Australia"
2025-04-22T14:49:35.953Z,-20.1202,-173.2747,10.0,4.9,mb,"116 km ESE of Fangale’ounga, Tonga"
2025-04-22T13:34:45.111Z,-5.979,125.1174,574.613,4.5,mb,"284 km ESE of Baubau, Indonesia"
2025-04-22T13:29:08.956Z,-5.498,146.9905,199.0,5.7,mww,"135 km N of Lae, Papua New Guinea"
2025-04-22T10:17:11.888Z,4.5538,127.831,104.0,6.2,mww,"271 km SE of Pondaguitan, Philippines"
2025-04-22T10:15:54.773Z,-3.4783,131.0162,10.0,4.9,mb,"155 km WSW of Fakfak, Indonesia"
2025-04-22T10:14:04.442Z,-8.1895,106.94,41.502,5.2,mww,"122 km SSW of Banjar, Indonesia"
2025-04-22T07:37:46.497Z,-19.6977,-175.0818,91.58,4.5,mb,"77 km W of Pangai, Tonga"
2025-04-22T07:14:40.881Z,-3.475,130.9621,10.0,4.5,mb,"160 km WSW of Fakfak, Indonesia"
2025-04-22T05:54:04.542Z,-27.528,-69.329,101.002,4.5,mb,"100 km E of Copiapó, Chile"
2025-04-21T22:23:17.999Z,-5.3915,-76.2563,10.0,4.8,mb,"58 km NNW of Yurimaguas, Peru"
2025-04-21T17:46:33.434Z,18.4271,120.8313,37.842,4.5,mb,"13 km SSE of Bangui, Philippines"
2025-04-21T16:48:05.368Z,37.4573,141.6593,40.06,4.6,mb,"58 km E of Namie, Japan"
2025-04-21T15:46:59.897Z,-56.0805,-27.8773,119.055,5.1,mb,South Sandwich Islands region
2025-04-21T13:25:25.746Z,-54.5311,-30.3471,10.0,4.5,mb,South Sandwich Islands region
2025-04-21T13:11:18.640Z,36.0369,139.7646,116.185,4.5,mb,"3 km E of Sugito, Japan"
2025-04-21T11:44:30.893Z,-1.209,-15.8803,10.0,4.8,mb,north of Ascension Island
2025-04-21T11:42:04.320Z,-1.3357,-15.9345,10.0,4.7,mb,north of Ascension Island
2025-04-21T07:53:12.465Z,-1.2715,-15.862,10.0,5.2,mb,north of Ascension Island
2025-04-21T07:36:56.177Z,-1.4508,-15.9592,10.0,4.6,mb,north of Ascension Island
2025-04-21T05:56:41.130Z,6.7951,126.5319,10.0,4.5,mb,"23 km ESE of Bobon, Philippines"
2025-04-21T03:20:22.638Z,-31.2849,-178.2139,31.336,4.6,mb,Kermadec Islands region
2025-04-21T01:07:50.979Z,32.5723,93.3067,10.0,4.7,mb,"169 km NE of Nagqu, China"
2025-04-20T20:59:33.515Z,-25.257,55.8489,10.0,4.7,mb,South Indian Ocean
2025-04-20T20:33:33.463Z,12.8541,143.4135,131.561,4.7,mb,"143 km WSW of Merizo Village, Guam"
2025-04-20T18:19:50.158Z,-3.3667,130.9957,10.0,5.4,mww,"152 km WSW of Fakfak, Indonesia"
2025-04-20T17:45:59.424Z,-17.5556,168.0066,46.419,4.9,mww,"38 km WNW of Port-Vila, Vanuatu"
2025-04-20T15:15:05.589Z,-13.6961,166.9755,109.747,4.6,mb,"65 km WNW of Sola, Vanuatu"
2025-04-20T12:48:58.135Z,-42.5007,-74.1944,44.807,4.5,mb,"34 km W of Castro, Chile"
2025-04-20T06:11:07.513Z,35.4329,140.038,85.576,4.5,mb,"10 km SSW of Ichihara, Japan"
2025-04-20T05:22:02.188Z,-14.6992,77.5406,10.0,4.9,mb,South Indian Ocean
2025-04-20T04:11:16.546Z,-16.8638,-173.4226,35.0,4.5,mb,"108 km SSE of Hihifo, Tonga"
2025-04-20T01:09:54.060Z,5.8601,124.1991,10.0,4.5,mb,"33 km SSW of Malisbeng, Philippines"
2025-04-19T23:06:40.911Z,1.6702,128.6781,10.0,4.8,mb,"74 km E of Tobelo, Indonesia"
2025-04-19T21:19:07.481Z,-26.1389,70.9262,10.0,4.5,mb,Indian Ocean Triple Junction
2025-04-19T20:25:31.038Z,-6.3156,151.7101,10.0,4.8,mb,"193 km ESE of Kimbe, Papua New Guinea"
2025-04-19T18:46:08.071Z,-9.69,-13.015,10.0,4.6,mb,"248 km SE of Georgetown, Saint Helena"
2025-04-19T17:37:11.031Z,5.8269,124.1032,14.473,5.3,mww,"42 km SW of Malisbeng, Philippines"
2025-04-19T16:55:05.702Z,-15.1316,-173.5079,36.899,5.5,mww,"96 km NNE of Hihifo, Tonga"
2025-04-19T16:50:47.031Z,5.8558,124.2299,10.0,5.1,mww,"32 km SSW of Malisbeng, Philippines"
2025-04-19T16:11:14.518Z,5.8328,124.1463,12.0,5.9,mww,"39 km SW of Malisbeng, Philippines"
2025-04-19T13:50:22.145Z,7.2218,-34.3576,10.0,5.6,mww,central Mid-Atlantic Ridge
2025-04-19T12:43:43.229Z,-23.8517,-13.5569,10.0,4.9,mb,southern Mid-Atlantic Ridge
2025-04-19T12:42:23.681Z,1.8796,-96.6982,10.0,4.8,mb,west of the Galapagos Islands
2025-04-19T12:38:04.676Z,-18.5777,-175.4537,204.728,4.5,mb,"155 km W of Neiafu, Tonga"
2025-04-19T11:56:15.034Z,-9.4483,-76.1437,112.549,4.9,mww,"23 km SW of Tingo María, Peru"
2025-04-19T07:18:55.500Z,61.159,-151.4744,90.5,4.5,mwr,"20 km WNW of Tyonek, Alaska"
2025-04-19T07:18:25.780Z,-56.5153,-25.7957,35.0,4.6,mb,South Sandwich Islands region
2025-04-19T06:47:55.932Z,36.2223,71.2246,98.0,5.7,mww,"58 km SSW of Ashkāsham, Afghanistan"
2025-04-19T04:51:56.457Z,-21.3991,-66.7918,216.93,4.6,mb,"78 km SW of Atocha, Bolivia"
2025-04-19T04:18:39.349Z,-20.34,-174.1618,35.0,4.7,mb,"61 km SSE of Pangai, Tonga"
2025-04-19T03:14:44.481Z,2.4648,-30.9525,10.0,4.8,mb,central Mid-Atlantic Ridge
2025-04-19T02:20:17.032Z,-3.4875,-77.6433,10.0,4.6,mb,"104 km E of Gualaquiza, Ecuador"
2025-04-19T01:15:05.979Z,-29.0749,-178.4226,203.062,4.5,mb,"Kermadec Islands, New Zealand"
2025-04-18T22:48:50.271Z,-12.471,-14.7963,10.0,4.6,mb,southern Mid-Atlantic Ridge
2025-04-18T22:03:16.470Z,-28.5387,-177.257,68.103,5.0,mb,Kermadec Islands region
2025-04-18T19:42:15.128Z,-6.1524,151.801,10.0,4.9,mb,"195 km ESE of Kimbe, Papua New Guinea"
2025-04-18T19:18:23.488Z,16.2932,-98.6536,10.0,4.6,mb,"19 km WSW of Montecillos, Mexico"
2025-04-18T18:41:43.324Z,55.3765,164.4654,10.0,5.4,mww,"156 km SE of Ust’-Kamchatsk Staryy, Russia"
2025-04-18T18:40:01.603Z,55.5284,164.3227,10.0,4.8,mb,"139 km SE of Ust’-Kamchatsk Staryy, Russia"
2025-04-18T16:50:05.696Z,-38.5752,-74.1854,22.365,4.5,mb,"90 km W of Carahue, Chile"
2025-04-18T14:26:55.550Z,-16.0197,-174.8449,292.673,4.9,mb,"112 km W of Hihifo, Tonga"
2025-04-18T13:57:20.610Z,-5.9065,151.9825,10.0,4.6,mb,"175 km S of Kokopo, Papua New Guinea"
2025-04-18T13:49:23.523Z,-6.0799,152.0918,10.0,4.5,mb,"193 km S of Kokopo, Papua New Guinea"
2025-04-18T12:35:07.745Z,-11.4619,166.3543,109.799,4.5,mb,"101 km SE of Lata, Solomon Islands"
2025-04-18T11:19:28.740Z,36.5089,137.8844,10.0,4.8,mwr,"1 km ENE of Ōmachi, Japan"
2025-04-18T10:31:44.505Z,6.7231,-73.1046,171.903,4.8,mww,"1 km SW of Jordán, Colombia"
2025-04-18T08:48:41.271Z,6.8098,-73.0927,157.841,4.7,mww,"8 km N of Jordán, Colombia"
2025-04-18T08:10:31.964Z,-6.1239,151.2875,10.0,4.6,mb,"142 km ESE of Kimbe, Papua New Guinea"
2025-04-18T07:58:42.980Z,-6.1636,151.4077,10.0,4.9,mb,"156 km ESE of Kimbe, Papua New Guinea"
2025-04-18T07:33:31.473Z,-6.2135,151.5091,10.0,4.7,mb,"168 km ESE of Kimbe, Papua New Guinea"
2025-04-18T07:24:13.873Z,-6.2175,151.5387,10.0,5.1,mb,"171 km ESE of Kimbe, Papua New Guinea"
2025-04-18T03:59:39.018Z,-36.3892,-70.9651,128.364,4.7,mb,"69 km NNW of Las Ovejas, Argentina"
2025-04-18T02:57:49.025Z,-6.3073,147.9562,54.311,4.5,mb,"30 km NNE of Finschhafen, Papua New Guinea"
2025-04-18T02:13:07.646Z,-9.7251,113.9677,35.0,4.5,mb,"148 km SSW of Muncar, Indonesia"
2025-04-18T00:10:18.965Z,-23.4826,-67.9999,137.0,5.6,mww,"66 km SSE of San Pedro de Atacama, Chile"
2025-04-18T00:01:58.239Z,-6.2345,151.47,10.0,4.8,mww,"165 km ESE of Kimbe, Papua New Guinea"
2025-04-17T20:10:08.720Z,24.348,123.8207,17.225,4.5,mb,"34 km W of Ishigaki, Japan"
2025-04-17T19:31:17.368Z,52.5796,-34.0186,10.0,4.6,mb,Reykjanes Ridge
2025-04-17T17:48:13.925Z,-18.7076,-172.8334,10.0,4.5,mb,"121 km E of Neiafu, Tonga"
2025-04-17T17:15:33.729Z,-31.5647,57.7843,10.0,4.7,mb,Southwest Indian Ridge
2025-04-17T16:01:47.523Z,-6.0962,151.6437,10.0,4.8,mb,"177 km ESE of Kimbe, Papua New Guinea"
2025-04-17T16:01:12.439Z,-6.3589,151.8917,10.0,4.7,mb,"213 km ESE of Kimbe, Papua New Guinea"
2025-04-17T09:45:31.045Z,2.1626,-96.5398,10.0,5.2,mww,west of the Galapagos Islands
2025-04-17T08:57:28.742Z,-26.9462,26.6944,5.0,4.8,mb,"4 km NNE of Orkney, South Africa"
2025-04-17T07:26:40.621Z,-8.7277,126.8377,22.377,4.8,mb,"28 km SW of Lospalos, Timor Leste"
2025-04-17T06:32:34.457Z,22.0411,96.1069,10.0,4.5,mb,"7 km NNE of Mandalay, Burma (Myanmar)"
2025-04-17T04:35:04.748Z,-10.9801,115.5206,10.0,5.4,mb,"243 km S of Nusa Dua, Indonesia"
2025-04-17T04:34:15.958Z,-11.2696,115.7634,10.0,5.1,mww,"279 km SSE of Nusa Dua, Indonesia"
2025-04-17T01:51:49.239Z,-6.0663,151.7117,10.0,4.5,mb,"183 km ESE of Kimbe, Papua New Guinea"
2025-04-17T01:25:59.082Z,-59.1311,-24.0627,10.0,4.6,mb,South Sandwich Islands region
2025-04-17T01:14:30.122Z,-16.846,-173.3488,35.0,4.9,mb,"109 km SSE of Hihifo, Tonga"
2025-04-17T00:51:24.547Z,0.3501,124.8572,21.676,5.5,mww,"48 km ESE of Modisi, Indonesia"
2025-04-17T00:12:42.568Z,-5.9551,151.3834,10.0,4.6,mb,"145 km ESE of Kimbe, Papua New Guinea"
2025-04-16T22:16:31.245Z,42.3267,143.0352,65.147,4.5,mb,"22 km WNW of Hiroo, Japan"
2025-04-16T20:16:41.790Z,-33.8605,-179.3576,35.0,4.6,mb,south of the Kermadec Islands
2025-04-16T20:08:18.311Z,-33.6589,-179.1411,40.818,4.7,mb,south of the Kermadec Islands
2025-04-16T18:57:51.477Z,-0.6919,127.54,10.0,4.5,mb,"10 km SE of Labuha, Indonesia"
2025-04-16T18:13:56.354Z,11.7613,141.566,10.0,5.0,mb,"248 km NNE of Fais, Micronesia"
2025-04-16T17:44:43.559Z,-33.8625,-179.3438,58.661,5.4,mww,south of the Kermadec Islands
2025-04-16T17:35:24.677Z,-33.874,-179.5991,48.87,5.3,mww,south of the Kermadec Islands
2025-04-16T16:10:18.966Z,-6.2804,151.5072,10.0,4.6,mb,"171 km ESE of Kimbe, Papua New Guinea"
2025-04-16T15:41:09.985Z,-5.9863,151.1584,10.0,4.5,mb,"122 km ESE of Kimbe, Papua New Guinea"
2025-04-16T14:07:09.318Z,-8.1866,117.7654,10.0,4.5,mb,"40 km NE of Pototano, Indonesia"
2025-04-16T12:50:54.981Z,-6.1832,151.6467,10.0,4.6,mb,"181 km ESE of Kimbe, Papua New Guinea"
2025-04-16T12:41:01.865Z,-32.4828,-14.2721,10.0,5.6,mww,southern Mid-Atlantic Ridge
2025-04-16T09:10:37.056Z,24.1201,123.4001,35.415,4.5,mb,"55 km SE of Yonakuni, Japan"
2025-04-16T07:30:14.432Z,-19.022,-172.9932,10.0,5.0,mb,"112 km ESE of Neiafu, Tonga"
2025-04-16T05:52:29.093Z,19.47,-103.4049,10.0,4.5,mb,"5 km N of La Higuera, Mexico"
2025-04-16T05:22:31.665Z,5.5317,126.3395,46.164,4.6,mb,"88 km ESE of Caburan, Philippines"
2025-04-16T05:02:56.716Z,5.5151,126.5883,22.709,4.5,mb,"104 km SSE of Pondaguitan, Philippines"
2025-04-16T03:49:49.517Z,51.1962,-178.4701,35.0,5.2,mwr,"148 km WSW of Adak, Alaska"
2025-04-16T02:25:57.732Z,-47.9451,99.8259,10.0,5.2,mb,southeast Indian Ridge
2025-04-16T02:00:56.227Z,-47.7261,99.6442,10.0,4.5,mb,southeast Indian Ridge
2025-04-16T01:42:59.524Z,-47.8089,99.613,10.0,6.6,mww,southeast Indian Ridge
2025-04-16T01:26:09.884Z,37.625,16.1162,51.185,4.7,mb,"34 km SSE of Palizzi Marina, Italy"
2025-04-16T00:29:19.533Z,2.0628,-96.6306,10.0,4.5,mb,west of the Galapagos Islands
2025-04-15T23:49:52.967Z,2.5647,-96.5898,10.0,4.5,mb,west of the Galapagos Islands
2025-04-15T23:28:31.072Z,35.9674,70.3413,119.622,4.5,mb,"80 km SSE of Farkhār, Afghanistan"
2025-04-15T23:13:59.048Z,35.9493,70.5792,99.0,5.6,mww,"66 km NNW of Pārūn, Afghanistan"
2025-04-15T23:13:03.747Z,2.2237,-96.2821,10.0,4.5,mb,west of the Galapagos Islands
2025-04-15T23:06:40.142Z,-59.8674,-58.4442,10.0,5.0,mww,Scotia Sea
2025-04-15T22:40:35.172Z,-7.5879,67.7723,10.0,4.7,mb,Mid-Indian Ridge
2025-04-15T21:42:42.326Z,5.8038,124.2362,10.0,5.6,mww,"37 km SSW of Maguling, Philippines"
2025-04-15T20:39:43.330Z,-60.3461,-26.6164,10.0,4.9,mb,South Sandwich Islands region
2025-04-15T15:49:02.502Z,-6.5123,154.9779,72.847,5.2,mww,"60 km WSW of Panguna, Papua New Guinea"
2025-04-15T15:39:46.556Z,-6.1295,151.9461,10.0,4.5,mb,"200 km S of Kokopo, Papua New Guinea"
2025-04-15T12:00:25.519Z,-56.0607,-27.6693,125.53,4.6,mb,South Sandwich Islands region
2025-04-15T11:44:53.474Z,0.9619,-29.7374,10.0,4.7,mb,central Mid-Atlantic Ridge
2025-04-15T11:22:33.898Z,-16.6788,-23.4941,10.0,5.1,mb,South Atlantic Ocean
2025-04-15T10:29:06.134Z,-22.3822,-68.822,117.7,4.5,mb,"13 km NE of Calama, Chile"
2025-04-15T07:04:50.584Z,-6.1328,152.0757,10.0,4.5,mb,"199 km S of Kokopo, Papua New Guinea"
2025-04-15T02:13:15.230Z,-12.627,166.9981,219.845,4.5,mb,"150 km NNW of Sola, Vanuatu"
2025-04-15T01:43:45.503Z,64.5643,-17.5688,10.0,4.5,mb,"118 km WNW of Höfn, Iceland"
2025-04-15T01:36:20.000Z,-18.257,168.0254,10.0,4.9,mb,"65 km SSW of Port-Vila, Vanuatu"
2025-04-15T00:45:42.748Z,11.2922,-62.1521,135.772,4.5,mb,"80 km NNE of Güiria, Venezuela"
2025-04-14T22:17:25.107Z,43.1449,146.078,71.066,4.6,mb,"45 km ESE of Nemuro, Japan"
2025-04-14T20:43:33.954Z,-3.5425,129.4948,30.493,4.5,mb,"64 km ESE of Masohi, Indonesia"
2025-04-14T19:53:39.841Z,-5.5599,109.9874,557.326,4.6,mb,"129 km NW of Batang, Indonesia"
2025-04-14T18:25:38.497Z,-16.2074,-177.8255,10.0,4.8,mb,"212 km S of Alo, Wallis and Futuna"
2025-04-14T17:08:28.110Z,33.0358333,-116.5948333,14.29,5.21,mw,"5 km S of Julian, CA"
2025-04-14T09:18:56.613Z,-56.0276,-121.5548,10.0,4.9,mb,southern East Pacific Rise
2025-04-14T08:17:28.333Z,-6.1815,152.1912,10.0,4.8,mb,"203 km S of Kokopo, Papua New Guinea"
2025-04-14T06:11:14.197Z,-6.0391,152.0421,10.0,4.5,mb,"189 km S of Kokopo, Papua New Guinea"
2025-04-14T04:46:15.937Z,-20.9184,169.9492,131.151,4.5,mb,"167 km SSE of Isangel, Vanuatu"
2025-04-14T04:28:16.710Z,11.7175,143.1169,10.0,4.6,mb,"240 km SW of Merizo Village, Guam"
2025-04-14T02:25:08.081Z,-27.3009,-176.7095,70.592,4.7,mb,Kermadec Islands region
2025-04-14T01:38:45.161Z,-56.4157,-143.0868,10.0,4.7,mb,Pacific-Antarctic Ridge
2025-04-14T01:33:12.336Z,0.4878,126.109,20.648,5.2,mww,"145 km WSW of Ternate, Indonesia"
2025-04-14T00:42:51.233Z,-7.0691,129.7552,134.805,4.6,mb,"Kepulauan Babar, Indonesia"
2025-04-13T23:32:17.605Z,24.2724,142.1059,103.121,4.5,mb,"Volcano Islands, Japan region"
2025-04-13T21:30:25.822Z,10.4185,-86.1985,10.0,5.1,mb,"41 km WNW of Tamarindo, Costa Rica"
2025-04-13T21:23:58.410Z,-32.9274,-178.2863,10.0,5.0,mb,south of the Kermadec Islands
2025-04-13T21:04:37.227Z,-6.2158,151.4458,10.0,4.5,mb,"162 km ESE of Kimbe, Papua New Guinea"
2025-04-13T20:38:06.314Z,31.0533,131.5339,27.249,4.5,mb,"55 km SSE of Kushima, Japan"
2025-04-13T20:03:22.841Z,-25.9815,-178.3309,271.0,6.5,mww,south of the Fiji Islands
2025-04-13T20:02:29.684Z,19.82,95.5327,6.764,4.7,mwr,"20 km S of Taungdwingyi, Burma (Myanmar)"
2025-04-13T19:52:03.326Z,-7.0708,149.8901,10.0,4.6,mb,"102 km SSE of Kandrian, Papua New Guinea"
2025-04-13T19:35:37.443Z,-9.0341,123.9247,86.943,4.9,mww,"53 km WNW of Pante Makasar, Timor Leste"
2025-04-13T17:15:02.778Z,-44.1216,-82.0566,10.0,5.1,mww,West Chile Rise
2025-04-13T16:40:13.799Z,-31.4859,-178.606,75.829,5.1,mb,Kermadec Islands region
2025-04-13T15:32:29.180Z,-21.6764,-70.2921,60.044,4.5,mwr,"47 km NNW of Tocopilla, Chile"
2025-04-13T14:43:02.978Z,40.8081,36.1036,10.0,4.8,mww,"19 km WNW of Taşova, Turkey"
2025-04-13T14:34:26.702Z,38.9128,70.7738,10.0,4.5,mb,"36 km ESE of Rasht, Tajikistan"
2025-04-13T14:30:53.746Z,-11.0073,164.2493,10.0,4.7,mb,"172 km W of Lata, Solomon Islands"
2025-04-13T13:59:26.972Z,-6.1482,151.9165,10.0,5.0,mb,"203 km S of Kokopo, Papua New Guinea"
2025-04-13T13:45:57.535Z,31.1902,93.6919,10.0,4.5,mb,"158 km ESE of Nagqu, China"
2025-04-13T10:47:14.367Z,-6.1668,151.8221,10.0,5.1,mb,"198 km ESE of Kimbe, Papua New Guinea"
2025-04-13T10:10:04.379Z,-59.5431,-25.4843,10.0,4.7,mb,South Sandwich Islands region
2025-04-13T09:40:08.051Z,52.6895,158.7824,87.439,4.6,mb,"37 km SE of Vilyuchinsk, Russia"
2025-04-13T09:13:32.789Z,48.7331,149.7932,369.0,5.9,mww,northwest of the Kuril Islands
2025-04-13T07:58:29.107Z,-6.3586,151.643,10.0,4.7,mb,"189 km ESE of Kimbe, Papua New Guinea"
2025-04-13T07:34:12.815Z,-6.1551,151.8776,10.0,4.5,mb,"203 km ESE of Kimbe, Papua New Guinea"
2025-04-13T04:24:00.966Z,38.8992,70.8325,8.0,5.8,mww,"42 km ESE of Rasht, Tajikistan"
2025-04-13T04:15:24.903Z,-60.1411,-28.7264,10.0,5.2,mb,South Sandwich Islands region
2025-04-13T03:48:23.572Z,-6.7172,147.414,63.058,5.4,mww,"46 km E of Lae, Papua New Guinea"
2025-04-13T02:24:57.717Z,21.2292,96.0897,10.0,5.3,mww,"41 km S of Kyaukse, Burma (Myanmar)"
2025-04-13T00:33:16.479Z,-6.1764,151.8244,10.0,4.8,mb,"199 km ESE of Kimbe, Papua New Guinea"
2025-04-12T23:21:26.335Z,0.8196,-29.6933,10.0,4.6,mb,central Mid-Atlantic Ridge
2025-04-12T22:49:57.342Z,-31.5208,-71.4935,41.917,4.5,mb,"33 km WNW of Illapel, Chile"
2025-04-12T19:05:42.150Z,-14.9148,167.1987,111.564,4.5,mb,"19 km NE of Port-Olry, Vanuatu"
2025-04-12T18:57:55.962Z,-14.1328,-13.8102,10.0,4.6,mb,southern Mid-Atlantic Ridge
2025-04-12T18:29:35.859Z,13.6973,144.8974,117.804,4.5,mb,"17 km N of Yigo Village, Guam"
2025-04-12T14:55:26.268Z,-30.9684,-179.56,259.539,4.5,mb,Kermadec Islands region
2025-04-12T12:52:25.011Z,-6.2833,151.4694,10.0,4.5,mb,"168 km ESE of Kimbe, Papua New Guinea"
2025-04-12T12:37:51.101Z,-56.053,-27.7684,98.408,5.0,mb,South Sandwich Islands region
2025-04-12T12:09:09.059Z,-29.6615,-72.0685,10.0,4.6,mwr,"77 km WNW of Coquimbo, Chile"
2025-04-12T09:59:24.945Z,-49.2063,123.1867,10.0,5.0,mb,western Indian-Antarctic Ridge
2025-04-12T07:30:58.164Z,33.8349,72.5638,52.976,4.9,mb,"10 km SE of Hazro City, Pakistan"
2025-04-12T06:40:13.535Z,-6.6902,-12.0561,10.0,4.8,mb,"293 km ENE of Georgetown, Saint Helena"
2025-04-12T04:48:10.775Z,-16.4078,-173.7153,64.376,4.7,mb,"50 km S of Hihifo, Tonga"
2025-04-12T03:47:08.682Z,-4.7074,153.1423,52.0,6.1,mww,"104 km ESE of Kokopo, Papua New Guinea"
2025-04-12T03:16:35.874Z,-16.5918,-173.9187,73.089,5.2,mww,"71 km S of Hihifo, Tonga"
2025-04-12T01:51:04.262Z,-4.602,138.5269,10.0,4.5,mb,"112 km NNE of Agats, Indonesia"
2025-04-11T23:53:19.900Z,-23.5138,179.9381,558.885,4.5,mb,south of the Fiji Islands
2025-04-11T22:24:50.754Z,-5.5358,146.5191,134.011,4.9,mb,"88 km ESE of Madang, Papua New Guinea"
2025-04-11T20:59:57.686Z,-20.3094,-173.9048,10.0,4.5,mb,"72 km SE of Pangai, Tonga"
2025-04-11T20:41:55.009Z,-4.5517,68.9673,10.0,4.7,mb,Chagos Archipelago region
2025-04-11T14:05:20.471Z,-1.5462,126.3829,10.0,4.5,mb,"72 km NE of Sanana, Indonesia"
2025-04-11T05:46:45.471Z,29.2381,130.4909,47.949,4.5,mb,"110 km S of Yudomari, Japan"
2025-04-11T05:41:27.147Z,29.1604,130.4987,38.759,4.6,mb,"117 km NE of Tatsugō, Japan"
2025-04-11T05:06:17.156Z,29.163,130.4454,26.067,5.0,mww,"114 km NE of Tatsugō, Japan"
2025-04-11T04:29:28.671Z,20.9582,96.0381,10.0,4.7,mb,"20 km ENE of Meiktila, Burma (Myanmar)"
2025-04-11T03:38:57.672Z,-6.1909,151.8167,10.0,5.1,mb,"198 km ESE of Kimbe, Papua New Guinea"
2025-04-11T03:18:21.128Z,18.8878,145.3744,279.727,5.1,mww,"Pagan region, Northern Mariana Islands"
2025-04-10T22:42:45.856Z,-12.0206,166.3428,53.846,4.6,mb,"155 km SSE of Lata, Solomon Islands"
2025-04-10T17:16:34.998Z,-7.9565,158.5258,65.493,4.9,mb,"119 km W of Buala, Solomon Islands"
2025-04-10T15:40:22.364Z,-22.2228,-71.6357,10.0,4.5,mb,"149 km W of Tocopilla, Chile"
2025-04-10T13:38:05.291Z,-58.7167,-25.5645,48.089,4.5,mb,South Sandwich Islands region
2025-04-10T12:29:15.079Z,-6.2298,151.5011,10.0,4.6,mb,"168 km ESE of Kimbe, Papua New Guinea"
2025-04-10T10:54:36.171Z,-6.159,150.7771,10.0,4.7,mb,"97 km SE of Kimbe, Papua New Guinea"
2025-04-10T10:17:17.415Z,12.1658,143.5613,50.315,4.6,mb,"171 km SW of Merizo Village, Guam"
2025-04-10T09:09:15.454Z,-26.9443,66.9323,10.0,4.6,mb,Indian Ocean Triple Junction
2025-04-10T09:00:03.361Z,-6.2208,151.1262,10.0,4.5,mb,"132 km SE of Kimbe, Papua New Guinea"
2025-04-10T08:25:16.494Z,-6.2685,151.2392,10.0,4.5,mb,"145 km ESE of Kimbe, Papua New Guinea"
2025-04-10T08:20:52.382Z,-6.2936,151.442,10.0,5.2,mb,"166 km ESE of Kimbe, Papua New Guinea"
2025-04-10T07:54:08.396Z,29.7303,-42.6089,10.0,4.9,mb,northern Mid-Atlantic Ridge
2025-04-10T07:53:23.652Z,-5.9218,138.6803,35.0,5.3,mww,"73 km SE of Agats, Indonesia"
2025-04-10T05:26:53.718Z,-29.4766,-112.2139,10.0,5.4,mww,Easter Island region
2025-04-10T04:39:19.720Z,-6.3648,151.3464,10.0,4.6,mb,"161 km SE of Kimbe, Papua New Guinea"
2025-04-10T04:32:18.794Z,-1.4789,-13.0804,10.0,4.5,mb,north of Ascension Island
2025-04-10T02:55:28.627Z,-1.5599,-13.7038,10.0,4.6,mb,north of Ascension Island
2025-04-10T02:43:27.951Z,-6.1735,151.4633,10.0,5.3,mww,"162 km ESE of Kimbe, Papua New Guinea"
2025-04-09T23:33:22.076Z,39.2719,141.7675,65.437,4.5,mb,"8 km W of Kamaishi, Japan"
2025-04-09T21:52:14.778Z,-1.2568,-12.9574,10.0,4.7,mb,north of Ascension Island
2025-04-09T20:46:35.691Z,-7.5885,128.2068,179.201,4.5,mb,"168 km NE of Lospalos, Timor Leste"
2025-04-09T20:42:46.615Z,-21.9683,69.0555,10.0,5.1,mww,Mid-Indian Ridge
2025-04-09T19:45:36.079Z,-6.3268,151.5052,10.0,4.5,mb,"174 km ESE of Kimbe, Papua New Guinea"
2025-04-09T18:56:42.145Z,-17.5985,-178.6128,551.078,4.6,mb,"225 km ENE of Levuka, Fiji"
2025-04-09T18:04:45.970Z,-60.5034,-19.9379,10.0,4.6,mb,east of the South Sandwich Islands
2025-04-09T17:25:14.798Z,-25.8913,-178.9154,361.222,4.9,mb,south of the Fiji Islands
2025-04-09T15:21:22.331Z,3.5137,127.3729,31.63,5.0,mb,"209 km NNW of Tobelo, Indonesia"
2025-04-09T10:49:45.262Z,0.707,-29.6291,10.0,4.7,mb,central Mid-Atlantic Ridge
2025-04-09T08:44:36.384Z,-6.1422,151.1399,10.0,4.9,mb,"128 km ESE of Kimbe, Papua New Guinea"
2025-04-09T08:29:08.760Z,-6.1441,151.5254,10.0,5.0,mb,"167 km ESE of Kimbe, Papua New Guinea"
2025-04-09T07:58:17.271Z,22.784,95.8838,10.0,4.6,mb,"30 km NE of Shwebo, Burma (Myanmar)"
2025-04-09T07:40:43.530Z,-5.9103,-81.3068,26.075,4.5,mb,"66 km SW of Sechura, Peru"
2025-04-09T07:39:54.327Z,8.0867,-38.0993,10.0,5.4,mww,central Mid-Atlantic Ridge
2025-04-09T07:25:13.236Z,3.4619,127.2364,42.219,4.8,mb,"210 km NNW of Tobelo, Indonesia"
2025-04-09T06:21:56.880Z,27.9239,139.7079,506.837,4.5,mb,"Bonin Islands, Japan region"
2025-04-09T01:53:25.983Z,24.5689,121.8518,68.993,5.0,mww,"23 km SSE of Yilan, Taiwan"
2025-04-09T00:58:28.561Z,-35.0973,-74.036,10.0,4.5,mb,"150 km W of Constitución, Chile"
2025-04-08T23:21:10.105Z,-23.1844,69.1648,10.0,4.5,mb,Mid-Indian Ridge
2025-04-08T22:30:44.413Z,-21.0931,-68.3874,120.995,5.0,mww,"20 km NW of Ollagüe, Chile"
2025-04-08T22:10:56.221Z,-18.0363,-179.7001,642.872,4.6,mb,"104 km E of Levuka, Fiji"
2025-04-08T20:53:15.797Z,-6.1828,153.8115,10.0,4.5,mb,"185 km W of Panguna, Papua New Guinea"
2025-04-08T20:07:11.553Z,-6.239,152.0722,10.0,4.5,mb,"210 km S of Kokopo, Papua New Guinea"
2025-04-08T19:25:55.660Z,4.6687,125.0956,12.773,5.1,mww,"90 km SSW of Sarangani, Philippines"
2025-04-08T18:33:26.154Z,-6.0649,153.6433,10.0,4.5,mb,"205 km W of Panguna, Papua New Guinea"
2025-04-08T16:44:10.670Z,8.9568,-39.5514,10.0,4.8,mb,central Mid-Atlantic Ridge
2025-04-08T15:26:34.272Z,24.8643,123.1405,123.918,5.3,mww,"46 km NNE of Yonakuni, Japan"
2025-04-08T12:55:18.740Z,-6.0528,151.5687,10.0,4.5,mb,"167 km ESE of Kimbe, Papua New Guinea"
2025-04-08T12:13:25.538Z,-6.2638,151.3695,10.0,4.6,mb,"157 km ESE of Kimbe, Papua New Guinea"
2025-04-08T11:30:25.314Z,-20.3357,-105.2462,10.0,5.2,mb,southeast central Pacific Ocean
2025-04-08T11:29:39.096Z,-6.2403,152.2868,10.0,4.9,mb,"209 km S of Kokopo, Papua New Guinea"
2025-04-08T10:28:42.869Z,-17.9112,-69.8159,135.305,4.8,mb,"21 km SE of Palca, Peru"
2025-04-08T09:30:26.185Z,7.059,126.5025,145.968,4.5,mb,"5 km E of Jovellar, Philippines"
2025-04-08T07:36:03.122Z,-14.0563,170.4846,629.875,4.5,mb,Vanuatu region
2025-04-08T04:35:39.353Z,0.6606,123.7926,261.034,4.6,mb,"75 km WNW of Modisi, Indonesia"
2025-04-08T03:55:06.671Z,0.7458,-29.6564,10.0,5.2,mww,central Mid-Atlantic Ridge
2025-04-08T01:37:30.027Z,-11.5177,166.184,83.75,4.7,mb,"97 km SSE of Lata, Solomon Islands"
2025-04-07T22:48:10.988Z,50.5039,-177.4893,10.0,4.5,mb,"163 km SSW of Adak, Alaska"
2025-04-07T20:00:41.129Z,-6.2134,151.5977,10.0,4.8,mb,"177 km ESE of Kimbe, Papua New Guinea"
2025-04-07T19:49:20.552Z,2.0388,96.7622,18.0,5.8,mww,"64 km SE of Sinabang, Indonesia"
2025-04-07T15:28:40.554Z,-6.3247,151.4832,10.0,5.0,mb,"171 km ESE of Kimbe, Papua New Guinea"
2025-04-07T15:02:21.940Z,-23.8914,179.1315,545.073,4.5,mb,south of the Fiji Islands
2025-04-07T14:48:31.591Z,-6.004,151.0474,10.0,4.6,mb,"112 km ESE of Kimbe, Papua New Guinea"
2025-04-07T14:27:12.296Z,-6.2922,151.6098,10.0,4.9,mww,"182 km ESE of Kimbe, Papua New Guinea"
2025-04-07T14:25:40.010Z,-6.2184,151.6573,10.0,4.7,mb,"183 km ESE of Kimbe, Papua New Guinea"
2025-04-07T14:05:12.038Z,-3.7429,151.3284,10.0,4.5,mb,"105 km WNW of Rabaul, Papua New Guinea"
2025-04-07T13:29:39.649Z,-11.6527,164.9647,10.0,5.1,mb,"137 km SW of Lata, Solomon Islands"
2025-04-07T13:19:49.020Z,-6.2374,151.5357,10.0,4.6,mb,"172 km ESE of Kimbe, Papua New Guinea"
2025-04-07T13:08:51.599Z,-6.2664,151.484,10.0,5.1,mb,"168 km ESE of Kimbe, Papua New Guinea"
2025-04-07T07:24:02.956Z,14.5882,145.5507,10.0,5.2,mb,"42 km S of San Jose Village, Northern Mariana Islands"
2025-04-07T06:55:21.632Z,-6.3324,151.7179,10.0,4.5,mb,"195 km ESE of Kimbe, Papua New Guinea"
2025-04-07T02:59:30.867Z,49.321,155.5222,59.051,5.3,mww,"156 km SSW of Severo-Kuril’sk, Russia"
2025-04-07T02:44:47.231Z,-58.4634,-23.3544,10.0,4.6,mb,South Sandwich Islands region
2025-04-07T00:52:12.615Z,35.8056,140.9035,21.953,4.7,mww,"10 km NE of Hasaki, Japan"
2025-04-07T00:18:14.932Z,-5.5529,133.9258,10.0,4.6,mb,"130 km E of Tual, Indonesia"
2025-04-06T23:50:42.071Z,-15.6001,66.8805,10.0,4.6,mb,Mid-Indian Ridge
2025-04-06T22:00:23.683Z,-10.6534,162.3152,50.906,4.5,mb,"48 km ESE of Kirakira, Solomon Islands"
2025-04-06T21:14:58.660Z,-6.2502,151.6903,10.0,4.6,mb,"188 km ESE of Kimbe, Papua New Guinea"
2025-04-06T19:30:57.596Z,-6.0819,152.0186,10.0,4.5,mb,"194 km S of Kokopo, Papua New Guinea"
2025-04-06T18:15:08.536Z,-58.6599,-23.7556,10.0,4.9,mb,South Sandwich Islands region
2025-04-06T15:33:48.756Z,-6.3729,151.7687,10.0,4.6,mb,"202 km ESE of Kimbe, Papua New Guinea"
2025-04-06T15:16:24.177Z,-6.3683,151.7431,10.0,4.6,mb,"199 km ESE of Kimbe, Papua New Guinea"
2025-04-06T15:11:29.876Z,-6.2907,151.6579,10.0,4.8,mb,"187 km ESE of Kimbe, Papua New Guinea"
2025-04-06T12:54:04.824Z,-17.466,-176.4985,10.0,4.6,mb,"296 km WNW of Neiafu, Tonga"
2025-04-06T11:59:06.453Z,11.83,-87.5828,40.878,4.9,mb,"84 km SSW of Corinto, Nicaragua"
2025-04-06T11:44:14.408Z,8.5092,127.2414,10.0,4.5,mb,"96 km ENE of Barcelona, Philippines"
2025-04-06T10:57:07.367Z,-38.1636,176.5713,143.188,4.5,mb,"13 km WSW of Kawerau, New Zealand"
2025-04-06T10:36:59.675Z,83.5411,113.5862,10.0,5.0,mww,north of Severnaya Zemlya
2025-04-06T10:36:09.080Z,-33.4016,55.8894,10.0,4.6,mb,Southwest Indian Ridge
2025-04-06T10:05:34.109Z,-6.2968,151.9564,10.0,4.8,mb,"217 km ESE of Kimbe, Papua New Guinea"
2025-04-06T10:02:47.508Z,-6.1595,151.7831,10.0,4.7,mww,"194 km ESE of Kimbe, Papua New Guinea"
2025-04-06T09:41:23.894Z,-6.0714,151.5529,10.0,4.5,mb,"166 km ESE of Kimbe, Papua New Guinea"
2025-04-06T06:55:14.048Z,-7.9053,106.0294,35.31,4.9,mb,"116 km SSW of Pelabuhanratu, Indonesia"
2025-04-06T06:29:13.135Z,-21.6424,170.4879,114.416,4.9,mb,"264 km SSE of Isangel, Vanuatu"
2025-04-06T04:36:21.804Z,-6.3487,151.4243,10.0,4.6,mb,"167 km ESE of Kimbe, Papua New Guinea"
2025-04-06T04:19:15.873Z,3.4975,127.2372,49.364,4.6,mb,"213 km NNW of Tobelo, Indonesia"
2025-04-06T03:20:26.950Z,31.8745,50.9595,10.0,4.6,mb,"32 km WSW of Borūjen, Iran"
2025-04-06T01:50:44.902Z,-6.157,151.7019,10.0,4.8,mb,"185 km ESE of Kimbe, Papua New Guinea"
2025-04-06T01:36:17.614Z,-6.3136,151.5286,10.0,4.5,mb,"175 km ESE of Kimbe, Papua New Guinea"
2025-04-05T23:57:29.910Z,-6.9021,122.0111,10.0,4.5,mb,"172 km SSW of Baubau, Indonesia"
2025-04-05T23:28:56.846Z,-6.3642,152.0623,10.0,4.7,mb,"224 km S of Kokopo, Papua New Guinea"
2025-04-05T23:26:58.015Z,-6.2053,151.6492,10.0,4.9,mww,"182 km ESE of Kimbe, Papua New Guinea"
2025-04-05T22:32:01.889Z,-6.3447,151.7784,10.0,4.8,mww,"201 km ESE of Kimbe, Papua New Guinea"
2025-04-05T21:59:37.553Z,-6.2355,151.6287,10.0,4.9,mb,"181 km ESE of Kimbe, Papua New Guinea"
2025-04-05T21:56:04.345Z,-6.2368,151.651,10.0,4.9,mww,"183 km ESE of Kimbe, Papua New Guinea"
2025-04-05T21:23:34.790Z,-22.3641,-176.8938,216.007,5.0,mww,"211 km SW of Houma, Tonga"
2025-04-05T20:49:39.736Z,-6.1695,151.3855,10.0,4.6,mb,"154 km ESE of Kimbe, Papua New Guinea"
2025-04-05T19:53:15.171Z,-6.1079,151.5346,10.0,4.6,mb,"166 km ESE of Kimbe, Papua New Guinea"
2025-04-05T19:49:45.808Z,-17.74,-174.2782,148.908,4.5,mb,"105 km NNW of Neiafu, Tonga"
2025-04-05T19:39:03.020Z,-6.1787,151.7463,10.0,4.6,mb,"191 km ESE of Kimbe, Papua New Guinea"
2025-04-05T18:39:47.845Z,-6.3773,151.8121,10.0,4.6,mb,"206 km ESE of Kimbe, Papua New Guinea"
2025-04-05T17:25:30.474Z,-6.1785,151.6141,10.0,5.1,mb,"177 km ESE of Kimbe, Papua New Guinea"
2025-04-05T17:20:30.138Z,-6.4387,151.4477,10.0,4.6,mb,"175 km SE of Kimbe, Papua New Guinea"
2025-04-05T16:59:20.003Z,-6.2728,151.5928,10.0,4.5,mb,"179 km ESE of Kimbe, Papua New Guinea"
2025-04-05T16:51:32.474Z,-6.213,151.4127,10.0,4.6,mb,"159 km ESE of Kimbe, Papua New Guinea"
2025-04-05T16:25:11.929Z,-6.3046,151.743,10.0,5.0,mb,"196 km ESE of Kimbe, Papua New Guinea"
2025-04-05T16:06:11.242Z,-36.3179,-97.0271,10.0,4.6,mb,West Chile Rise
2025-04-05T15:15:41.612Z,-6.1118,151.6616,10.0,4.5,mb,"179 km ESE of Kimbe, Papua New Guinea"
2025-04-05T15:14:08.782Z,-6.3354,151.5984,10.0,4.6,mb,"183 km ESE of Kimbe, Papua New Guinea"
2025-04-05T15:03:10.898Z,-6.2254,151.1585,10.0,4.5,mb,"135 km ESE of Kimbe, Papua New Guinea"
2025-04-05T13:17:44.080Z,-16.6356,176.7596,10.0,4.6,mb,"131 km NW of Lautoka, Fiji"
2025-04-05T12:51:19.182Z,-6.2629,151.6009,10.0,5.0,mb,"180 km ESE of Kimbe, Papua New Guinea"
2025-04-05T11:46:25.488Z,21.1658,143.8739,10.0,4.6,mb,Mariana Islands region
2025-04-05T11:44:26.566Z,21.1408,144.3096,10.0,4.7,mb,Mariana Islands region
2025-04-05T11:43:02.246Z,21.6943,144.1552,10.0,4.6,mb,Mariana Islands region
2025-04-05T11:42:59.594Z,12.2217,143.5609,19.964,4.6,mb,"166 km SW of Merizo Village, Guam"
2025-04-05T11:33:54.278Z,2.6672,126.7434,40.192,4.9,mb,"174 km NW of Tobelo, Indonesia"
2025-04-05T11:32:59.320Z,21.645,144.1145,10.0,5.0,mww,Mariana Islands region
2025-04-05T11:32:09.400Z,-57.2438,-25.508,24.567,5.6,mb,South Sandwich Islands region
2025-04-05T11:30:41.757Z,-6.3742,151.5362,10.0,5.0,mb,"179 km ESE of Kimbe, Papua New Guinea"
2025-04-05T11:29:54.384Z,21.3887,143.9551,10.0,4.7,mb,Mariana Islands region
2025-04-05T11:29:12.069Z,-57.2671,-25.624,27.985,5.5,mww,South Sandwich Islands region
2025-04-05T11:24:05.660Z,-6.2918,151.6058,10.0,5.1,mb,"182 km ESE of Kimbe, Papua New Guinea"
2025-04-05T09:50:39.038Z,-6.2588,151.2856,10.0,4.5,mb,"149 km ESE of Kimbe, Papua New Guinea"
2025-04-05T09:19:55.153Z,-20.0684,-173.5042,10.0,5.1,mb,"92 km ESE of Fangale’ounga, Tonga"
2025-04-05T09:04:40.003Z,-6.4253,151.5526,10.0,5.4,mww,"184 km ESE of Kimbe, Papua New Guinea"
2025-04-05T09:01:44.764Z,-6.4126,151.5773,10.0,4.6,mb,"185 km ESE of Kimbe, Papua New Guinea"
2025-04-05T08:22:39.304Z,49.1846,155.5554,48.56,4.5,mb,"170 km SSW of Severo-Kuril’sk, Russia"
2025-04-05T08:11:30.988Z,-6.3803,151.5932,10.0,4.6,mb,"185 km ESE of Kimbe, Papua New Guinea"
2025-04-05T07:57:09.413Z,52.488,-32.0879,10.0,5.5,mww,Reykjanes Ridge
2025-04-05T05:25:19.417Z,-6.1788,151.7426,10.0,4.6,mb,"190 km ESE of Kimbe, Papua New Guinea"
2025-04-05T05:13:33.960Z,-6.2273,151.5145,10.0,4.6,mb,"169 km ESE of Kimbe, Papua New Guinea"
2025-04-05T05:07:57.310Z,-6.2787,151.4807,10.0,5.1,mb,"169 km ESE of Kimbe, Papua New Guinea"
2025-04-05T04:19:07.565Z,-20.7198,-173.6762,10.0,4.5,mb,"122 km SE of Pangai, Tonga"
2025-04-05T03:14:56.486Z,-6.1258,151.4759,10.0,4.6,mb,"161 km ESE of Kimbe, Papua New Guinea"
2025-04-05T02:02:38.543Z,-6.2074,151.6956,10.0,4.9,mb,"187 km ESE of Kimbe, Papua New Guinea"
2025-04-05T02:01:40.421Z,-6.2883,151.8263,10.0,4.6,mb,"203 km ESE of Kimbe, Papua New Guinea"
2025-04-05T01:57:03.354Z,-22.1253,-174.2237,10.0,4.8,mb,"115 km SE of ‘Ohonua, Tonga"
2025-04-05T01:07:59.255Z,-6.4588,151.7687,10.0,4.9,mb,"206 km ESE of Kimbe, Papua New Guinea"
2025-04-05T01:05:41.797Z,-42.3506,83.9044,10.0,4.7,mb,Mid-Indian Ridge
2025-04-05T01:04:25.111Z,-6.2095,151.6177,10.0,4.6,mb,"179 km ESE of Kimbe, Papua New Guinea"
2025-04-05T01:01:11.924Z,-6.1248,151.7275,10.0,5.0,mb,"187 km ESE of Kimbe, Papua New Guinea"
2025-04-05T00:57:32.808Z,-6.2313,151.6212,10.0,5.1,mb,"180 km ESE of Kimbe, Papua New Guinea"
2025-04-05T00:57:05.008Z,-6.3336,151.6807,10.0,4.9,mb,"191 km ESE of Kimbe, Papua New Guinea"
2025-04-05T00:55:20.229Z,-6.2979,151.759,10.0,5.1,mb,"197 km ESE of Kimbe, Papua New Guinea"
2025-04-05T00:35:31.303Z,-6.1651,151.4248,10.0,4.5,mb,"157 km ESE of Kimbe, Papua New Guinea"
2025-04-05T00:21:49.406Z,-6.281,151.8109,10.0,4.6,mb,"202 km ESE of Kimbe, Papua New Guinea"
2025-04-04T23:46:30.594Z,-6.1767,151.3966,10.0,4.9,mb,"155 km ESE of Kimbe, Papua New Guinea"
2025-04-04T23:20:22.546Z,-6.2006,151.4389,10.0,4.6,mb,"161 km ESE of Kimbe, Papua New Guinea"
2025-04-04T23:00:06.617Z,-6.2496,151.6987,10.0,4.6,mb,"189 km ESE of Kimbe, Papua New Guinea"
2025-04-04T22:27:59.740Z,-6.3578,151.6085,10.0,5.1,mb,"185 km ESE of Kimbe, Papua New Guinea"
2025-04-04T22:27:41.220Z,-6.1876,151.5982,10.0,4.7,mb,"176 km ESE of Kimbe, Papua New Guinea"
2025-04-04T22:19:36.419Z,-6.1096,151.4702,10.0,4.5,mb,"159 km ESE of Kimbe, Papua New Guinea"
2025-04-04T22:02:13.217Z,-6.156,151.6982,10.0,5.2,mb,"185 km ESE of Kimbe, Papua New Guinea"
2025-04-04T21:56:10.068Z,-6.211,151.5777,10.0,5.0,mb,"175 km ESE of Kimbe, Papua New Guinea"
2025-04-04T21:46:28.577Z,-6.1862,151.6346,10.0,5.1,mb,"180 km ESE of Kimbe, Papua New Guinea"
2025-04-04T21:38:30.890Z,-6.4994,151.3774,10.0,4.8,mb,"172 km SE of Kimbe, Papua New Guinea"
2025-04-04T21:32:45.954Z,-6.2768,151.7469,10.0,4.9,mb,"195 km ESE of Kimbe, Papua New Guinea"
2025-04-04T21:30:30.338Z,-6.102,151.3343,10.0,4.9,mb,"145 km ESE of Kimbe, Papua New Guinea"
2025-04-04T21:29:06.981Z,-6.331,151.5316,10.0,5.0,mb,"176 km ESE of Kimbe, Papua New Guinea"
2025-04-04T21:14:41.733Z,-6.2406,151.4977,10.0,5.0,mb,"168 km ESE of Kimbe, Papua New Guinea"
2025-04-04T21:13:07.038Z,-6.1134,151.8246,10.0,4.5,mb,"196 km ESE of Kimbe, Papua New Guinea"
2025-04-04T21:12:23.261Z,40.9606,141.9106,59.795,4.6,mb,"53 km NE of Misawa, Japan"
2025-04-04T21:05:48.685Z,-6.363,151.9072,10.0,4.5,mb,"215 km ESE of Kimbe, Papua New Guinea"
2025-04-04T21:00:17.078Z,-6.2168,151.5493,10.0,4.7,mb,"172 km ESE of Kimbe, Papua New Guinea"
2025-04-04T20:49:49.120Z,-6.1303,151.443,10.0,4.5,mb,"158 km ESE of Kimbe, Papua New Guinea"
2025-04-04T20:48:38.995Z,-6.3847,152.0051,10.0,4.7,mb,"226 km ESE of Kimbe, Papua New Guinea"
2025-04-04T20:39:34.464Z,-6.4231,151.546,10.0,5.2,mb,"183 km ESE of Kimbe, Papua New Guinea"
2025-04-04T20:37:23.081Z,-6.1444,151.4874,10.0,4.5,mb,"163 km ESE of Kimbe, Papua New Guinea"
2025-04-04T20:36:12.125Z,-6.1937,151.4339,10.0,5.0,mb,"160 km ESE of Kimbe, Papua New Guinea"
2025-04-04T20:33:01.409Z,-6.1265,151.2312,10.0,4.7,mb,"136 km ESE of Kimbe, Papua New Guinea"
2025-04-04T20:32:00.839Z,-6.0941,151.5499,10.0,4.6,mb,"167 km ESE of Kimbe, Papua New Guinea"
2025-04-04T20:28:15.883Z,-6.0283,151.4083,10.0,4.6,mb,"150 km ESE of Kimbe, Papua New Guinea"
2025-04-04T20:26:20.202Z,-6.3695,151.5968,10.0,4.7,mb,"185 km ESE of Kimbe, Papua New Guinea"
2025-04-04T20:20:58.876Z,-6.1034,151.5471,10.0,4.9,mb,"167 km ESE of Kimbe, Papua New Guinea"
2025-04-04T20:18:24.435Z,-6.2645,151.3877,10.0,4.7,mb,"159 km ESE of Kimbe, Papua New Guinea"
2025-04-04T20:17:00.683Z,-6.1528,151.6096,10.0,5.4,mb,"176 km ESE of Kimbe, Papua New Guinea"
2025-04-04T20:16:13.488Z,-6.0331,151.2819,10.0,4.5,mb,"137 km ESE of Kimbe, Papua New Guinea"
2025-04-04T20:12:52.496Z,-6.0272,150.9452,10.0,5.1,mb,"103 km ESE of Kimbe, Papua New Guinea"
2025-04-04T20:04:38.129Z,-6.3025,151.6257,9.0,6.9,mww,"184 km ESE of Kimbe, Papua New Guinea"
2025-04-04T19:15:42.629Z,41.2665,140.1337,10.0,4.5,mb,"25 km SSW of Fukushima, Japan"
2025-04-04T15:25:24.663Z,21.5705,96.0529,10.0,4.6,mwr,"9 km WSW of Kyaukse, Burma (Myanmar)"
2025-04-04T14:25:23.708Z,28.9124,81.8313,10.0,4.8,mb,"14 km ENE of Dailekh, Nepal"
2025-04-04T14:22:50.277Z,28.9769,82.0489,10.0,4.9,mb,"35 km SSW of Jumla, Nepal"
2025-04-04T12:41:47.577Z,-19.5942,-174.0785,10.0,4.5,mb,"31 km NE of Fangale’ounga, Tonga"
2025-04-04T11:07:33.086Z,-0.5971,99.4188,66.776,4.6,mb,"78 km W of Pariaman, Indonesia"
2025-04-04T10:51:47.966Z,-5.8592,145.7379,107.702,5.0,mww,"46 km ENE of Goroka, Papua New Guinea"
2025-04-04T08:31:10.379Z,3.9989,-82.6219,10.0,4.8,mb,south of Panama
2025-04-04T08:17:15.259Z,-2.6647,141.2679,10.0,4.6,mb,"4 km WNW of Vanimo, Papua New Guinea"
2025-04-04T08:01:50.510Z,-15.4796,-174.5199,177.798,5.3,mb,"93 km NW of Hihifo, Tonga"
2025-04-04T08:01:06.751Z,-15.6272,-174.4737,201.0,5.6,mww,"81 km WNW of Hihifo, Tonga"
2025-04-04T08:00:48.044Z,-15.5414,-174.5718,175.695,4.5,mb,"94 km WNW of Hihifo, Tonga"
2025-04-04T06:59:51.758Z,-7.8967,109.1101,100.843,4.7,mb,"21 km SSE of Cilacap, Indonesia"
2025-04-04T03:44:20.496Z,29.3793,52.8315,10.0,4.5,mb,"15 km NNE of Akbarābād, Iran"
2025-04-04T02:34:53.043Z,45.4789,145.5533,23.376,4.7,mb,"158 km N of Otrada, Russia"
2025-04-04T01:37:04.622Z,-16.2093,-72.6003,81.611,4.9,mb,"39 km S of Iray, Peru"
2025-04-04T00:33:25.536Z,-23.6638,-179.8604,551.56,4.6,mb,south of the Fiji Islands
2025-04-04T00:28:25.933Z,52.5538,-32.2033,10.0,4.9,mb,Reykjanes Ridge
2025-04-03T22:57:18.969Z,-20.5797,-178.109,526.004,4.6,mb,"299 km WNW of Houma, Tonga"
2025-04-03T21:49:01.616Z,52.4791,-31.4733,10.0,4.8,mb,northern Mid-Atlantic Ridge
2025-04-03T21:11:55.336Z,-28.4127,-177.8313,10.0,5.1,mb,Kermadec Islands region
2025-04-03T20:58:01.971Z,-22.0429,-68.5919,112.773,4.8,mwr,"57 km NE of Calama, Chile"
2025-04-03T18:42:57.501Z,14.1984,146.8857,10.0,5.1,mb,"160 km ESE of San Jose Village, Northern Mariana Islands"
2025-04-03T17:56:05.973Z,52.7009,-34.8731,10.0,4.7,mb,Reykjanes Ridge
2025-04-03T16:05:18.717Z,52.7835,-34.8664,10.0,5.4,mb,Reykjanes Ridge
2025-04-03T14:54:27.884Z,52.5316,-32.4573,10.0,4.6,mb,Reykjanes Ridge
2025-04-03T14:39:30.492Z,52.5056,-34.8659,10.0,4.6,mb,Reykjanes Ridge
2025-04-03T14:09:29.739Z,52.4538,-32.1071,10.0,6.9,mww,Reykjanes Ridge
2025-04-03T13:58:13.464Z,-17.7114,168.1013,33.666,4.8,mb,"22 km W of Port-Vila, Vanuatu"
2025-04-03T13:51:13.545Z,0.8374,-29.6514,10.0,4.5,mb,central Mid-Atlantic Ridge
2025-04-03T13:42:18.894Z,0.5752,121.5747,93.775,4.7,mb,"165 km W of Gorontalo, Indonesia"
2025-04-03T11:48:14.135Z,-23.4758,179.8693,549.037,4.5,mb,south of the Fiji Islands
2025-04-03T10:31:16.840Z,-4.5603,153.388,94.612,4.6,mb,"126 km E of Kokopo, Papua New Guinea"
2025-04-03T07:02:15.932Z,-5.8637,-50.5199,10.0,4.7,mb,"72 km WNW of Parauapebas, Brazil"
2025-04-03T05:16:44.609Z,12.1925,-87.8157,24.943,4.5,mb,"72 km SSW of Jiquilillo, Nicaragua"
2025-04-03T04:18:17.878Z,-65.1723,179.3367,10.0,5.5,mww,Balleny Islands region
2025-04-03T03:47:00.687Z,23.1317,120.3821,10.0,4.7,mwr,"8 km W of Yujing, Taiwan"
2025-04-02T22:34:27.497Z,-30.9795,59.5953,10.0,4.5,mb,Southwest Indian Ridge
2025-04-02T21:42:52.551Z,31.1332,131.3969,35.0,4.6,mb,"41 km SSE of Kushima, Japan"
2025-04-02T21:10:19.736Z,2.0883,126.7091,54.248,4.9,mb,"150 km WNW of Tobelo, Indonesia"
2025-04-02T21:06:02.276Z,-16.6391,-173.5451,46.603,5.1,mb,"80 km SSE of Hihifo, Tonga"
2025-04-02T21:03:40.049Z,2.1324,126.7258,44.0,5.8,mww,"149 km WNW of Tobelo, Indonesia"
2025-04-02T19:56:20.118Z,-31.0702,59.5208,10.0,4.6,mb,Southwest Indian Ridge
2025-04-02T16:27:12.366Z,15.5172,95.6376,10.0,4.9,mww,"85 km S of Pyapon, Burma (Myanmar)"
2025-04-02T16:26:35.709Z,53.2407,172.961,14.015,5.5,mww,"46 km NNW of Attu Station, Alaska"
2025-04-02T14:03:57.825Z,30.9792,131.522,29.0,6.1,mww,"56 km ENE of Nishinoomote, Japan"
2025-04-02T13:24:44.820Z,0.6813,-29.6712,10.0,5.3,mww,central Mid-Atlantic Ridge
2025-04-02T11:36:37.785Z,-22.2244,-179.5992,590.393,4.8,mb,south of the Fiji Islands
2025-04-02T10:45:05.983Z,20.9095,96.0561,10.0,4.7,mb,"20 km E of Meiktila, Burma (Myanmar)"
2025-04-02T04:35:28.284Z,25.9938,128.5035,10.0,4.7,mb,"73 km ESE of Katsuren-haebaru, Japan"
2025-04-02T00:59:30.941Z,-20.4086,-173.7637,10.0,4.9,mb,"90 km SE of Pangai, Tonga"
2025-04-02T00:29:22.306Z,-57.0079,-142.2862,10.0,6.3,mww,Pacific-Antarctic Ridge
2025-04-02T00:19:59.664Z,-10.1993,161.5309,10.0,4.7,mb,"51 km WNW of Kirakira, Solomon Islands"
2025-04-01T23:59:52.125Z,26.0188,128.5894,10.0,5.0,mww,"79 km ESE of Katsuren-haebaru, Japan"
2025-04-01T23:54:45.057Z,27.5529,142.8779,10.0,4.6,mb,"Bonin Islands, Japan region"
2025-04-01T23:23:04.397Z,36.5283,70.6762,89.626,4.6,mb,"39 km SSW of Jurm, Afghanistan"
2025-04-01T18:46:43.704Z,-18.2601,-177.838,579.992,4.6,mb,Fiji region
2025-04-01T17:37:11.808Z,-42.1183,84.4878,10.0,4.6,mb,southeast Indian Ridge
2025-04-01T16:59:32.282Z,-56.3826,-124.6074,10.0,4.6,mb,southern East Pacific Rise
2025-04-01T16:58:32.681Z,63.9128,-22.4311,10.0,4.6,mb,"7 km SSW of Vogar, Iceland"
2025-04-01T16:56:59.728Z,63.8552,-22.6231,4.428,4.9,mb,"9 km WNW of Grindavík, Iceland"
2025-04-01T16:54:52.947Z,63.8879,-22.5141,10.0,5.2,mww,"6 km NW of Grindavík, Iceland"
2025-04-01T15:27:40.823Z,20.0604,96.0923,4.465,4.8,mb,"35 km N of Nay Pyi Taw, Burma (Myanmar)"
2025-04-01T14:02:49.423Z,-25.3641,178.2852,605.616,4.5,mb,south of the Fiji Islands
2025-04-01T13:59:40.043Z,-25.2577,178.3266,594.504,5.0,mb,south of the Fiji Islands
2025-04-01T13:09:19.253Z,-22.2036,-179.1516,550.003,4.7,mb,south of the Fiji Islands
2025-04-01T11:01:47.444Z,22.0634,95.9636,10.0,4.7,mwr,"15 km NW of Mandalay, Burma (Myanmar)"
2025-04-01T10:15:56.075Z,-7.4362,128.5286,143.585,5.7,mww,"207 km NE of Lospalos, Timor Leste"
2025-04-01T09:25:55.049Z,13.6098,120.8542,173.966,4.9,mb,"5 km SSW of Tingloy, Philippines"
2025-04-01T07:37:26.391Z,-20.2807,-173.919,14.02,4.7,mb,"68 km SE of Pangai, Tonga"
2025-04-01T06:05:39.338Z,-46.049,-14.1633,10.0,5.1,mb,southern Mid-Atlantic Ridge
2025-04-01T04:04:36.944Z,58.1204,-156.3782,12.7,5.1,mww,"59 km E of Egegik, Alaska"
2025-04-01T02:31:48.638Z,-5.0953,149.809,385.702,4.5,mb,"62 km NW of Kimbe, Papua New Guinea"
2025-04-01T02:16:17.853Z,-8.2517,117.7552,18.414,4.9,mb,"35 km ENE of Pototano, Indonesia"
2025-04-01T02:04:04.952Z,4.7022,-76.0962,99.649,4.5,mb,"3 km SE of Argelia, Colombia"
2025-04-01T00:09:04.322Z,79.974,1.1429,10.0,4.6,mb,Greenland Sea
2025-03-31T22:37:50.383Z,-9.9409,160.4921,21.991,4.6,mb,"81 km SE of Honiara, Solomon Islands"
2025-03-31T22:35:31.367Z,-23.3005,179.6822,543.412,4.9,mb,south of the Fiji Islands
2025-03-31T22:25:56.597Z,-20.5292,-173.5499,10.0,4.9,mb,"115 km SE of Pangai, Tonga"
2025-03-31T22:25:16.701Z,-4.7547,153.1834,50.407,4.5,mb,"111 km ESE of Kokopo, Papua New Guinea"
2025-03-31T21:10:38.698Z,-36.8266,77.4764,10.0,4.6,mb,Mid-Indian Ridge
2025-03-31T15:58:26.800Z,-23.7114,-66.7717,203.712,4.5,mb,"72 km NW of San Antonio de los Cobres, Argentina"
2025-03-31T15:54:17.424Z,-10.0069,119.0489,11.867,5.6,mww,"67 km SSW of Tambolaka, Indonesia"
2025-03-31T15:05:57.695Z,-52.4604,26.3186,10.0,4.7,mb,south of Africa
2025-03-31T14:51:01.010Z,-22.9612,171.601,10.0,4.6,mb,southeast of the Loyalty Islands
2025-03-31T13:36:16.026Z,0.7628,-29.6505,10.0,5.2,mb,central Mid-Atlantic Ridge
2025-03-31T13:20:43.203Z,-20.5955,-173.8123,10.0,4.9,mb,"103 km SSE of Pangai, Tonga"
2025-03-31T12:14:17.416Z,-25.7365,-71.0501,19.149,4.5,mb,"67 km WSW of Taltal, Chile"
2025-03-31T11:12:20.648Z,-4.6643,139.4245,10.0,4.6,mb,"172 km NE of Agats, Indonesia"
2025-03-31T11:10:35.359Z,25.6467,67.1472,10.0,4.6,mb,"55 km ESE of Uthal, Pakistan"
2025-03-31T09:42:34.989Z,-22.5179,-179.5027,583.791,4.8,mb,south of the Fiji Islands
2025-03-31T07:25:12.822Z,-52.6618,19.6323,10.0,4.7,mb,southwest of Africa
2025-03-31T05:09:26.149Z,1.9644,-30.7214,10.0,4.5,mb,central Mid-Atlantic Ridge
2025-03-31T01:21:14.562Z,-7.4013,68.0512,10.0,4.6,mb,Chagos Archipelago region
2025-03-31T00:23:58.339Z,-20.568,-173.8131,10.0,4.7,mb,"100 km SE of Pangai, Tonga"
2025-03-30T23:17:16.783Z,-29.9209,60.8182,10.0,4.9,mb,Southwest Indian Ridge
2025-03-30T21:51:41.778Z,-20.267,-173.978,10.0,5.2,mww,"63 km SE of Pangai, Tonga"
2025-03-30T21:39:47.449Z,-56.1516,-27.03,75.798,4.5,mb,South Sandwich Islands region
2025-03-30T19:30:25.452Z,-20.4272,-173.7702,24.036,4.6,mb,"91 km SE of Pangai, Tonga"
2025-03-30T16:10:08.960Z,-20.2693,-174.2326,10.0,4.8,mb,"51 km SSE of Pangai, Tonga"
2025-03-30T15:33:49.612Z,-20.2249,-174.0813,27.136,5.9,mww,"53 km SSE of Pangai, Tonga"
2025-03-30T15:26:13.319Z,-20.5078,-173.7698,10.0,5.0,mb,"98 km SE of Pangai, Tonga"
2025-03-30T15:04:54.834Z,-20.3816,-174.0115,17.0,6.2,mww,"72 km SSE of Pangai, Tonga"
2025-03-30T14:58:43.501Z,-20.0981,-173.9083,10.0,4.7,mb,"56 km SE of Pangai, Tonga"
2025-03-30T14:24:47.304Z,-20.404,-174.154,10.0,4.9,mb,"68 km SSE of Pangai, Tonga"
2025-03-30T13:55:57.752Z,42.0064,142.7165,56.89,4.5,mb,"17 km SSW of Urakawa, Japan"
2025-03-30T12:54:46.043Z,-20.3636,-173.7157,10.0,4.5,mb,"90 km SE of Pangai, Tonga"
2025-03-30T12:30:55.267Z,38.5054,142.6996,35.0,4.8,mb,"106 km SE of Ōfunato, Japan"
2025-03-30T12:25:27.634Z,32.8942,139.9621,141.645,4.5,mb,"219 km SSE of Shimoda, Japan"
2025-03-30T12:18:50.362Z,-20.3036,-174.0718,29.0,7.0,mww,"61 km SSE of Pangai, Tonga"
2025-03-30T11:48:45.304Z,-54.646,-130.5546,10.0,4.5,mb,Pacific-Antarctic Ridge
2025-03-30T07:42:55.121Z,-56.3306,-27.0772,66.42,4.9,mb,South Sandwich Islands region
2025-03-30T07:08:01.128Z,22.2219,95.9368,10.0,4.6,mwr,"31 km NNW of Mandalay, Burma (Myanmar)"
2025-03-30T04:36:01.773Z,-22.3623,-175.7257,60.511,4.6,mb,"138 km SW of ‘Ohonua, Tonga"
2025-03-30T02:58:33.125Z,5.5006,95.3597,10.0,5.1,mb,"5 km SSE of Banda Aceh, Indonesia"
2025-03-30T01:18:31.959Z,34.5739,140.7449,69.617,4.7,mb,"74 km SSE of Katsuura, Japan"
2025-03-30T00:08:28.693Z,19.7498,95.994,10.0,4.5,mb,"14 km W of Nay Pyi Taw, Burma (Myanmar)"
2025-03-29T21:41:43.016Z,-31.6921,-179.1458,106.527,4.8,mb,Kermadec Islands region
2025-03-29T19:38:15.299Z,-0.0383,123.4283,133.786,4.5,mb,"75 km SSE of Gorontalo, Indonesia"
2025-03-29T15:35:34.926Z,-33.416,77.7152,10.0,4.9,mb,Mid-Indian Ridge
2025-03-29T13:39:31.335Z,-5.9065,130.8256,123.834,4.6,mb,"215 km W of Tual, Indonesia"
2025-03-29T10:50:10.294Z,27.1691,103.6514,10.0,4.7,mb,"17 km SSW of Zhaotong, China"
2025-03-29T10:46:38.012Z,9.2642,126.7765,9.173,4.6,mb,"64 km E of Cortes, Philippines"
2025-03-29T10:08:14.911Z,5.6467,95.6769,132.458,4.5,mb,"39 km ENE of Banda Aceh, Indonesia"
2025-03-29T09:20:48.229Z,19.6858,96.0761,10.0,5.1,mb,"8 km SW of Nay Pyi Taw, Burma (Myanmar)"
2025-03-29T02:11:07.143Z,12.5449,147.8694,10.0,5.2,mb,Mariana Islands region
2025-03-28T20:39:26.283Z,-6.6549,104.3418,35.0,4.5,mb,"167 km W of Labuan, Indonesia"
2025-03-28T19:45:14.663Z,31.1041,131.5547,34.124,4.7,mb,"51 km SE of Kushima, Japan"
2025-03-28T17:24:20.751Z,-16.0612,-176.3916,378.098,4.7,mb,"267 km SE of Alo, Wallis and Futuna"
2025-03-28T17:17:27.868Z,0.7561,-29.7635,12.323,6.6,mww,central Mid-Atlantic Ridge
2025-03-28T16:46:20.831Z,20.2803,96.0242,10.0,4.5,mb,"20 km SW of Yamethin, Burma (Myanmar)"
2025-03-28T16:08:49.753Z,52.3792,-174.3538,122.971,4.9,mb,"22 km NNW of Atka, Alaska"
2025-03-28T13:24:07.672Z,-20.8696,-174.313,10.0,4.5,mb,"83 km ENE of Kolonga, Tonga"
2025-03-28T12:56:11.308Z,-7.2368,125.9261,507.037,4.5,mb,"141 km N of Manatutu, Timor Leste"
2025-03-28T12:21:56.504Z,22.0401,95.9466,10.0,4.6,mb,"15 km WNW of Mandalay, Burma (Myanmar)"
2025-03-28T11:58:59.857Z,-8.1011,117.9935,10.0,4.7,mb,"66 km ENE of Pototano, Indonesia"
2025-03-28T11:57:11.603Z,47.9507,147.2037,425.346,4.9,mb,northwest of the Kuril Islands
2025-03-28T10:56:44.173Z,42.7263,72.9645,24.0,4.5,mwr,"24 km SW of Merke, Kazakhstan"
2025-03-28T10:35:10.562Z,10.0563,-103.7043,10.0,4.8,mb,northern East Pacific Rise
2025-03-28T09:55:32.962Z,19.3628,96.207,10.0,4.5,mb,"41 km S of Pyinmana, Burma (Myanmar)"
2025-03-28T07:57:00.138Z,22.4361,95.838,10.0,4.5,mb,Burma
2025-03-28T07:36:58.799Z,22.7673,95.8531,10.0,4.6,mb,Burma
2025-03-28T07:27:47.907Z,22.7436,95.8927,10.0,4.6,mb,"27 km NE of Shwebo, Burma (Myanmar)"
2025-03-28T07:16:12.801Z,-10.7712,164.5632,10.0,4.5,mb,"135 km W of Lata, Solomon Islands"
2025-03-28T06:57:53.711Z,22.0976,96.0667,10.0,4.5,mb,"13 km N of Mandalay, Burma (Myanmar)"
2025-03-28T06:45:44.906Z,19.1284,96.2075,10.0,4.9,mb,Burma (Myanmar)
2025-03-28T06:42:24.760Z,21.8377,95.8747,10.0,4.9,mb,"11 km WSW of Sagaing, Burma (Myanmar)"
2025-03-28T06:39:14.645Z,19.8979,95.8026,10.0,4.8,mb,"29 km ESE of Taungdwingyi, Burma (Myanmar)"
2025-03-28T06:32:04.777Z,21.6975,95.969,10.0,6.7,mww,Burma (Myanmar)
2025-03-28T06:20:52.715Z,22.011,95.9363,10.0,7.7,mww,"2025 Mandalay, Burma (Myanmar) Earthquake"
2025-03-28T05:27:16.431Z,-62.8554,-160.1694,10.0,4.7,mb,Pacific-Antarctic Ridge
2025-03-28T01:53:55.681Z,-15.9497,168.139,167.556,5.0,mb,"79 km ENE of Lakatoro, Vanuatu"
2025-03-28T01:20:04.771Z,-19.2093,168.8176,37.0,5.7,mww,"61 km NW of Isangel, Vanuatu"
2025-03-28T00:34:21.875Z,0.7055,-29.665,10.0,6.1,mww,central Mid-Atlantic Ridge
2025-03-27T22:42:41.239Z,42.7169,73.0072,10.0,4.9,mww,"22 km SW of Merke, Kazakhstan"
2025-03-27T21:33:13.778Z,-22.9829,-113.1135,10.0,5.0,mb,Easter Island region
2025-03-27T19:42:56.970Z,-6.413,149.9623,23.128,5.2,mww,"51 km ESE of Kandrian, Papua New Guinea"
2025-03-27T17:51:48.622Z,36.5518,25.5614,10.0,4.5,mww,"18 km NE of Firá, Greece"
2025-03-27T16:16:27.123Z,-8.4761,160.4182,63.11,4.7,mb,"44 km NW of Auki, Solomon Islands"
2025-03-27T14:10:52.110Z,8.6119,126.2634,70.667,4.6,mb,"9 km NNE of Gamut, Philippines"
2025-03-27T14:05:07.439Z,47.8819,156.4028,10.0,4.5,mb,east of the Kuril Islands
2025-03-27T12:54:27.686Z,-11.5414,166.336,83.158,4.7,mb,"107 km SSE of Lata, Solomon Islands"
2025-03-27T08:28:23.452Z,36.4887,71.1468,212.629,4.9,mb,"40 km WSW of Ashkāsham, Afghanistan"
2025-03-27T04:54:28.800Z,-7.0375,150.6593,10.0,4.9,mb,"153 km SE of Kandrian, Papua New Guinea"
2025-03-27T00:41:25.987Z,-56.1929,-27.4264,123.592,5.7,mww,South Sandwich Islands region
2025-03-26T23:51:54.042Z,-1.8201,133.3515,10.0,4.6,mb,"37 km NNW of Bintuni, Indonesia"
2025-03-26T21:41:39.099Z,-30.1648,-177.7488,35.0,5.0,mb,"Kermadec Islands, New Zealand"
2025-03-26T13:28:02.681Z,-6.1493,-75.2977,10.0,4.6,mb,"54 km ENE of Navarro, Peru"
2025-03-26T12:55:58.576Z,15.531,121.7273,10.0,4.8,mb,"31 km SE of Suklayin, Philippines"
2025-03-26T09:09:21.269Z,-57.3483,-26.3485,78.962,4.7,mb,South Sandwich Islands region
2025-03-26T07:26:21.203Z,-58.9779,-25.461,35.0,5.3,mww,South Sandwich Islands region
2025-03-26T07:16:17.809Z,-52.3996,-71.6814,13.919,4.5,mb,"93 km SE of Puerto Natales, Chile"
2025-03-26T06:53:39.103Z,4.5016,124.5188,10.0,4.9,mb,"144 km SW of Sarangani, Philippines"
2025-03-26T06:45:26.097Z,-7.1161,155.6966,10.0,5.1,mb,"91 km SSE of Panguna, Papua New Guinea"
2025-03-26T03:48:49.599Z,-9.9302,160.5823,10.0,5.0,mb,"88 km SE of Honiara, Solomon Islands"
2025-03-26T01:47:47.559Z,-7.5484,120.0036,607.714,4.8,mb,"105 km N of Labuan Bajo, Indonesia"
2025-03-26T00:44:20.392Z,-24.1447,-179.9762,487.8,4.5,mb,south of the Fiji Islands
2025-03-25T23:51:38.865Z,7.3503,94.0233,95.24,4.5,mb,"215 km NW of Sabang, Indonesia"
2025-03-25T22:55:53.097Z,-20.2166,-69.1246,99.584,5.3,mww,"57 km ENE of La Tirana, Chile"
2025-03-25T22:08:06.816Z,2.5566,-78.869,10.0,4.5,mb,"46 km W of Mosquera, Colombia"
2025-03-25T17:21:17.179Z,38.8579,116.8263,10.0,4.5,mb,"34 km SSW of Yangliuqing, China"
2025-03-25T14:36:17.358Z,-11.1336,-106.4135,10.0,4.5,mb,central East Pacific Rise
2025-03-25T13:25:11.777Z,6.7697,92.569,10.0,4.9,mww,"Nicobar Islands, India region"
2025-03-25T09:50:50.980Z,-6.3052,130.3559,128.431,5.0,mb,"275 km WSW of Tual, Indonesia"
2025-03-25T09:12:13.295Z,-17.8136,-177.8527,580.769,4.5,mb,Fiji region
2025-03-25T09:04:28.437Z,-46.3181,165.331,10.0,4.9,mwr,"206 km W of Riverton, New Zealand"
2025-03-25T07:48:42.376Z,-15.959,-179.7663,10.574,4.5,mb,"106 km ENE of Labasa, Fiji"
2025-03-25T07:02:21.228Z,-7.955,107.8404,64.831,4.6,mb,"73 km SSW of Singaparna, Indonesia"
2025-03-25T04:53:54.023Z,14.9485,-60.9975,116.055,4.9,mb,"14 km NNE of Le Lorrain, Martinique"
2025-03-25T03:02:54.871Z,-17.4398,167.8367,24.904,4.5,mb,"60 km WNW of Port-Vila, Vanuatu"
2025-03-25T02:56:27.725Z,-46.6837,165.7542,10.0,5.4,mww,"177 km W of Riverton, New Zealand"
2025-03-25T01:56:40.920Z,26.0259,128.5117,10.0,4.7,mb,"72 km ESE of Katsuren-haebaru, Japan"
2025-03-25T01:43:11.796Z,-46.7305,165.8632,21.0,6.7,mww,"170 km WSW of Riverton, New Zealand"
2025-03-25T01:40:47.885Z,23.8928,121.6275,33.956,4.6,mwr,"9 km SSE of Hualien City, Taiwan"
2025-03-24T17:17:21.440Z,-40.0437,-74.9994,15.872,4.5,mb,"135 km W of Corral, Chile"
2025-03-24T15:52:25.009Z,-2.8292,130.3626,18.171,4.6,mb,"163 km ENE of Masohi, Indonesia"
2025-03-24T14:35:53.540Z,-50.2555,115.411,10.0,4.5,mb,western Indian-Antarctic Ridge
2025-03-24T14:26:25.228Z,3.5613,96.5119,10.0,4.5,mb,"41 km WSW of Blangpidie, Indonesia"
2025-03-24T13:43:11.734Z,-64.3844,176.2577,10.0,5.0,mww,Balleny Islands region
2025-03-24T12:11:14.351Z,-23.6743,-111.6576,10.0,4.8,mb,Easter Island region
2025-03-24T11:21:38.311Z,28.1045,105.3353,10.0,5.0,mb,"12 km SW of Xuyong, China"
2025-03-24T11:17:45.391Z,30.7301,57.3603,10.0,5.1,mb,"56 km NNE of Kerman, Iran"
2025-03-24T07:19:55.884Z,10.3688,93.9709,10.0,4.7,mb,"196 km SE of Port Blair, India"
2025-03-24T05:46:50.338Z,6.2383,-82.5564,10.0,4.5,mb,"201 km S of Burica, Panama"
2025-03-24T04:36:05.252Z,9.9009,93.6477,10.0,4.7,mb,"218 km SSE of Port Blair, India"
2025-03-24T04:35:09.150Z,-29.7106,-71.3044,79.842,5.1,mww,"22 km NNW of La Serena, Chile"
2025-03-24T04:29:29.100Z,10.1202,93.7118,10.0,5.1,mww,"200 km SSE of Port Blair, India"
2025-03-24T03:16:13.272Z,6.266,-82.5083,10.0,4.9,mww,"199 km SSE of Burica, Panama"
2025-03-24T01:35:03.965Z,-46.7999,-13.5291,10.0,4.7,mb,southern Mid-Atlantic Ridge
2025-03-24T01:26:13.910Z,-46.7223,-13.2754,10.0,4.6,mb,southern Mid-Atlantic Ridge
2025-03-23T23:36:23.698Z,-19.3707,-172.4924,10.0,5.1,mb,"176 km ESE of Neiafu, Tonga"
2025-03-23T22:52:22.022Z,-27.5205,73.193,10.0,4.6,mb,Mid-Indian Ridge
2025-03-23T14:18:55.872Z,50.9566,-176.1193,10.0,4.5,mb,"108 km SSE of Adak, Alaska"
2025-03-23T13:34:30.010Z,6.8701,159.6121,10.0,4.6,mb,"155 km E of Kolonia, Micronesia"
2025-03-23T12:01:54.109Z,-2.7978,128.1015,10.0,4.5,mb,"99 km N of Ambon, Indonesia"
2025-03-23T07:24:03.213Z,-30.1114,-179.2371,306.921,4.5,mb,Kermadec Islands region
2025-03-23T06:30:49.284Z,-18.1746,-177.9356,619.089,4.5,mb,"291 km E of Levuka, Fiji"
2025-03-23T05:07:11.068Z,-9.8478,125.3003,10.0,4.5,mb,"59 km S of Suai, Timor Leste"
2025-03-23T03:17:56.167Z,-6.3688,130.8751,94.557,4.7,mb,"223 km WSW of Tual, Indonesia"
2025-03-22T22:14:27.204Z,25.6669,124.7579,126.885,5.1,mww,"110 km NNW of Hirara, Japan"
2025-03-22T20:37:23.557Z,-27.635,178.6482,571.336,4.7,mb,Kermadec Islands region
2025-03-22T19:41:30.018Z,-8.7763,124.3673,97.4,4.5,mb,"46 km N of Pante Makasar, Timor Leste"
2025-03-22T15:33:22.131Z,-33.8163,-179.2918,37.402,4.7,mb,south of the Kermadec Islands
2025-03-22T12:59:19.279Z,51.143,-176.201,20.929,4.9,mww,"86 km SSE of Adak, Alaska"
2025-03-22T12:51:43.523Z,-14.0776,166.9915,119.662,5.3,mww,"64 km WSW of Sola, Vanuatu"
2025-03-22T09:49:21.891Z,51.1545,-176.1067,20.0,5.6,mww,"88 km SSE of Adak, Alaska"
2025-03-22T07:01:27.043Z,7.6274,126.7926,76.976,4.5,mb,"26 km ENE of Baganga, Philippines"
2025-03-22T05:44:28.152Z,24.7011,126.9434,10.0,4.5,mb,"165 km E of Miyakojima, Japan"
2025-03-22T05:27:04.488Z,7.6659,127.0997,10.0,4.6,mb,"60 km E of Baganga, Philippines"
2025-03-22T04:24:23.383Z,-58.7555,-25.2674,30.679,4.9,mb,South Sandwich Islands region
2025-03-22T01:15:13.647Z,-26.0219,-178.7644,347.281,5.5,mww,south of the Fiji Islands
2025-03-21T20:02:54.716Z,-17.7042,-175.1114,202.308,4.7,mb,"158 km NW of Neiafu, Tonga"
2025-03-21T19:42:34.478Z,51.2084,-176.2225,26.183,4.6,mb,"79 km SSE of Adak, Alaska"
2025-03-21T19:36:41.940Z,-55.3611,-28.8628,14.787,4.7,mb,South Sandwich Islands region
2025-03-21T19:28:19.572Z,-8.6014,159.3407,10.0,5.0,mb,"57 km SSW of Buala, Solomon Islands"
2025-03-21T17:47:39.254Z,51.0824,-176.1669,28.748,4.5,mb,"93 km SSE of Adak, Alaska"
2025-03-21T17:08:51.299Z,-7.0879,155.6813,83.04,5.0,mb,"88 km SSE of Panguna, Papua New Guinea"
2025-03-21T15:46:32.843Z,51.1259,-176.041,35.0,4.5,mb,"92 km SSE of Adak, Alaska"
2025-03-21T15:12:39.367Z,51.2446,-176.1372,35.0,4.6,mb,"78 km SSE of Adak, Alaska"
2025-03-21T15:03:25.258Z,51.1928,-176.0662,35.0,5.0,mb,"85 km SSE of Adak, Alaska"
2025-03-21T14:58:28.059Z,51.1563,-176.1097,26.674,5.9,mww,"87 km SSE of Adak, Alaska"
2025-03-21T14:53:41.774Z,51.1558,-176.0703,17.0,6.2,mww,"88 km SSE of Adak, Alaska"
2025-03-21T14:50:51.364Z,6.9863,-82.4666,10.0,6.2,mww,"124 km SSE of Burica, Panama"
2025-03-21T14:41:01.616Z,47.8822,153.488,94.178,4.6,mb,Kuril Islands
2025-03-21T13:59:03.311Z,-20.4447,-69.0793,101.265,4.5,mwr,"61 km E of La Tirana, Chile"
2025-03-21T10:37:16.252Z,2.2641,127.145,99.41,4.7,mb,"112 km WNW of Tobelo, Indonesia"
2025-03-21T10:15:24.600Z,-5.0366,151.5704,124.753,4.6,mb,"109 km SW of Kokopo, Papua New Guinea"
2025-03-21T09:33:45.914Z,43.3639,104.065,10.0,5.0,mb,"37 km SW of Dalandzadgad, Mongolia"
2025-03-21T09:33:41.108Z,33.4498,51.8128,10.0,4.5,mb,"52 km W of Ardestān, Iran"
2025-03-21T06:53:48.815Z,33.4097,51.9063,10.0,4.8,mb,"43 km W of Ardestān, Iran"
2025-03-21T05:29:40.551Z,51.2822,-176.2227,37.225,4.6,mb,"71 km SSE of Adak, Alaska"
2025-03-21T05:25:55.817Z,-4.0345,141.8887,110.814,4.9,mb,"105 km W of Ambunti, Papua New Guinea"
2025-03-21T04:15:49.406Z,52.7695,160.8964,10.0,4.6,mb,"156 km ESE of Petropavlovsk-Kamchatsky, Russia"
2025-03-21T01:19:50.225Z,51.2081,-176.2319,38.527,4.6,mb,"79 km SSE of Adak, Alaska"
2025-03-21T01:04:18.465Z,-15.658,-71.7564,10.0,4.6,mb,"2 km SE of Maca, Peru"
2025-03-21T00:08:20.487Z,-23.3998,-179.7871,550.443,4.6,mb,south of the Fiji Islands
2025-03-20T23:13:16.427Z,-46.6991,102.3219,10.0,5.0,mww,southeast Indian Ridge
2025-03-20T22:59:47.669Z,-16.2871,66.8248,10.0,4.5,mb,Mid-Indian Ridge
2025-03-20T22:09:03.742Z,-8.0422,117.918,10.0,4.9,mb,"63 km NE of Pototano, Indonesia"
2025-03-20T21:00:09.168Z,-16.4872,66.6054,10.0,5.4,mww,Mid-Indian Ridge
2025-03-20T19:57:40.877Z,-6.8207,131.9008,10.0,4.5,mb,"162 km SW of Tual, Indonesia"
2025-03-20T19:36:03.829Z,-22.8507,172.4777,10.0,5.2,mww,southeast of the Loyalty Islands
2025-03-20T19:30:56.059Z,36.7387,71.3527,180.706,4.8,mb,"17 km WNW of Ashkāsham, Afghanistan"
2025-03-20T18:14:47.329Z,7.0073,-82.7554,10.0,4.8,mww,"114 km S of Burica, Panama"
2025-03-20T17:56:24.525Z,51.1546,-176.1492,23.034,4.5,mb,"86 km SSE of Adak, Alaska"
2025-03-20T17:49:46.142Z,4.2528,126.0592,136.616,4.6,mb,"143 km SSE of Sarangani, Philippines"
2025-03-20T17:14:17.653Z,-4.3264,139.1797,59.152,4.5,mb,"177 km NE of Agats, Indonesia"
2025-03-20T12:04:21.686Z,-56.2513,-27.0028,117.923,5.3,mb,South Sandwich Islands region
2025-03-20T10:21:04.146Z,51.1066,-176.1737,33.635,4.9,mww,"91 km SSE of Adak, Alaska"
2025-03-20T09:34:01.863Z,-60.4778,-26.9166,10.0,4.5,mb,South Sandwich Islands region
2025-03-20T09:15:40.169Z,37.2466,138.7822,176.212,4.5,mb,"6 km SSW of Ojiya, Japan"
2025-03-20T08:15:18.714Z,13.0126,-88.8131,68.651,5.0,mww,"41 km SW of Puerto El Triunfo, El Salvador"
2025-03-20T06:30:19.231Z,-60.4288,-27.2551,24.071,5.7,mww,South Sandwich Islands region
2025-03-20T06:18:25.453Z,-18.7796,169.3087,257.295,4.5,mb,"84 km N of Isangel, Vanuatu"
2025-03-20T06:07:08.453Z,51.1529,-176.1211,20.0,5.2,mww,"87 km SSE of Adak, Alaska"
2025-03-20T05:15:24.364Z,-17.7847,-178.7296,562.693,4.7,mb,"209 km E of Levuka, Fiji"
2025-03-20T05:13:06.399Z,51.0945,-176.0968,35.0,5.4,mww,"94 km SSE of Adak, Alaska"
2025-03-20T04:28:51.980Z,51.1094,-176.0641,17.0,5.6,mww,"93 km SSE of Adak, Alaska"
2025-03-20T03:56:15.305Z,12.7672,48.7853,10.0,5.2,mww,"169 km NNW of Bosaso, Somalia"
2025-03-20T03:24:48.173Z,-14.8961,167.1859,10.0,4.9,mb,"20 km NE of Port-Olry, Vanuatu"
2025-03-20T03:07:50.779Z,-7.5841,127.664,10.0,4.5,mb,"127 km NE of Lospalos, Timor Leste"
2025-03-20T02:00:24.197Z,-26.0641,70.8273,10.0,4.5,mb,Indian Ocean Triple Junction
2025-03-20T01:57:47.736Z,-26.199,70.9495,10.0,4.6,mb,Indian Ocean Triple Junction
2025-03-19T23:58:17.619Z,-26.1365,70.9327,10.0,4.5,mb,Indian Ocean Triple Junction
2025-03-19T23:38:33.049Z,-19.5417,-175.1973,137.109,4.7,mb,"93 km WNW of Pangai, Tonga"
2025-03-19T22:35:23.003Z,8.3046,126.2426,8.401,4.5,mb,"4 km WSW of Bigaan, Philippines"
2025-03-19T20:47:31.933Z,-17.472,-178.7019,548.194,4.8,mb,"220 km ENE of Levuka, Fiji"
2025-03-19T14:48:47.788Z,-10.6195,164.7251,10.0,4.9,mb,"117 km W of Lata, Solomon Islands"
2025-03-19T13:17:46.069Z,-8.307,115.1168,161.867,4.7,mb,"5 km SE of Munduk, Indonesia"
2025-03-19T13:04:31.305Z,-60.5961,-27.581,10.0,4.6,mb,South Sandwich Islands region
2025-03-19T11:46:21.789Z,-60.5361,-26.6432,10.0,5.1,mb,South Sandwich Islands region
2025-03-19T10:35:45.389Z,-60.3773,-27.1835,10.0,4.7,mb,South Sandwich Islands region
2025-03-19T10:04:12.898Z,-11.0073,122.0697,10.0,4.5,mb,"111 km WSW of Baa, Indonesia"
2025-03-19T09:20:12.862Z,51.2778,-176.0958,35.0,4.8,mb,"76 km SSE of Adak, Alaska"
2025-03-19T08:22:33.275Z,-7.2424,129.6983,104.836,4.5,mb,"Kepulauan Babar, Indonesia"
2025-03-19T08:13:25.102Z,-24.4012,179.8213,522.588,4.8,mb,south of the Fiji Islands
2025-03-19T08:13:08.362Z,51.0428,-176.1399,13.018,5.0,mww,"98 km SSE of Adak, Alaska"
2025-03-19T05:11:38.046Z,29.583,141.6075,38.741,4.5,mb,"Izu Islands, Japan region"
2025-03-19T05:04:25.995Z,1.1722,-85.1543,10.0,4.8,mww,off the coast of Ecuador
2025-03-19T04:25:15.777Z,37.0686,136.6514,12.226,4.6,mww,"23 km NNW of Hakui, Japan"
2025-03-19T02:47:45.667Z,13.7206,-89.0896,149.611,4.9,mb,"2 km NE of Ilopango, El Salvador"
2025-03-19T01:46:32.745Z,-6.7072,129.7769,156.521,4.8,mb,Banda Sea
2025-03-18T22:52:34.157Z,-55.378,-28.9052,36.839,5.6,mww,South Sandwich Islands region
2025-03-18T22:10:21.418Z,12.2042,-88.1641,35.0,4.6,mb,"97 km SW of Jiquilillo, Nicaragua"
2025-03-18T21:17:48.760Z,-30.0662,-71.283,68.436,5.3,mww,"13 km SSE of Coquimbo, Chile"
2025-03-18T20:57:57.194Z,-17.8706,168.0027,35.0,4.5,mb,"36 km WSW of Port-Vila, Vanuatu"
2025-03-18T20:25:38.494Z,-28.405,-69.1048,98.524,4.8,mb,"96 km WNW of Vinchina, Argentina"
2025-03-18T19:17:58.930Z,-0.261,122.991,90.677,4.6,mb,"79 km NNE of Luwuk, Indonesia"
2025-03-18T14:53:46.799Z,8.8348,126.3326,70.604,4.5,mb,"5 km NE of Marihatag, Philippines"
2025-03-18T14:14:38.683Z,-10.7961,163.063,38.725,4.9,mb,"130 km ESE of Kirakira, Solomon Islands"
2025-03-18T12:49:22.079Z,-24.0447,-115.4298,10.0,4.7,mb,southern East Pacific Rise
2025-03-18T12:38:59.907Z,12.1754,141.4738,10.0,4.6,mb,"286 km NNE of Fais, Micronesia"
2025-03-18T12:28:56.070Z,-24.0493,-115.1734,10.0,4.6,mb,southern East Pacific Rise
2025-03-18T11:57:17.348Z,-2.8984,130.1387,10.0,4.7,mb,"137 km ENE of Masohi, Indonesia"
2025-03-18T11:21:51.749Z,29.7512,104.9234,10.0,4.6,mb,"7 km ESE of Chonglong, China"
2025-03-18T11:20:44.634Z,29.5831,104.622,10.0,4.6,mb,"30 km NNW of Zigong, China"
2025-03-18T10:41:05.151Z,-6.938,107.2504,116.368,4.5,mb,"13 km S of Ciranjang-hilir, Indonesia"
2025-03-18T09:50:26.946Z,36.4349,3.4384,10.0,4.8,mww,"19 km SW of Lakhdaria, Algeria"
2025-03-18T09:20:51.104Z,-6.5219,129.9662,143.726,4.5,mb,Banda Sea
2025-03-18T07:49:00.454Z,24.3088,94.8302,118.337,5.1,mww,"83 km ESE of Wāngjing, India"
2025-03-18T06:31:12.973Z,-42.8392,42.6157,10.0,4.9,mb,Prince Edward Islands region
2025-03-18T05:31:26.158Z,-55.5672,-27.4204,39.73,4.5,mb,South Sandwich Islands region
2025-03-18T05:30:55.010Z,-22.1115,-67.2329,184.688,4.6,mb,"133 km NE of San Pedro de Atacama, Chile"
2025-03-18T02:27:34.578Z,-55.7425,-34.3458,10.0,5.0,mb,South Georgia Island region
2025-03-18T00:12:06.395Z,-60.4236,-27.1471,35.0,4.5,mb,South Sandwich Islands region
2025-03-17T23:04:35.490Z,5.5494,126.0931,129.301,4.5,mb,"64 km SE of Caburan, Philippines"
2025-03-17T22:30:53.020Z,32.2944,141.2115,35.0,4.6,mb,"Izu Islands, Japan region"
2025-03-17T22:23:36.962Z,1.8751,99.1323,46.856,5.4,mww,"41 km ENE of Sibolga, Indonesia"
2025-03-17T22:22:42.831Z,1.832,99.2604,52.108,4.6,mb,"50 km N of Padangsidempuan, Indonesia"
2025-03-17T21:18:02.059Z,-5.9036,145.8589,65.417,5.1,mb,"42 km N of Kainantu, Papua New Guinea"
2025-03-17T20:13:00.751Z,-5.736,145.5661,118.102,4.7,mb,"43 km NNE of Goroka, Papua New Guinea"
2025-03-17T20:03:00.608Z,-58.5224,-24.8,10.0,4.5,mb,South Sandwich Islands region
2025-03-17T20:00:35.954Z,32.4841,130.5885,19.966,4.8,mb,"2 km SSW of Honmachi, Japan"
2025-03-17T19:51:41.429Z,-2.9407,130.0883,10.0,4.6,mb,"130 km ENE of Masohi, Indonesia"
2025-03-17T18:49:02.871Z,-2.813,130.1387,10.0,4.6,mb,"140 km ENE of Masohi, Indonesia"
2025-03-17T17:42:24.514Z,-9.0952,124.1633,97.152,5.1,mb,"26 km WNW of Pante Makasar, Timor Leste"
2025-03-17T17:40:21.621Z,-2.9272,130.0091,10.0,4.6,mb,"122 km ENE of Masohi, Indonesia"
2025-03-17T17:32:18.505Z,-2.831,130.1617,18.0,5.8,mww,"142 km ENE of Masohi, Indonesia"
2025-03-17T15:41:51.772Z,8.0892,126.8133,35.0,4.9,mww,"42 km ENE of Santa Maria, Philippines"
2025-03-17T15:06:44.093Z,-31.4221,-178.2774,36.053,4.5,mb,Kermadec Islands region
2025-03-17T12:39:35.509Z,-26.9916,-176.9563,80.278,5.0,mww,south of the Fiji Islands
2025-03-17T12:26:03.261Z,-55.5446,-26.7004,10.0,4.7,mb,South Sandwich Islands region
2025-03-17T12:20:42.671Z,-24.3098,-175.5757,10.0,4.8,mb,south of Tonga
2025-03-17T11:42:30.567Z,-17.5228,67.092,10.0,4.6,mb,Mid-Indian Ridge
2025-03-17T11:06:39.628Z,-25.2812,-176.3851,40.39,4.6,mb,south of the Fiji Islands
2025-03-17T10:44:15.541Z,-4.5186,35.1376,10.0,4.6,mb,"17 km SSE of Basotu, Tanzania"
2025-03-17T09:50:24.150Z,19.4443,-109.0828,10.0,5.5,mww,Revilla Gigedo Islands region
2025-03-17T09:22:25.724Z,29.3833,130.5791,32.312,4.7,mb,"94 km S of Koshima, Japan"
2025-03-17T08:14:38.644Z,7.222,-34.1213,10.0,4.7,mb,central Mid-Atlantic Ridge
2025-03-17T07:40:27.905Z,19.6989,-109.1753,10.0,5.1,mww,Revilla Gigedo Islands region
2025-03-17T03:19:14.529Z,-0.0879,123.0167,118.771,4.9,mb,"69 km S of Gorontalo, Indonesia"
2025-03-17T02:50:30.572Z,-36.9381,177.5396,167.508,4.5,mb,"99 km NW of Hicks Bay, New Zealand"
2025-03-17T00:13:30.055Z,-8.8868,105.0267,10.0,4.6,mb,"269 km SW of Pelabuhanratu, Indonesia"
2025-03-16T21:50:23.560Z,-29.2657,-69.5687,104.6,4.8,mwr,"134 km NW of San José de Jáchal, Argentina"
2025-03-16T18:53:08.794Z,9.379,40.0784,10.0,5.4,mww,"44 km NNW of Āwash, Ethiopia"
2025-03-16T16:29:28.604Z,-21.7226,-179.418,599.355,4.6,mb,Fiji region
2025-03-16T16:19:24.789Z,43.6687,148.4016,29.338,4.6,mb,"136 km E of Shikotan, Russia"
2025-03-16T16:10:29.244Z,-20.4178,-177.6858,515.647,4.5,mb,"261 km WNW of Houma, Tonga"
2025-03-16T08:36:08.152Z,-20.8882,-173.9646,10.0,4.8,mb,"114 km ENE of ‘Ohonua, Tonga"
2025-03-16T07:27:16.019Z,-24.2731,179.9045,516.542,4.6,mb,south of the Fiji Islands
2025-03-16T05:44:21.502Z,-11.3166,166.0619,35.902,4.6,mb,"71 km SSE of Lata, Solomon Islands"
2025-03-16T03:44:43.085Z,-7.2922,120.4614,419.917,4.9,mb,"145 km N of Ruteng, Indonesia"
2025-03-16T02:20:52.177Z,-16.0227,-73.3889,84.259,4.6,mb,"23 km W of Urasqui, Peru"
2025-03-16T02:12:58.747Z,6.9892,-33.9088,10.0,4.6,mb,central Mid-Atlantic Ridge
2025-03-16T01:27:09.144Z,-20.1839,-69.2154,102.502,4.8,mww,"49 km ENE of La Tirana, Chile"
2025-03-16T01:10:28.613Z,10.2207,125.9927,63.079,4.8,mb,"22 km NNW of Santa Monica, Philippines"
2025-03-16T00:33:28.424Z,-58.6475,-25.5939,58.407,4.5,mb,South Sandwich Islands region
2025-03-16T00:30:32.481Z,-8.6429,128.9157,10.0,4.5,mb,"211 km E of Lospalos, Timor Leste"
2025-03-16T00:16:08.395Z,-27.6058,-66.0228,10.0,4.5,mb,"29 km E of Andalgalá, Argentina"
2025-03-15T23:08:29.976Z,-10.8104,122.2572,10.0,4.7,mb,"87 km W of Baa, Indonesia"
2025-03-15T22:20:16.294Z,0.3839,122.116,143.066,4.5,mb,"106 km W of Gorontalo, Indonesia"
2025-03-15T21:56:48.173Z,-13.6407,173.0381,633.722,4.7,mb,Fiji region
2025-03-15T19:50:28.591Z,8.9937,126.4886,47.557,4.5,mb,"22 km ENE of Aras-asan, Philippines"
2025-03-15T17:53:14.898Z,-9.874,160.7151,15.844,4.7,mb,"97 km ESE of Honiara, Solomon Islands"
2025-03-15T16:28:36.764Z,-6.0962,147.5529,56.75,5.0,mb,"60 km NNW of Finschhafen, Papua New Guinea"
2025-03-15T16:03:12.611Z,-18.529,176.6469,10.0,4.5,mb,"100 km WSW of Sigatoka, Fiji"
2025-03-15T15:00:43.204Z,-30.3533,-177.8489,10.0,4.5,mb,"Kermadec Islands, New Zealand"
2025-03-15T14:09:41.952Z,-24.1412,-67.4669,192.792,4.5,mb,"116 km W of San Antonio de los Cobres, Argentina"
2025-03-15T13:50:06.450Z,42.8594,141.9391,143.075,4.5,mb,"9 km ENE of Abira, Japan"
2025-03-15T13:02:32.100Z,-35.5357,-105.2302,10.0,4.6,mb,southern East Pacific Rise
2025-03-15T12:20:30.481Z,-35.9616,-101.9229,10.0,4.6,mb,southeast of Easter Island
2025-03-15T09:19:12.076Z,6.6997,-73.1497,160.676,4.5,mb,"4 km NE of Villanueva, Colombia"
2025-03-15T05:39:52.244Z,18.9093,145.7096,175.954,4.6,mb,"Pagan region, Northern Mariana Islands"
2025-03-15T05:11:13.830Z,16.8428,-85.7957,10.0,4.8,mww,"43 km N of Savannah Bight, Honduras"
2025-03-15T03:36:38.701Z,-21.8461,-68.4767,118.278,4.6,mwr,"72 km SSW of Ollagüe, Chile"
2025-03-15T03:19:27.274Z,17.3361,-97.4253,62.0,5.6,mww,"5 km W of San Pedro Tidaá, Mexico"
2025-03-14T23:55:10.230Z,-7.3512,106.0989,49.149,4.9,mww,"64 km SW of Pelabuhanratu, Indonesia"
2025-03-14T23:42:32.269Z,-55.8177,-27.07,13.0,5.9,mww,South Sandwich Islands region
2025-03-14T19:50:24.303Z,-53.0389,140.3903,10.0,4.8,mww,west of Macquarie Island
2025-03-14T19:37:15.436Z,41.9796,15.4373,9.637,5.0,mww,"14 km NNE of Lesina, Italy"
2025-03-14T18:26:44.127Z,49.9782,-28.8327,10.0,4.5,mb,northern Mid-Atlantic Ridge
2025-03-14T16:37:42.071Z,34.9351,23.6587,10.0,4.5,mb,"32 km S of Palaióchora, Greece"
2025-03-14T16:31:59.649Z,-46.909,32.7312,10.0,4.5,mb,Prince Edward Islands region
2025-03-14T16:29:03.966Z,20.8877,121.0581,10.0,4.5,mb,"106 km WNW of Basco, Philippines"
2025-03-14T15:40:04.370Z,34.2762,25.3062,36.531,4.7,mwr,"82 km S of Pýrgos, Greece"
2025-03-14T15:03:25.802Z,-33.2237,-178.9561,35.0,4.5,mb,south of the Kermadec Islands
2025-03-14T13:25:14.126Z,-18.0354,34.7385,10.0,4.5,mb,"135 km SSW of Nsanje, Malawi"
2025-03-14T12:29:11.124Z,3.5606,127.3263,33.583,4.5,mb,"216 km NNW of Tobelo, Indonesia"
2025-03-14T11:13:32.449Z,1.1243,120.2572,27.644,5.4,mww,"228 km N of Palu, Indonesia"
2025-03-14T04:11:11.698Z,52.8423,159.2677,66.758,4.8,mb,"49 km ESE of Petropavlovsk-Kamchatsky, Russia"
2025-03-14T04:04:40.421Z,-14.0067,-72.8231,91.567,4.8,mb,"15 km SSE of Circa, Peru"
2025-03-14T03:07:09.076Z,-7.9034,117.6889,10.0,4.8,mb,"60 km NNE of Pototano, Indonesia"
2025-03-14T00:11:48.874Z,-17.3339,-179.0324,553.909,4.7,mb,"192 km ENE of Levuka, Fiji"
2025-03-13T22:52:14.784Z,-31.9173,-178.7897,10.0,4.5,mb,Kermadec Islands region
2025-03-13T22:04:45.028Z,67.8223,-157.0397,3.3,4.8,mwr,"89 km NNE of Ambler, Alaska"
2025-03-13T21:20:05.314Z,33.0503,76.6596,10.0,5.1,mww,"50 km SSW of Padam, India"
2025-03-13T20:25:47.024Z,17.547,120.7124,10.0,4.6,mb,"9 km SE of Tayum, Philippines"
2025-03-13T18:53:50.264Z,43.499,146.9621,63.863,4.6,mb,"38 km SSE of Shikotan, Russia"
2025-03-13T15:45:42.430Z,-7.5368,127.7226,176.888,5.0,mww,"135 km NE of Lospalos, Timor Leste"
2025-03-13T08:51:07.640Z,-7.9251,117.6798,10.0,4.9,mb,"58 km NNE of Pototano, Indonesia"
2025-03-13T08:45:23.573Z,-61.1785,-56.4668,10.0,4.8,mb,South Shetland Islands
2025-03-13T05:09:38.116Z,23.0969,121.5318,14.692,5.2,mww,"97 km S of Hualien City, Taiwan"
2025-03-12T23:32:51.946Z,1.6571,127.1518,116.877,4.6,mb,"95 km W of Tobelo, Indonesia"
2025-03-12T21:52:02.564Z,-25.3178,-176.6009,10.0,4.6,mb,south of the Fiji Islands
2025-03-12T20:23:45.848Z,17.4238,-46.3685,10.0,4.5,mb,northern Mid-Atlantic Ridge
2025-03-12T17:29:54.269Z,67.6802,-166.9067,14.5,4.8,mww,"74 km S of Point Hope, Alaska"
2025-03-12T16:53:07.909Z,14.873,147.2645,10.0,4.6,mb,"166 km ESE of Saipan, Northern Mariana Islands"
2025-03-12T15:14:24.793Z,-8.3635,-73.9883,183.395,4.5,mb,"60 km E of San Fernando, Peru"
2025-03-12T15:09:44.490Z,8.3112,127.3806,9.0,5.5,mww,"105 km E of Barcelona, Philippines"
2025-03-12T14:20:16.662Z,36.9475,140.2939,98.684,4.5,mb,"10 km W of Hanawa, Japan"
2025-03-12T13:36:15.776Z,1.9558,127.4492,114.732,4.5,mb,"67 km WNW of Tobelo, Indonesia"
2025-03-12T12:51:32.470Z,-7.219,129.1153,136.457,4.9,mww,"274 km ENE of Lospalos, Timor Leste"
2025-03-12T12:08:09.430Z,-59.3111,-60.3713,10.0,4.6,mb,Drake Passage
2025-03-12T10:55:30.676Z,-4.7608,133.5903,10.0,4.6,mb,"133 km NE of Tual, Indonesia"
2025-03-12T10:02:21.672Z,6.9012,92.4701,10.0,4.8,mb,"Nicobar Islands, India region"
2025-03-12T05:42:11.676Z,6.9701,92.5548,23.0,6.0,mww,"Nicobar Islands, India region"
2025-03-12T02:45:20.830Z,-21.6192,169.4719,10.0,4.7,mb,"165 km E of Tadine, New Caledonia"
2025-03-11T18:03:21.423Z,37.2735,44.0302,10.0,4.6,mww,"37 km E of Çukurca, Turkey"
2025-03-11T14:58:53.760Z,1.6397,126.6806,50.314,4.9,mb,"122 km NW of Ternate, Indonesia"
2025-03-11T14:08:08.434Z,-10.479,-70.6352,648.298,5.6,mww,"126 km WNW of Iñapari, Peru"
2025-03-11T13:24:58.331Z,-16.4522,178.1851,10.0,4.7,mb,"125 km W of Labasa, Fiji"
2025-03-11T10:10:08.859Z,-6.8532,129.668,172.378,4.5,mb,Banda Sea
2025-03-11T08:32:13.466Z,11.4145,-81.6185,10.0,5.4,mww,Western Caribbean Sea
2025-03-11T08:14:36.230Z,37.4939,-25.1323,10.0,5.1,mww,"30 km SSE of Povoação, Portugal"
2025-03-11T07:26:25.431Z,-57.429,-26.2008,86.164,4.5,mb,South Sandwich Islands region
2025-03-11T06:25:06.943Z,11.3909,125.6842,41.345,4.5,mb,"10 km NE of Hernani, Philippines"
2025-03-11T02:58:15.004Z,-23.7879,-179.8739,516.138,4.7,mb,south of the Fiji Islands
2025-03-11T02:41:24.083Z,42.5216,143.9728,75.882,4.8,mb,"41 km SE of Honchō, Japan"
2025-03-11T02:28:10.943Z,-22.8133,-63.7787,530.579,4.7,mb,"24 km S of General Mosconi, Argentina"
2025-03-11T02:10:46.379Z,28.7976,130.2951,28.76,5.1,mww,"78 km ENE of Tatsugō, Japan"
2025-03-11T00:26:50.088Z,28.7973,130.2009,43.999,4.7,mb,"70 km ENE of Tatsugō, Japan"
2025-03-10T23:04:19.381Z,27.1732,128.2254,58.954,4.5,mb,"30 km NE of Iheya, Japan"
2025-03-10T22:56:57.473Z,-11.9773,-13.3492,10.0,4.6,mb,Ascension Island region
2025-03-10T22:53:13.832Z,-24.1022,-66.886,181.984,4.8,mb,"59 km WNW of San Antonio de los Cobres, Argentina"
2025-03-10T22:30:34.276Z,-19.9855,-177.6087,403.651,4.7,mb,"273 km WNW of Houma, Tonga"
2025-03-10T22:15:19.718Z,-11.6139,-13.1369,10.0,5.0,mb,Ascension Island region
2025-03-10T20:21:52.313Z,-12.0473,-13.3459,10.0,4.6,mb,southern Mid-Atlantic Ridge
2025-03-10T19:55:17.307Z,-21.427,169.473,10.0,4.5,mb,"165 km E of Tadine, New Caledonia"
2025-03-10T19:21:32.362Z,-16.4478,-174.5317,147.523,4.5,mb,"95 km SW of Hihifo, Tonga"
2025-03-10T18:33:56.054Z,-24.1707,-176.6297,10.0,4.6,mb,south of the Fiji Islands
2025-03-10T17:42:57.747Z,-19.1296,-174.9798,118.612,4.7,mb,"97 km NW of Fangale’ounga, Tonga"
2025-03-10T14:38:40.864Z,-54.2402,142.3647,10.0,4.6,mb,west of Macquarie Island
2025-03-10T13:46:32.047Z,12.1836,140.8336,72.113,4.6,mb,"269 km N of Fais, Micronesia"
2025-03-10T13:41:29.494Z,-49.8797,111.5963,10.0,4.5,mb,southeast Indian Ridge
2025-03-10T11:32:48.804Z,-54.1782,142.7517,10.0,4.8,mb,west of Macquarie Island
2025-03-10T10:15:06.871Z,-52.6977,25.7716,10.0,4.6,mb,south of Africa
2025-03-10T09:43:53.794Z,38.3088,142.0184,55.712,4.5,mb,"52 km ESE of Onagawa Chō, Japan"
2025-03-10T08:46:23.783Z,29.467,51.5834,10.0,4.7,mb,"18 km SSW of Kāzerūn, Iran"
2025-03-10T07:57:09.421Z,4.5564,-76.6012,122.305,4.5,mb,"11 km SSE of Sipí, Colombia"
2025-03-10T07:38:49.125Z,71.1036,-8.0295,10.0,4.6,mb,"32 km NE of Olonkinbyen, Svalbard and Jan Mayen"
2025-03-10T05:52:59.488Z,7.5899,126.6632,78.798,4.5,mb,"11 km E of Baganga, Philippines"
2025-03-10T05:04:53.262Z,-30.8579,-71.4622,59.472,4.7,mb,"38 km SW of Ovalle, Chile"
2025-03-10T04:50:56.030Z,-15.4378,167.4611,116.954,4.8,mb,"33 km ENE of Luganville, Vanuatu"
2025-03-10T03:04:22.812Z,-11.5674,-13.1405,10.0,4.6,mb,Ascension Island region
2025-03-10T02:33:14.609Z,71.176,-8.1733,10.0,6.5,mww,"34 km NE of Olonkinbyen, Svalbard and Jan Mayen"
2025-03-10T00:51:37.846Z,43.5016,139.731,203.556,4.8,mb,"77 km WNW of Furubira, Japan"
2025-03-09T23:49:16.217Z,-8.3744,123.0336,173.2,4.5,mb,"94 km ENE of Maumere, Indonesia"
2025-03-09T22:04:16.648Z,-5.5825,147.4969,188.448,4.5,mb,"114 km NNW of Finschhafen, Papua New Guinea"
2025-03-09T21:59:11.627Z,-15.8213,-69.573,259.892,4.5,mb,"13 km ESE of Taquile, Peru"
2025-03-09T19:38:41.968Z,-16.8068,44.1831,10.0,4.6,mb,"126 km WNW of Mahabe, Madagascar"
2025-03-09T18:39:27.896Z,-20.9692,-174.3901,10.0,4.9,mb,"71 km NE of ‘Ohonua, Tonga"
2025-03-09T18:29:21.184Z,-2.729,101.1611,49.739,4.5,mb,"78 km SSW of Sungai Penuh, Indonesia"
2025-03-09T16:16:47.619Z,28.4872,143.0513,10.0,4.5,mb,"Bonin Islands, Japan region"
2025-03-09T15:24:28.940Z,5.9994,126.7244,40.252,4.7,mb,"72 km ESE of Pondaguitan, Philippines"
2025-03-09T09:46:45.324Z,8.9593,126.1887,73.035,4.7,mb,"5 km SSE of Gamut, Philippines"
2025-03-09T08:06:32.935Z,-17.9698,-70.0764,107.738,4.7,mb,"12 km ESE of Calana, Peru"
2025-03-09T05:57:57.426Z,28.7107,130.1682,35.668,5.2,mb,"62 km ENE of Tatsugō, Japan"
2025-03-09T05:16:39.592Z,-61.4813,153.9598,10.0,5.4,mww,Balleny Islands region
2025-03-09T04:31:11.267Z,-9.3976,117.7225,78.654,4.8,mb,"105 km SSE of Sumbawa Besar, Indonesia"
2025-03-09T04:24:23.513Z,28.7208,130.0465,35.0,5.0,mww,"52 km NE of Tatsugō, Japan"
2025-03-09T04:20:52.744Z,28.6978,130.1775,27.127,4.9,mb,"62 km ENE of Tatsugō, Japan"
2025-03-09T04:14:15.899Z,-16.153,-173.4063,35.0,4.5,mb,"47 km ESE of Hihifo, Tonga"
2025-03-09T03:34:20.368Z,-36.4065,-99.1961,10.0,4.9,mb,southeast of Easter Island
2025-03-09T01:07:15.918Z,13.6799,120.5745,104.213,4.5,mb,"17 km SSW of Calatagan, Philippines"
2025-03-09T00:18:34.173Z,17.4096,120.6794,10.0,4.5,mb,"3 km W of San Ramon, Philippines"
2025-03-09T00:13:06.834Z,37.5603,21.8,14.538,4.9,mww,"15 km ENE of Zacháro, Greece"
2025-03-09T00:09:19.572Z,28.6359,130.1511,36.284,4.7,mb,"57 km ENE of Tatsugō, Japan"
2025-03-08T23:42:55.012Z,28.7303,130.2922,26.0,5.7,mww,"74 km ENE of Tatsugō, Japan"
2025-03-08T20:02:05.394Z,0.4122,124.9497,10.0,4.5,mb,"57 km E of Modisi, Indonesia"
2025-03-08T19:37:19.331Z,3.0408,126.9306,88.174,4.6,mb,"188 km NW of Tobelo, Indonesia"
2025-03-08T19:06:40.805Z,-22.8943,-175.0395,10.0,4.5,mb,"172 km S of ‘Ohonua, Tonga"
2025-03-08T19:03:08.272Z,24.627,122.1831,10.0,4.5,mb,"45 km ESE of Yilan, Taiwan"
2025-03-08T18:57:13.620Z,28.6867,130.2581,24.816,4.8,mb,"69 km ENE of Tatsugō, Japan"
2025-03-08T18:54:04.724Z,28.6865,130.192,24.0,5.7,mww,"63 km ENE of Tatsugō, Japan"
2025-03-08T18:42:33.803Z,27.3331,54.9795,10.0,4.6,mb,"86 km N of Bandar-e Lengeh, Iran"
2025-03-08T08:56:49.085Z,-6.6145,129.9492,172.487,4.9,mb,Banda Sea
2025-03-08T08:50:17.952Z,28.5719,87.5508,10.0,5.0,mww,"100 km NE of Lobuche, Nepal"
2025-03-08T08:38:27.061Z,-3.1475,126.2426,10.826,4.5,mb,"123 km SSE of Sanana, Indonesia"
2025-03-08T07:12:17.150Z,40.2125,142.2891,57.12,5.2,mww,"41 km ENE of Noda, Japan"
2025-03-08T05:37:41.913Z,-1.3443,-77.5464,191.941,5.3,mww,"48 km SE of Tena, Ecuador"
2025-03-08T03:29:33.616Z,47.1079,85.5014,10.0,4.5,mb,"62 km SE of Zaysan, Kazakhstan"
2025-03-08T00:13:31.223Z,-17.6306,-69.6521,152.365,4.7,mb,"36 km ENE of Palca, Peru"
2025-03-07T22:50:15.350Z,-21.2694,33.117,10.0,4.5,mb,"130 km SSE of Chipinge, Zimbabwe"
2025-03-07T20:45:59.563Z,-46.5453,96.2623,10.0,5.2,mww,southeast Indian Ridge
2025-03-07T19:35:43.266Z,-61.0777,159.6326,10.0,4.9,mww,Balleny Islands region
2025-03-07T16:53:59.992Z,7.4935,124.7296,10.0,4.8,mb,"0 km ENE of Banisilan, Philippines"
2025-03-07T14:57:39.001Z,-20.6983,169.345,55.253,4.6,mb,"128 km S of Isangel, Vanuatu"
2025-03-07T12:42:48.302Z,5.4937,94.6405,65.385,5.0,mww,"76 km W of Banda Aceh, Indonesia"
2025-03-07T12:17:52.410Z,-14.5617,-72.0456,114.325,5.4,mww,"12 km NNW of Cayarani, Peru"
2025-03-07T08:34:03.808Z,-2.4858,121.0319,10.0,5.0,mww,"78 km E of Masamba, Indonesia"
2025-03-07T06:33:41.323Z,19.3392,145.48,168.53,4.7,mb,"Maug Islands region, Northern Mariana Islands"
2025-03-07T04:27:52.636Z,-23.8444,-66.658,187.052,4.9,mww,"53 km NW of San Antonio de los Cobres, Argentina"
2025-03-06T22:42:40.348Z,59.8163,-152.9544,104.2,4.5,mwr,"63 km W of Anchor Point, Alaska"
2025-03-06T19:56:08.244Z,11.5055,-87.3594,28.947,4.6,mb,"97 km WSW of Masachapa, Nicaragua"
2025-03-06T19:30:22.565Z,-3.4468,131.0268,10.0,4.6,mb,"152 km WSW of Fakfak, Indonesia"
2025-03-06T16:21:39.333Z,-23.3399,-69.0636,96.0,6.0,mww,"98 km S of Calama, Chile"
2025-03-06T15:31:56.411Z,48.2685,150.6034,292.687,4.7,mb,northwest of the Kuril Islands
2025-03-06T13:40:25.416Z,7.5657,124.8748,14.142,4.6,mb,"5 km SW of Kadingilan, Philippines"
2025-03-06T13:20:54.793Z,-40.7081,174.2494,75.012,4.6,mb,"64 km NNE of Waikawa, New Zealand"
2025-03-06T12:40:31.730Z,45.508,151.3579,69.711,4.5,mb,"274 km E of Kuril’sk, Russia"
2025-03-06T12:35:06.301Z,-3.3779,68.2851,10.0,4.5,mb,Chagos Archipelago region
2025-03-06T02:59:58.374Z,-5.7903,-109.3245,10.0,4.7,mb,central East Pacific Rise
2025-03-06T00:16:28.836Z,-5.0872,68.5939,10.0,5.1,mww,Chagos Archipelago region
2025-03-05T20:13:08.429Z,2.3317,-98.7959,10.0,5.3,mww,west of the Galapagos Islands
2025-03-05T18:05:02.737Z,-12.8503,166.7919,109.509,5.0,mww,"140 km NW of Sola, Vanuatu"
2025-03-05T15:51:02.696Z,17.3961,-83.2997,10.0,4.6,mb,"205 km NNE of Barra Patuca, Honduras"
2025-03-05T13:27:39.381Z,23.1456,120.4964,17.747,4.7,mww,"4 km ENE of Yujing, Taiwan"
2025-03-05T12:06:32.073Z,43.6416,147.5158,85.846,4.5,mb,"66 km ESE of Shikotan, Russia"
2025-03-05T11:29:00.613Z,10.8002,-62.7577,10.0,4.5,mb,"26 km NNE of Yaguaraparo, Venezuela"
2025-03-05T10:53:37.977Z,42.0037,82.67,10.0,4.9,mb,"38 km NW of Kuqa, China"
2025-03-05T10:01:59.466Z,-31.5462,-71.4709,49.791,4.8,mwr,"30 km WNW of Illapel, Chile"
2025-03-05T09:43:12.169Z,15.6001,-95.0945,28.681,5.5,mww,"60 km SSE of Santa Gertrudis Miramar, Mexico"
2025-03-05T07:36:37.411Z,-7.9498,-74.4115,153.628,4.5,mb,"50 km NNE of Pucallpa, Peru"
2025-03-05T05:36:35.568Z,24.5491,94.6954,88.157,5.4,mww,"64 km E of Wāngjing, India"
2025-03-05T04:25:46.731Z,-22.5894,170.6759,10.0,4.5,mb,southeast of the Loyalty Islands
2025-03-04T23:27:00.495Z,71.3523,-8.3478,10.0,4.5,mb,"49 km NNE of Olonkinbyen, Svalbard and Jan Mayen"
2025-03-04T22:24:05.473Z,16.7654,95.7014,10.0,4.7,mwr,"6 km NE of Maubin, Burma (Myanmar)"
2025-03-04T22:06:43.695Z,16.9032,95.623,10.0,5.1,mww,"15 km S of Nyaungdon, Burma (Myanmar)"
2025-03-04T21:01:10.501Z,-59.4285,-25.6622,35.0,4.8,mb,South Sandwich Islands region
2025-03-04T20:49:00.549Z,26.1714,125.9761,96.94,4.5,mb,"165 km NNE of Hirara, Japan"
2025-03-04T16:48:35.696Z,52.4156,169.9051,10.0,4.7,mb,"227 km WSW of Attu Station, Alaska"
2025-03-04T14:45:09.163Z,-6.1174,148.2178,60.925,4.5,mb,"63 km NE of Finschhafen, Papua New Guinea"
2025-03-04T12:22:25.108Z,-20.3937,66.7571,10.0,4.5,mb,Mauritius - Reunion region
2025-03-04T11:18:39.000Z,-31.56,-178.6385,70.281,4.6,mb,Kermadec Islands region
2025-03-04T09:47:59.344Z,20.9627,145.7172,34.998,4.7,mb,"Maug Islands region, Northern Mariana Islands"
2025-03-04T09:42:41.416Z,-31.233,-177.7228,10.0,4.5,mb,Kermadec Islands region
2025-03-04T07:07:43.154Z,-9.878,160.7833,10.0,5.1,mww,"103 km ESE of Honiara, Solomon Islands"
2025-03-04T06:32:57.631Z,-4.852,153.096,46.862,4.5,mb,"107 km ESE of Kokopo, Papua New Guinea"
2025-03-04T05:45:28.155Z,-1.3132,-15.3728,10.0,4.9,mb,north of Ascension Island
2025-03-04T05:21:42.539Z,-32.8381,179.9061,10.0,4.6,mb,south of the Kermadec Islands
2025-03-04T05:00:05.716Z,2.5338,128.8163,39.774,4.5,mb,"126 km NE of Tobelo, Indonesia"
2025-03-04T04:52:34.912Z,3.3708,-31.4191,10.0,4.5,mb,central Mid-Atlantic Ridge
2025-03-04T03:20:13.493Z,-57.2885,147.3275,10.0,4.5,mb,west of Macquarie Island
2025-03-04T01:42:22.745Z,6.7213,125.1352,17.179,5.0,mww,"7 km SW of Magsaysay, Philippines"
2025-03-03T22:44:38.283Z,15.9224,-60.9354,37.66,4.5,mwr,"40 km E of Grand-Bourg, Guadeloupe"
2025-03-03T20:08:20.154Z,13.0609,143.3602,220.906,4.5,mb,"143 km W of Umatac Village, Guam"
2025-03-03T17:39:07.829Z,-22.5048,-114.4281,10.0,4.5,mb,Easter Island region
2025-03-03T15:40:36.720Z,12.6846,146.2399,10.0,5.1,mb,"174 km ESE of Yigo Village, Guam"
2025-03-03T15:20:57.449Z,-9.8638,118.5771,33.349,4.7,mb,"87 km WSW of Tambolaka, Indonesia"
2025-03-03T15:18:32.869Z,-12.4827,-77.2118,47.341,4.6,mb,"44 km SSW of Santiago de Surco, Peru"
2025-03-03T15:18:05.331Z,11.0977,-86.9358,10.0,4.6,mb,"89 km SSW of Masachapa, Nicaragua"
2025-03-03T13:02:37.850Z,48.611166666667,-122.80516666667,15.81,4.5,ml,"2025 Orcas Island, Washington"
2025-03-03T12:56:57.094Z,2.3326,128.9049,10.0,4.5,mb,"119 km NE of Tobelo, Indonesia"
2025-03-03T12:34:35.368Z,2.3395,128.9054,10.0,4.5,mb,"120 km NE of Tobelo, Indonesia"
2025-03-03T11:47:52.605Z,-7.0486,129.6173,107.137,4.5,mb,"Kepulauan Babar, Indonesia"
2025-03-03T11:01:51.803Z,11.0844,-86.9761,10.0,4.9,mb,"92 km SSW of Masachapa, Nicaragua"
2025-03-03T10:54:39.626Z,-4.3135,126.7841,10.0,4.7,mb,"169 km WSW of Ambon, Indonesia"
2025-03-03T10:25:28.644Z,-16.7565,-177.364,413.683,5.4,mww,"282 km SSE of Alo, Wallis and Futuna"
2025-03-03T09:30:08.269Z,-16.7402,-69.6685,163.009,4.6,mb,"5 km E of Mazo Cruz, Peru"
2025-03-03T06:50:48.175Z,-46.4808,105.3065,10.0,4.9,mb,southeast Indian Ridge
2025-03-03T06:25:34.143Z,27.3373,61.0748,32.943,5.2,mb,"41 km ENE of Iranshahr, Iran"
2025-03-03T05:57:27.777Z,-23.4744,-175.4611,35.0,4.7,mb,"241 km SSW of ‘Ohonua, Tonga"
2025-03-03T04:47:59.595Z,-24.9814,-179.7346,478.487,4.6,mb,south of the Fiji Islands
2025-03-03T04:40:34.305Z,-22.7866,-66.951,200.505,4.6,mb,"129 km W of Abra Pampa, Argentina"
2025-03-03T04:37:39.749Z,14.0116,40.0091,9.455,4.5,mb,"65 km ESE of Ādīgrat, Ethiopia"
2025-03-03T03:50:59.761Z,36.3861,139.15,148.482,4.5,mb,"6 km ESE of Maebashi, Japan"
2025-03-03T03:47:29.740Z,-4.9745,68.4585,10.0,4.7,mb,Chagos Archipelago region
2025-03-03T03:33:03.313Z,16.3701,95.6877,10.0,4.5,mb,"9 km SSW of Kyaiklat, Burma (Myanmar)"
2025-03-03T01:05:56.758Z,-4.8894,68.6672,10.0,4.5,mb,Chagos Archipelago region
2025-03-02T22:47:05.243Z,52.7927,-35.033,10.0,4.6,mb,Reykjanes Ridge
2025-03-02T22:23:18.415Z,-20.701,-69.5885,89.351,4.6,mb,"41 km S of La Tirana, Chile"
2025-03-02T21:11:46.579Z,16.2002,119.2791,10.0,4.6,mb,"53 km W of Macabuboni, Philippines"
2025-03-02T20:24:29.042Z,-3.5372,129.4944,16.17,4.6,mb,"64 km ESE of Masohi, Indonesia"
2025-03-02T18:42:09.427Z,-3.5151,129.4579,28.891,5.2,mww,"59 km ESE of Masohi, Indonesia"
2025-03-02T17:17:32.968Z,51.2508,-170.058,10.0,4.6,mb,"204 km SSW of Nikolski, Alaska"
2025-03-02T16:07:44.638Z,0.437,124.9191,10.0,4.7,mb,"53 km E of Modisi, Indonesia"
2025-03-02T14:20:51.574Z,-10.3596,66.1162,10.0,4.5,mb,Mid-Indian Ridge
2025-03-02T14:16:58.339Z,-10.2343,66.062,10.0,5.3,mww,Mid-Indian Ridge
2025-03-02T12:40:21.670Z,19.4435,-67.869,7.0,4.52,md,"110 km NNE of Punta Cana, Dominican Republic"
2025-03-02T12:26:37.915Z,0.6365,126.8249,34.779,4.9,mb,"64 km WSW of Ternate, Indonesia"
2025-03-02T08:14:58.082Z,14.1721,39.9337,10.0,5.2,mww,"52 km ESE of Ādīgrat, Ethiopia"
2025-03-02T08:11:41.425Z,0.2381,121.9403,189.655,4.5,mb,"129 km WSW of Gorontalo, Indonesia"
2025-03-02T06:23:30.495Z,28.3051,104.8514,10.0,4.6,mb,"19 km W of Bowangshan, China"
2025-03-02T03:45:44.281Z,16.0337,-94.9161,60.053,4.8,mww,"20 km SSE of San Mateo del Mar, Mexico"
2025-03-02T02:35:19.447Z,-22.5369,-12.7816,10.0,4.7,mb,southern Mid-Atlantic Ridge
2025-03-02T02:25:32.271Z,-17.4963,-173.4926,35.0,4.5,mb,"138 km NNE of Neiafu, Tonga"
2025-03-01T23:52:24.769Z,-22.133,-179.552,590.686,4.8,mb,south of the Fiji Islands
2025-03-01T23:42:30.529Z,-29.3998,-177.3562,51.427,5.2,mb,"Kermadec Islands, New Zealand"
2025-03-01T23:38:35.175Z,-24.5424,-177.1004,131.247,4.5,mb,south of the Fiji Islands
2025-03-01T23:29:48.807Z,-17.7349,-174.3905,10.0,4.5,mb,"110 km NNW of Neiafu, Tonga"
2025-03-01T22:52:54.457Z,-30.2529,-177.9891,47.141,4.6,mb,"Kermadec Islands, New Zealand"
2025-03-01T22:39:57.587Z,-59.3882,149.3138,10.0,4.6,mb,west of Macquarie Island
2025-03-01T22:33:21.099Z,3.3123,-31.388,10.0,4.8,mb,central Mid-Atlantic Ridge
2025-03-01T20:21:58.070Z,-8.3964,119.8246,174.098,4.5,mb,"13 km NNW of Labuan Bajo, Indonesia"
2025-03-01T20:02:13.364Z,13.4753,145.5991,65.557,5.3,mww,"77 km E of Yigo Village, Guam"
2025-03-01T19:56:38.689Z,-10.2258,161.2353,73.75,4.5,mb,"79 km WNW of Kirakira, Solomon Islands"
2025-03-01T17:14:34.677Z,16.9259,146.1337,89.964,4.9,mww,"193 km NNE of Saipan, Northern Mariana Islands"
2025-03-01T16:25:38.993Z,-5.4515,133.581,10.0,4.5,mb,"93 km ENE of Tual, Indonesia"
2025-03-01T13:59:51.898Z,7.867,126.7422,17.616,5.0,mb,"28 km NE of Kinablangan, Philippines"
2025-03-01T13:17:03.852Z,38.1696,141.7537,66.974,4.5,mb,"40 km SE of Onagawa Chō, Japan"
2025-03-01T12:12:40.969Z,-56.0625,-27.0398,93.568,4.5,mb,South Sandwich Islands region
2025-03-01T10:52:30.749Z,-33.6568,-178.4563,10.0,4.7,mb,south of the Kermadec Islands
2025-03-01T09:38:49.850Z,2.871,-79.4812,10.0,5.0,mww,"121 km WNW of Mosquera, Colombia"
2025-03-01T06:47:43.954Z,8.8699,122.5991,10.0,4.6,mb,"44 km WSW of Cabangahan, Philippines"
2025-03-01T00:39:54.585Z,80.7069,-107.5679,10.0,4.7,mb,Arctic Ocean
2025-02-28T23:27:01.844Z,-15.4631,-173.1991,10.0,4.6,mb,"83 km NE of Hihifo, Tonga"
2025-02-28T21:58:38.554Z,-6.0227,130.652,126.0,5.6,mww,"236 km W of Tual, Indonesia"
2025-02-28T21:00:29.234Z,10.8559,125.5268,10.0,4.6,mb,"28 km SW of Guiuan, Philippines"
2025-02-28T20:18:57.609Z,-35.0357,-111.3815,10.0,4.5,mb,southern East Pacific Rise
2025-02-28T19:39:28.430Z,18.2972,-99.3687,65.162,5.0,mww,"3 km NE of Pololcingo, Mexico"
2025-02-28T19:33:24.297Z,32.37,-101.926,6.8115,4.8,ml,"26 km SW of Ackerly, Texas"
2025-02-28T18:37:09.460Z,-34.6135,54.0387,10.0,4.7,mb,Southwest Indian Ridge
2025-02-28T16:25:11.126Z,-42.6731,-83.3087,10.0,4.9,mb,West Chile Rise
2025-02-28T16:22:28.837Z,8.0759,-38.4266,10.0,4.6,mb,central Mid-Atlantic Ridge
2025-02-28T16:11:33.390Z,73.1535,132.7832,10.0,5.0,mww,"209 km NE of Tiksi, Russia"
2025-02-28T14:41:04.715Z,23.5668,142.865,48.833,4.5,mb,"Volcano Islands, Japan region"
2025-02-28T13:19:11.423Z,8.7999,-40.4444,10.0,4.6,mb,central Mid-Atlantic Ridge
2025-02-28T13:12:51.017Z,-23.1374,-179.8688,552.702,4.6,mb,south of the Fiji Islands
2025-02-28T10:01:51.578Z,0.2172,124.7947,10.0,4.6,mb,"47 km ESE of Modisi, Indonesia"
2025-02-28T03:27:09.410Z,19.8706,121.2882,40.006,4.5,mb,"95 km SW of Basco, Philippines"
2025-02-28T00:54:30.552Z,-23.7595,-175.1757,21.009,5.0,mb,"268 km S of ‘Ohonua, Tonga"
2025-02-27T21:48:30.311Z,52.2653,-176.1708,133.278,5.0,mww,"53 km NE of Adak, Alaska"
2025-02-27T21:27:46.217Z,-21.4316,171.4895,10.0,4.9,mww,southeast of the Loyalty Islands
2025-02-27T21:06:10.378Z,27.8626,85.9232,10.0,5.0,mww,"11 km SSW of Kodāri̇̄, Nepal"
2025-02-27T20:00:42.833Z,-52.4943,26.1056,10.0,5.2,mww,south of Africa
2025-02-27T15:52:59.695Z,-8.368,120.7421,179.609,4.9,mww,"40 km NE of Ruteng, Indonesia"
2025-02-27T15:30:42.492Z,3.6796,127.8669,57.963,4.6,mb,"216 km N of Tobelo, Indonesia"
2025-02-27T14:54:37.206Z,-58.0333,-10.3519,10.0,5.4,mww,east of the South Sandwich Islands
2025-02-27T13:26:38.910Z,10.8666,57.4771,10.0,4.9,mb,Carlsberg Ridge
2025-02-27T10:23:24.441Z,12.5155,-89.7936,10.881,4.5,mb,"119 km SSW of La Libertad, El Salvador"
2025-02-27T08:27:48.005Z,9.2088,40.2896,10.0,4.7,mb,"28 km NNE of Āwash, Ethiopia"
2025-02-27T08:19:57.736Z,51.4848,16.0939,2.5,4.7,mb,"2 km SE of Polkowice, Poland"
2025-02-27T07:26:59.141Z,41.9885,82.664,10.0,4.6,mb,"37 km NW of Kuqa, China"
2025-02-27T06:45:10.556Z,-56.2568,-27.308,121.571,4.8,mb,South Sandwich Islands region
2025-02-27T05:58:14.705Z,-31.0613,-177.7133,10.0,5.0,mb,Kermadec Islands region
2025-02-27T02:19:42.266Z,-6.9258,130.3323,62.561,4.5,mb,Banda Sea
2025-02-27T01:30:29.817Z,-14.5518,-77.241,10.0,4.6,mb,"129 km SW of Paracas, Peru"
2025-02-27T01:11:48.864Z,-18.5825,-177.758,565.968,4.5,mb,Fiji region
2025-02-27T01:08:54.849Z,0.3726,124.9597,10.0,4.6,mb,"58 km E of Modisi, Indonesia"
2025-02-27T00:27:23.410Z,-37.1523,178.1478,80.516,4.7,mb,"51 km NNW of Hicks Bay, New Zealand"
2025-02-26T22:46:23.037Z,-36.2279,-99.8654,10.0,5.1,mww,southeast of Easter Island
2025-02-26T20:55:36.821Z,26.3002,92.3408,10.0,5.3,mb,"5 km N of Morigaon, India"
2025-02-26T18:11:21.714Z,38.6421,15.3939,188.373,4.5,mb,"39 km W of San Nicolò, Italy"
2025-02-26T18:07:43.090Z,55.5816,164.4883,10.0,4.6,mb,"144 km ESE of Ust’-Kamchatsk Staryy, Russia"
2025-02-26T17:41:56.736Z,-23.2009,-175.5825,35.0,4.5,mb,"215 km SSW of ‘Ohonua, Tonga"
2025-02-26T17:35:00.362Z,1.3287,126.3181,46.136,4.9,mb,"132 km WNW of Ternate, Indonesia"
2025-02-26T16:15:29.941Z,55.4821,164.5402,8.142,5.8,mww,"153 km ESE of Ust’-Kamchatsk Staryy, Russia"
2025-02-26T14:54:05.191Z,-23.7601,-174.8462,10.0,4.8,mb,"268 km S of ‘Ohonua, Tonga"
2025-02-26T14:33:28.126Z,0.4259,124.8982,10.0,4.7,mb,"51 km E of Modisi, Indonesia"
2025-02-26T13:49:02.765Z,30.6656,142.1625,10.0,4.5,mb,"Izu Islands, Japan region"
2025-02-26T13:15:03.098Z,0.3704,124.9064,10.0,4.8,mww,"53 km E of Modisi, Indonesia"
2025-02-26T11:48:50.309Z,0.38,124.9575,10.0,4.9,mb,"58 km E of Modisi, Indonesia"
2025-02-26T11:22:04.897Z,32.3029,49.7207,10.0,4.8,mb,"56 km NE of Masjed Soleymān, Iran"
2025-02-26T10:17:30.544Z,0.3218,124.9354,9.106,4.7,mb,"57 km ESE of Modisi, Indonesia"
2025-02-26T09:04:26.329Z,0.3889,124.9479,10.0,4.9,mb,"57 km E of Modisi, Indonesia"
2025-02-26T08:56:51.128Z,0.2983,124.9255,10.0,5.0,mb,"56 km ESE of Modisi, Indonesia"
2025-02-26T07:55:59.221Z,0.4259,124.9175,10.0,4.9,mb,"53 km E of Modisi, Indonesia"
2025-02-26T06:34:09.726Z,62.176,171.0566,10.0,4.7,mb,"Chukotskiy Avtonomnyy Okrug, Russia"
2025-02-26T05:53:24.392Z,33.6039,136.3654,388.0,5.8,mww,"38 km ESE of Shingū, Japan"
2025-02-26T03:10:21.230Z,0.2501,124.9823,10.0,4.6,mb,"64 km ESE of Modisi, Indonesia"
2025-02-26T01:29:23.245Z,0.5545,124.8129,10.0,4.5,mb,"43 km ENE of Modisi, Indonesia"
2025-02-25T23:22:53.423Z,40.0125,142.6581,35.0,4.5,mb,"72 km E of Noda, Japan"
2025-02-25T23:11:13.032Z,0.198,124.8272,13.642,4.9,mb,"51 km ESE of Modisi, Indonesia"
2025-02-25T22:55:45.917Z,0.3994,124.8407,21.726,6.1,mww,"45 km E of Modisi, Indonesia"
2025-02-25T21:55:04.445Z,-56.0397,-144.6701,10.0,4.9,mb,Pacific-Antarctic Ridge
2025-02-25T21:30:58.422Z,-59.4601,-26.0481,51.021,4.5,mb,South Sandwich Islands region
2025-02-25T21:10:34.266Z,-27.5244,-69.6524,112.172,4.5,mb,"69 km ESE of Copiapó, Chile"
2025-02-25T20:41:15.255Z,-33.3259,-72.9705,10.0,4.6,mb,"129 km WSW of Valparaíso, Chile"
2025-02-25T18:13:49.712Z,2.9535,126.5765,47.046,5.1,mb,"209 km NW of Tobelo, Indonesia"
2025-02-25T17:20:15.567Z,-7.0292,130.0748,120.969,4.5,mb,"Pulau Pulau Tanimbar, Indonesia"
2025-02-25T15:59:39.779Z,2.7999,125.6199,138.561,4.9,mww,"159 km NNE of Bitung, Indonesia"
2025-02-25T13:39:34.099Z,-22.3843,-179.638,578.306,5.2,mww,south of the Fiji Islands
2025-02-25T13:30:48.673Z,-23.1573,-175.5185,35.0,4.8,mb,"209 km SSW of ‘Ohonua, Tonga"
2025-02-25T12:50:10.645Z,36.0069,140.3225,96.097,4.5,mb,"5 km N of Inashiki, Japan"
2025-02-25T10:25:00.719Z,-11.1402,-74.5607,10.0,4.6,mb,"15 km NE of Satipo, Peru"
2025-02-25T05:48:55.100Z,19.4565,-68.0846,46.0,5.85,ml,"102 km NNE of Punta Cana, Dominican Republic"
2025-02-25T05:41:00.002Z,-12.0643,-71.5358,10.0,4.6,mb,"87 km NNW of Salvación, Peru"
2025-02-25T05:37:28.702Z,50.4881,-130.0453,10.0,5.2,mww,"210 km W of Port McNeill, Canada"
2025-02-25T04:25:12.085Z,-3.8945,143.0946,35.0,4.6,mb,"47 km NE of Ambunti, Papua New Guinea"
2025-02-25T03:07:59.755Z,-6.5224,102.2791,10.0,4.7,mb,"296 km SSW of Pagar Alam, Indonesia"
2025-02-25T01:49:35.645Z,-32.7332,-178.3162,10.0,4.7,mb,south of the Kermadec Islands
2025-02-25T00:40:20.779Z,19.2977,88.4613,10.0,5.1,mww,"224 km ESE of Parādīp Garh, India"
2025-02-24T20:32:08.733Z,-15.0424,-177.3179,364.024,4.6,mb,"117 km SE of Alo, Wallis and Futuna"
2025-02-24T20:08:37.428Z,17.5702,-82.7176,10.0,5.4,mww,"237 km SW of George Town, Cayman Islands"
2025-02-24T19:19:12.667Z,-22.1565,-179.5147,606.869,4.6,mb,south of the Fiji Islands
2025-02-24T16:30:41.989Z,42.375,141.0834,109.599,4.6,mb,"10 km NE of Muroran, Japan"
2025-02-24T16:24:04.427Z,-23.3417,-174.6793,10.0,4.6,mb,"223 km S of ‘Ohonua, Tonga"
2025-02-24T14:46:57.001Z,-23.6596,-179.6676,539.282,4.6,mb,south of the Fiji Islands
2025-02-24T13:26:05.380Z,-5.2603,153.682,64.463,4.5,mb,"186 km ESE of Kokopo, Papua New Guinea"
2025-02-24T12:30:42.398Z,-45.6926,-77.5378,10.0,4.6,mb,"Off the coast of Aisen, Chile"
2025-02-24T12:26:00.881Z,-45.7286,-77.296,10.0,5.1,mww,"Off the coast of Aisen, Chile"
2025-02-24T12:05:58.616Z,-6.779,149.6021,10.0,4.5,mb,"63 km S of Kandrian, Papua New Guinea"
2025-02-24T11:33:07.055Z,36.6253,25.6112,10.0,4.5,mb,"27 km NE of Oía, Greece"
2025-02-24T01:14:49.703Z,-29.3467,-111.6652,10.0,5.2,mww,Easter Island region
2025-02-24T00:52:18.097Z,9.5356,40.2869,10.0,4.5,mb,"59 km SE of Abomsa, Ethiopia"
2025-02-24T00:33:03.785Z,8.9314,39.8634,10.0,4.5,mb,"6 km WNW of Metahāra, Ethiopia"
2025-02-24T00:30:05.710Z,17.9638,-83.1728,10.0,4.9,mww,"239 km SW of George Town, Cayman Islands"
2025-02-23T23:44:50.963Z,9.4634,40.4938,10.0,5.3,mww,"58 km NW of Āsbe Teferī, Ethiopia"
2025-02-23T22:50:10.262Z,-6.294,154.498,10.0,5.1,mww,"109 km W of Panguna, Papua New Guinea"
2025-02-23T19:21:16.945Z,-9.4086,120.3348,45.343,5.0,mb,"28 km NNE of Waingapu, Indonesia"
2025-02-23T19:08:59.109Z,36.979,136.4143,4.508,4.9,mww,"34 km WNW of Hakui, Japan"
2025-02-23T19:07:53.892Z,34.6845,140.1566,98.386,4.6,mb,"41 km SSE of Wada, Japan"
2025-02-23T18:16:18.073Z,-11.3195,166.2902,36.0,6.0,mww,"85 km SE of Lata, Solomon Islands"
2025-02-23T16:40:35.648Z,26.7666,126.773,115.377,4.5,mb,"103 km W of Ie, Japan"
2025-02-23T13:54:34.925Z,-3.9268,143.0409,71.618,4.8,mb,"40 km NE of Ambunti, Papua New Guinea"
2025-02-23T13:19:59.577Z,1.1875,126.4298,54.38,4.5,mb,"114 km WNW of Ternate, Indonesia"
2025-02-23T13:15:49.081Z,-34.3083,179.54,10.0,4.8,mb,south of the Kermadec Islands
2025-02-23T12:18:03.487Z,10.4623,-86.2218,9.6,4.8,mb,"45 km WNW of Tamarindo, Costa Rica"
2025-02-23T09:40:56.984Z,-23.2811,171.6974,10.0,4.6,mb,southeast of the Loyalty Islands
2025-02-23T07:25:17.202Z,-1.1862,-77.5594,10.0,4.8,mwr,"35 km SE of Tena, Ecuador"
2025-02-23T06:36:23.670Z,-25.4628,179.6952,517.496,4.6,mb,south of the Fiji Islands
2025-02-23T05:16:22.431Z,-6.4752,102.1738,10.0,5.0,mb,"295 km SSW of Pagar Alam, Indonesia"
2025-02-23T04:27:13.411Z,-6.522,102.2392,10.0,5.1,mb,"297 km SSW of Pagar Alam, Indonesia"
2025-02-23T04:17:35.944Z,-7.3335,155.9272,35.0,5.4,mww,"122 km SSE of Panguna, Papua New Guinea"
2025-02-23T03:32:24.139Z,-17.3919,168.0297,35.0,4.5,mb,"48 km NW of Port-Vila, Vanuatu"
2025-02-23T01:46:23.915Z,-7.3034,155.7968,35.0,5.1,mb,"114 km SSE of Panguna, Papua New Guinea"
2025-02-23T01:39:57.467Z,-7.2978,155.6556,35.0,4.5,mb,"110 km S of Panguna, Papua New Guinea"
2025-02-23T01:31:52.085Z,-7.4856,155.8717,35.0,5.6,mww,"126 km WNW of Gizo, Solomon Islands"
2025-02-22T23:44:52.037Z,-5.5397,102.9862,10.0,4.7,mb,"169 km S of Pagar Alam, Indonesia"
2025-02-22T22:49:31.294Z,-23.8225,-175.4707,35.0,5.0,mb,"279 km S of ‘Ohonua, Tonga"
2025-02-22T22:20:59.314Z,-7.4723,155.9646,35.0,5.3,mww,"119 km NW of Gizo, Solomon Islands"
2025-02-22T22:20:25.318Z,-45.5785,-76.6977,10.0,5.4,mww,"Off the coast of Aisen, Chile"
2025-02-22T21:34:41.891Z,-29.7058,-111.7537,10.0,4.7,mb,Easter Island region
2025-02-22T21:04:46.432Z,64.6566,-17.8452,10.0,5.1,mww,"115 km S of Akureyri, Iceland"
2025-02-22T20:39:29.571Z,-7.0997,155.736,69.828,4.7,mb,"90 km SSE of Panguna, Papua New Guinea"
2025-02-22T19:31:57.118Z,-5.4681,147.1837,200.748,4.6,mb,"140 km N of Lae, Papua New Guinea"
2025-02-22T18:44:48.987Z,-23.6186,178.8386,572.971,4.5,mb,south of the Fiji Islands
2025-02-22T18:30:58.566Z,11.5259,125.9215,23.132,4.6,mb,"39 km NE of Hernani, Philippines"
2025-02-22T14:16:13.564Z,-6.7397,147.4057,35.0,4.7,mb,"45 km E of Lae, Papua New Guinea"
2025-02-22T13:07:36.557Z,40.9833,143.1045,51.787,4.6,mb,"128 km S of Honchō, Japan"
2025-02-22T12:43:56.783Z,-19.7745,-175.6223,195.655,4.5,mb,"132 km W of Pangai, Tonga"
2025-02-22T10:44:40.149Z,-5.872,127.8699,381.464,4.5,mb,"243 km S of Ambon, Indonesia"
2025-02-22T10:33:30.853Z,21.5846,93.8043,59.186,5.0,mww,"119 km S of Hakha, Burma (Myanmar)"
2025-02-21T23:32:19.318Z,15.5019,-94.4005,70.173,4.6,mww,"77 km SSW of La Gloria, Mexico"
2025-02-21T22:50:03.740Z,36.3507,71.2919,124.684,4.5,mb,"42 km SSW of Ashkāsham, Afghanistan"
2025-02-21T21:26:32.781Z,49.6928,-123.5454,10.0,4.8,mww,"28 km W of Squamish, Canada"
2025-02-21T20:44:11.722Z,-18.6546,-175.667,212.853,4.6,mb,"177 km W of Neiafu, Tonga"
2025-02-21T18:57:15.663Z,-26.9293,-176.3361,10.0,4.9,mb,south of the Fiji Islands
2025-02-21T13:01:48.588Z,37.5777,141.3953,69.05,4.8,mww,"36 km ENE of Namie, Japan"
2025-02-21T12:27:38.055Z,39.2529,41.6996,9.04,4.5,mb,"11 km S of Hınıs, Turkey"
2025-02-21T10:30:26.203Z,-1.4441,-103.2144,10.0,4.6,mb,central East Pacific Rise
2025-02-21T10:11:47.229Z,28.4908,87.4621,10.0,4.9,mb,"87 km NE of Lobuche, Nepal"
2025-02-21T07:20:55.955Z,-19.4988,168.9434,41.683,5.1,mww,"35 km W of Isangel, Vanuatu"
2025-02-21T07:07:09.006Z,51.5262,178.1377,52.286,4.9,mb,"Rat Islands, Aleutian Islands, Alaska"
2025-02-21T05:33:44.196Z,21.6998,120.405,10.0,4.7,mb,"48 km SW of Hengchun, Taiwan"
2025-02-21T04:41:31.101Z,39.8747,141.5437,78.938,4.5,mb,"20 km SSE of Kuzumaki, Japan"
2025-02-21T01:20:09.690Z,-0.575,133.8981,10.0,4.5,mb,"36 km NNW of Manokwari, Indonesia"
2025-02-20T23:37:14.428Z,-23.3042,179.0643,571.205,4.6,mb,south of the Fiji Islands
2025-02-20T22:39:33.619Z,-32.3001,179.9812,253.702,4.5,mb,south of the Kermadec Islands
2025-02-20T20:39:40.168Z,-21.2856,-178.6986,552.906,4.5,mb,Fiji region
2025-02-20T19:43:19.020Z,-20.3648,68.1706,10.0,4.9,mb,Mid-Indian Ridge
2025-02-20T19:16:58.969Z,-3.2414,145.9104,10.0,4.9,mb,"201 km SW of Lorengau, Papua New Guinea"
2025-02-20T19:06:58.122Z,-22.2449,170.3296,10.0,4.6,mb,"264 km ESE of Tadine, New Caledonia"
2025-02-20T17:30:39.399Z,-15.6423,167.7046,124.919,4.6,mb,"57 km NE of Norsup, Vanuatu"
2025-02-20T17:24:50.535Z,-22.4702,179.3124,574.818,4.8,mb,south of the Fiji Islands
2025-02-20T15:42:53.322Z,50.1125,155.2148,129.109,4.6,mb,"90 km SW of Severo-Kuril’sk, Russia"
2025-02-20T15:41:05.484Z,54.3703,-118.4904,10.0,4.7,mww,"68 km NE of Grande Cache, Canada"
2025-02-20T14:36:22.900Z,-12.8097,166.9358,196.919,4.6,mb,"135 km NNW of Sola, Vanuatu"
2025-02-20T13:13:46.848Z,35.4749,138.905,38.328,4.5,mb,"4 km ENE of Oshino, Japan"
2025-02-20T13:12:56.143Z,28.9767,-43.2315,10.0,4.6,mb,northern Mid-Atlantic Ridge
2025-02-20T12:39:10.630Z,-56.6888,-26.1145,35.0,5.3,mb,South Sandwich Islands region
2025-02-20T12:35:46.125Z,-56.617,-25.9797,35.0,4.6,mb,South Sandwich Islands region
2025-02-20T12:10:41.861Z,-16.2951,-174.0453,70.716,4.5,mb,"46 km SW of Hihifo, Tonga"
2025-02-20T11:51:45.309Z,-3.3784,130.9797,10.0,5.0,mb,"154 km WSW of Fakfak, Indonesia"
2025-02-20T11:49:56.831Z,-6.4872,130.2957,106.014,4.5,mb,"288 km WSW of Tual, Indonesia"
2025-02-20T11:30:51.390Z,-42.9086,-82.9086,10.0,5.4,mww,West Chile Rise
2025-02-20T11:12:02.031Z,2.287,128.2101,167.056,4.5,mb,"65 km NNE of Tobelo, Indonesia"
2025-02-20T10:31:20.780Z,-15.3291,-173.9471,111.0,5.5,mww,"71 km NNW of Hihifo, Tonga"
2025-02-20T10:27:38.058Z,-49.3165,123.8493,10.0,4.8,mb,western Indian-Antarctic Ridge
2025-02-20T10:25:16.263Z,8.9326,39.9531,10.0,4.5,mb,"5 km NE of Metahāra, Ethiopia"
2025-02-20T10:03:58.803Z,0.3856,122.0085,150.956,4.9,mb,"118 km W of Gorontalo, Indonesia"
2025-02-20T09:19:24.180Z,-22.9362,-177.0688,158.006,4.6,mb,"267 km SW of Houma, Tonga"
2025-02-20T08:16:50.966Z,-20.6169,170.0927,10.0,4.5,mb,"146 km SE of Isangel, Vanuatu"
2025-02-20T07:20:00.267Z,-14.7326,-174.3985,41.405,4.7,mb,"149 km NNW of Hihifo, Tonga"
2025-02-20T06:36:35.225Z,-32.1325,-178.6368,63.228,4.6,mb,south of the Kermadec Islands
2025-02-20T06:22:04.592Z,-19.7324,-69.2635,108.7,4.8,mww,"49 km SSE of Camiña, Chile"
2025-02-20T04:36:50.082Z,-33.3208,-179.0339,45.437,5.0,mb,south of the Kermadec Islands
2025-02-20T03:21:30.670Z,-20.5463,68.2892,10.0,5.2,mww,Mid-Indian Ridge
2025-02-20T03:19:40.859Z,5.0079,94.7394,63.661,5.3,mb,"88 km SW of Banda Aceh, Indonesia"
2025-02-20T01:03:39.438Z,36.2036,-33.9564,10.0,4.5,mb,Azores Islands region
2025-02-20T00:56:51.729Z,37.1163,136.0548,311.039,4.8,mb,"69 km WNW of Hakui, Japan"
2025-02-19T23:12:06.884Z,-9.2199,152.9235,10.0,4.5,mb,"291 km ENE of Samarai, Papua New Guinea"
2025-02-19T21:32:48.775Z,-3.3998,131.0966,10.0,4.5,mb,"143 km WSW of Fakfak, Indonesia"
2025-02-19T17:15:25.378Z,-4.2107,153.2215,35.0,4.7,mb,"106 km E of Kokopo, Papua New Guinea"
2025-02-19T14:34:52.950Z,2.2817,66.9464,10.0,4.5,mb,Carlsberg Ridge
2025-02-19T13:50:11.369Z,-21.8872,-176.5319,252.705,4.6,mb,"150 km WSW of Houma, Tonga"
2025-02-19T10:05:54.143Z,-6.7262,128.405,271.239,4.9,mb,"252 km NE of Lospalos, Timor Leste"
2025-02-19T07:09:50.044Z,55.8018,-159.4164,74.4,4.7,mww,"11 km SSE of Ivanof Bay, Alaska"
2025-02-19T05:52:34.520Z,3.1072,128.5093,224.681,4.5,mb,"162 km NNE of Tobelo, Indonesia"
2025-02-19T04:38:05.820Z,-3.4351,131.0349,10.0,4.8,mww,"151 km WSW of Fakfak, Indonesia"
2025-02-19T02:49:44.019Z,-9.0969,152.7728,10.0,5.5,mww,"285 km NE of Samarai, Papua New Guinea"
2025-02-18T23:39:10.674Z,-3.3656,131.0386,13.0,5.7,mww,"148 km WSW of Fakfak, Indonesia"
2025-02-18T18:51:53.596Z,-6.0373,130.8137,119.558,4.9,mww,"219 km WSW of Tual, Indonesia"
2025-02-18T17:18:48.127Z,-26.2533,-70.9825,31.0,5.6,mww,"94 km W of Diego de Almagro, Chile"
2025-02-18T17:00:49.043Z,-11.3467,-74.8175,103.39,5.0,mb,"9 km NW of Mariposa, Peru"
2025-02-18T16:54:32.624Z,37.9629,21.0529,5.926,4.7,mww,"8 km WNW of Kyllíni, Greece"
2025-02-18T15:24:28.025Z,-14.9641,-173.1341,10.0,4.5,mb,"130 km NNE of Hihifo, Tonga"
2025-02-18T13:39:19.561Z,-49.5159,122.5703,10.0,4.5,mb,western Indian-Antarctic Ridge
2025-02-18T12:16:28.873Z,31.711,-104.502,3.8953,4.7,ml,"52 km SSW of Whites City, New Mexico"
2025-02-18T12:13:40.337Z,-4.3605,153.0154,10.0,4.7,mb,"82 km E of Kokopo, Papua New Guinea"
2025-02-18T07:38:13.090Z,-62.8512,151.3674,10.0,4.8,mb,Balleny Islands region
2025-02-18T06:45:19.931Z,2.9703,128.2216,10.0,4.6,mb,"139 km N of Tobelo, Indonesia"
2025-02-18T06:08:09.367Z,36.6394,25.6214,9.631,4.8,mww,"29 km NE of Oía, Greece"
2025-02-18T05:58:29.320Z,-21.4177,-174.0633,10.0,5.0,mb,"93 km E of ‘Ohonua, Tonga"
2025-02-18T04:46:52.092Z,36.6544,25.8261,10.0,5.0,mww,"20 km SSW of Amorgós, Greece"
2025-02-18T02:54:08.231Z,36.6713,25.7378,10.0,4.6,mww,"22 km SW of Amorgós, Greece"
2025-02-18T00:38:48.989Z,43.8402,147.2041,67.693,4.7,mb,"39 km E of Shikotan, Russia"
2025-02-18T00:27:26.985Z,-17.8854,-177.6316,416.782,4.5,mb,Fiji region
2025-02-17T23:57:28.640Z,-5.553,152.5268,10.0,4.7,mb,"136 km SSE of Kokopo, Papua New Guinea"
2025-02-17T23:10:12.418Z,-4.4231,-105.939,10.0,4.6,mb,central East Pacific Rise
2025-02-17T19:54:27.737Z,-22.5561,-176.475,10.0,4.5,mb,"195 km SW of Houma, Tonga"
2025-02-17T19:18:20.092Z,-17.6144,-178.6326,543.835,4.6,mb,"223 km ENE of Levuka, Fiji"
2025-02-17T16:34:09.098Z,-15.6692,-69.3928,262.315,4.7,mb,"21 km SSE of Putina, Peru"
2025-02-17T15:48:20.623Z,6.7251,-73.1606,161.194,4.6,mb,"6 km NNE of Villanueva, Colombia"
2025-02-17T13:24:04.559Z,38.6301,-9.1842,10.0,4.8,mb,"1 km NE of Charneca de Caparica, Portugal"
2025-02-17T12:05:57.062Z,-62.3417,165.5038,10.0,4.6,mb,Balleny Islands region
2025-02-17T10:28:15.312Z,15.1202,122.8014,18.88,4.5,mb,"64 km NE of Casuguran, Philippines"
2025-02-17T07:50:48.490Z,-49.5899,-8.0777,10.0,4.7,mb,southern Mid-Atlantic Ridge
2025-02-17T07:49:50.321Z,36.6724,25.5788,10.0,5.0,mww,"27 km ESE of Íos, Greece"
2025-02-17T07:46:23.311Z,36.6106,25.6049,10.0,4.5,mb,"26 km NE of Firá, Greece"
2025-02-17T06:02:58.700Z,16.354,-94.6789,74.412,4.7,mb,"2 km SSW of Huamúchil, Mexico"
2025-02-17T05:03:52.555Z,-4.5638,133.603,10.0,4.7,mb,"150 km NE of Tual, Indonesia"
2025-02-17T04:30:56.551Z,-15.9621,-75.1169,10.0,5.5,mww,"66 km S of San Juan, Peru"
2025-02-17T04:19:29.548Z,19.1143,120.9759,10.0,4.8,mb,"57 km NNW of Claveria, Philippines"
2025-02-17T04:04:17.775Z,27.0329,127.3448,108.193,4.9,mb,"58 km NW of Ie, Japan"
2025-02-16T21:00:57.040Z,-19.4293,-69.6235,117.932,4.6,mb,"24 km WSW of Camiña, Chile"
2025-02-16T20:56:03.688Z,1.8481,98.9792,130.285,4.6,mb,"25 km ENE of Sibolga, Indonesia"
2025-02-16T20:49:58.612Z,4.0301,143.7198,10.0,4.6,mb,Federated States of Micronesia region
2025-02-16T20:47:26.890Z,13.8119,-92.3969,10.0,4.9,mww,"74 km SW of Champerico, Guatemala"
2025-02-16T18:55:37.613Z,32.817,48.4428,10.0,5.1,mww,"51 km N of Shahrak-e Kūlūrī, Iran"
2025-02-16T18:48:28.516Z,32.7455,48.4139,10.0,4.5,mb,"43 km N of Shahrak-e Kūlūrī, Iran"
2025-02-16T15:23:19.011Z,-6.7911,149.9036,10.0,4.6,mb,"75 km SSE of Kandrian, Papua New Guinea"
2025-02-16T14:29:16.904Z,-18.2099,-177.9631,526.283,4.6,mb,"288 km E of Levuka, Fiji"
2025-02-16T11:43:58.523Z,11.4728,125.6508,10.0,4.7,mb,"13 km ENE of Llorente, Philippines"
2025-02-16T09:57:45.794Z,-20.4935,-175.7319,111.144,4.6,mb,"87 km NNW of Houma, Tonga"
2025-02-16T09:25:23.935Z,-18.437,-175.4175,193.328,4.9,mb,"153 km W of Neiafu, Tonga"
2025-02-16T08:36:23.743Z,-22.4881,170.8116,10.0,5.0,mb,southeast of the Loyalty Islands
2025-02-16T08:11:34.928Z,12.5694,-88.9968,36.717,4.5,mb,"92 km SSW of Puerto El Triunfo, El Salvador"
2025-02-16T07:43:36.015Z,45.2882,153.0671,10.0,5.2,mww,east of the Kuril Islands
2025-02-16T07:27:43.361Z,1.4368,126.2578,69.092,4.6,mb,"125 km E of Bitung, Indonesia"
2025-02-16T07:08:44.554Z,-38.4993,-73.7663,20.394,5.0,mww,"57 km WNW of Carahue, Chile"
2025-02-16T03:28:58.304Z,28.9741,87.4658,10.0,4.8,mb,"130 km NNE of Lobuche, Nepal"
2025-02-16T02:52:21.517Z,65.3961,-168.5963,13.5,4.6,mb,"33 km SW of Wales, Alaska"
2025-02-16T01:04:40.725Z,-22.5336,-177.9367,316.074,4.7,mb,south of the Fiji Islands
2025-02-16T00:13:39.252Z,13.038,-91.1419,10.0,4.7,mww,"104 km SSW of Puerto San José, Guatemala"
2025-02-15T23:24:49.649Z,39.3636,40.7291,20.99,4.7,mww,"18 km ESE of Yedisu, Turkey"
2025-02-15T17:48:18.144Z,33.4067,73.0563,35.848,4.7,mb,"21 km S of Rawalpindi, Pakistan"
2025-02-15T16:55:48.201Z,-6.7898,68.2085,10.0,4.5,mb,Chagos Archipelago region
2025-02-15T16:11:50.643Z,40.3427,24.135,14.389,4.9,mww,"12 km E of Ouranoupolis, Greece"
2025-02-15T15:46:00.426Z,46.2453,151.9503,59.186,4.6,mb,Kuril Islands
2025-02-15T15:18:37.427Z,-15.761,-174.1079,82.07,4.5,mb,"39 km WNW of Hihifo, Tonga"
2025-02-15T11:56:05.231Z,-5.1506,145.528,102.478,4.9,mb,"29 km WNW of Madang, Papua New Guinea"
2025-02-15T11:34:12.137Z,41.1122,142.853,43.662,4.9,mb,"112 km S of Honchō, Japan"
2025-02-15T10:31:36.363Z,-8.2799,119.7346,178.297,4.6,mb,"29 km NW of Labuan Bajo, Indonesia"
2025-02-15T08:11:44.192Z,-8.5961,117.7763,189.431,4.5,mb,"38 km ESE of Pototano, Indonesia"
2025-02-15T05:23:21.429Z,31.661,-104.18,6.0999,5.0,ml,"53 km NW of Toyah, Texas"
2025-02-15T03:50:55.308Z,-25.5703,-116.2918,10.0,4.7,mb,southern East Pacific Rise
2025-02-15T02:34:05.048Z,16.4211,148.4557,10.0,4.5,mb,Mariana Islands region
2025-02-15T01:48:11.119Z,49.9991,88.2237,13.0,5.7,mww,"32 km W of Kosh-Agach, Russia"
2025-02-15T01:18:48.716Z,11.4747,125.806,10.0,5.0,mww,"26 km NE of Hernani, Philippines"
2025-02-15T00:47:44.630Z,-52.3283,15.8276,10.0,4.6,mb,southwest of Africa
2025-02-15T00:28:58.138Z,12.8077,122.9791,10.0,5.0,mww,"30 km W of Mabiton, Philippines"
2025-02-14T21:30:02.961Z,-11.7749,166.2552,35.0,5.0,mb,"126 km SSE of Lata, Solomon Islands"
2025-02-14T20:56:18.580Z,3.4928,127.854,135.671,4.6,mb,"195 km N of Tobelo, Indonesia"
2025-02-14T20:28:25.423Z,8.9453,39.9058,25.0,5.9,mww,"5 km NNW of Metahāra, Ethiopia"
2025-02-14T18:53:13.303Z,-17.3025,167.5187,10.0,5.0,mww,"97 km WNW of Port-Vila, Vanuatu"
2025-02-14T17:07:58.889Z,-39.8918,174.975,80.024,4.5,mb,"7 km NW of Whanganui, New Zealand"
2025-02-14T15:58:56.151Z,30.6666,141.715,10.0,4.8,mb,"Izu Islands, Japan region"
2025-02-14T15:26:55.693Z,16.1458,-98.8656,10.0,4.7,mb,"42 km SSW of Barra de Tecoanapa, Mexico"
2025-02-14T14:44:25.125Z,1.9145,127.4151,122.316,4.6,mb,"69 km WNW of Tobelo, Indonesia"
2025-02-14T14:21:16.016Z,0.92,-85.4487,10.0,4.9,mb,off the coast of Ecuador
2025-02-14T14:18:15.939Z,11.3456,125.7426,10.0,4.5,mb,"13 km E of Hernani, Philippines"
2025-02-14T12:50:03.769Z,11.5308,125.7609,10.0,5.3,mww,"26 km ENE of Llorente, Philippines"
2025-02-14T12:28:33.614Z,-7.3712,105.5416,48.79,5.1,mb,"114 km SSW of Labuan, Indonesia"
2025-02-14T11:20:33.938Z,18.3322,145.4783,286.626,4.5,mb,"Pagan region, Northern Mariana Islands"
2025-02-14T10:38:10.345Z,-4.0156,145.0758,10.0,4.6,mb,"112 km E of Angoram, Papua New Guinea"
2025-02-14T09:46:32.914Z,-58.8989,-23.2971,10.0,5.1,mb,South Sandwich Islands region
2025-02-14T09:27:41.878Z,-5.8518,145.4945,111.555,4.8,mb,"28 km NNE of Goroka, Papua New Guinea"
2025-02-14T09:19:49.785Z,-2.6433,145.5371,10.0,4.8,mb,"204 km WSW of Lorengau, Papua New Guinea"
2025-02-14T08:09:58.882Z,-4.3129,143.62,126.129,4.8,mb,"56 km WSW of Angoram, Papua New Guinea"
2025-02-14T07:26:23.748Z,17.4805,-83.29,10.0,4.7,mb,"214 km NNE of Barra Patuca, Honduras"
2025-02-14T06:39:49.652Z,1.0621,-85.2505,10.0,5.2,mww,off the coast of Ecuador
2025-02-14T01:32:54.659Z,45.4792,151.1492,35.0,5.0,mb,"257 km E of Kuril’sk, Russia"
2025-02-14T00:22:57.808Z,-6.9997,129.6482,155.573,5.0,mww,Banda Sea
2025-02-14T00:18:12.514Z,6.661,-84.4607,10.0,4.5,mb,"232 km SW of Burica, Panama"
2025-02-14T00:05:45.568Z,-4.043,128.2229,148.065,4.5,mb,"38 km S of Ambon, Indonesia"
2025-02-13T23:59:27.899Z,55.6151,-154.9176,13.3,5.7,mww,"155 km SSW of Akhiok, Alaska"
2025-02-13T21:29:55.352Z,-20.7987,-178.3379,584.602,4.5,mb,Fiji region
2025-02-13T21:20:56.908Z,-58.7089,-25.5041,66.166,4.8,mb,South Sandwich Islands region
2025-02-13T21:17:32.765Z,26.0549,-44.7987,10.0,4.7,mb,northern Mid-Atlantic Ridge
2025-02-13T21:07:32.956Z,-6.1964,103.6713,41.71,4.9,mb,"195 km WSW of Bandar Lampung, Indonesia"
2025-02-13T18:16:21.863Z,-6.4775,129.1134,10.0,5.0,mb,Banda Sea
2025-02-13T17:44:34.559Z,-10.7291,124.0012,10.0,4.6,mb,"75 km SE of Kupang, Indonesia"
2025-02-13T15:42:21.638Z,36.5453,25.5581,10.0,4.5,mb,"17 km NE of Firá, Greece"
2025-02-13T15:08:11.467Z,-6.4732,130.2607,152.136,4.8,mb,"291 km WSW of Tual, Indonesia"
2025-02-13T15:04:07.533Z,-15.5481,-74.1432,56.295,4.6,mb,"13 km NNW of Tocota, Peru"
2025-02-13T12:18:38.059Z,-20.5436,168.8982,10.0,4.9,mb,"117 km SSW of Isangel, Vanuatu"
2025-02-13T11:16:10.105Z,-0.2079,29.6923,10.0,4.7,mb,"57 km SW of Kilembe, Uganda"
2025-02-13T10:46:59.260Z,-24.948,-70.9566,20.645,4.9,mb,"69 km NW of Taltal, Chile"
2025-02-13T07:33:56.014Z,-16.8254,-173.4912,45.423,4.5,mb,"101 km SSE of Hihifo, Tonga"
2025-02-13T07:11:30.403Z,-29.005,-71.3564,35.338,4.7,mwr,"75 km SW of Vallenar, Chile"
2025-02-13T06:27:12.726Z,-8.6148,118.2303,135.441,4.5,mb,"27 km WSW of Dompu, Indonesia"
2025-02-13T02:30:50.541Z,-21.3858,-175.41,10.0,4.6,mb,"26 km SSW of Houma, Tonga"
2025-02-12T22:10:36.272Z,17.5007,-83.3888,10.0,4.8,mww,"211 km NNE of Barra Patuca, Honduras"
2025-02-12T21:04:28.710Z,38.3638,142.1429,38.366,5.1,mb,"61 km E of Onagawa Chō, Japan"
2025-02-12T19:54:09.197Z,-56.3332,-27.1926,105.634,5.3,mb,South Sandwich Islands region
2025-02-12T18:47:47.375Z,-33.5551,56.8963,10.0,4.7,mb,Southwest Indian Ridge
2025-02-12T18:34:24.293Z,36.5507,25.5226,10.0,4.6,mww,"16 km NE of Oía, Greece"
2025-02-12T17:26:49.653Z,4.2294,-78.6675,10.0,4.8,mww,"144 km W of Santa Genoveva de Docordó, Colombia"
2025-02-12T15:17:00.730Z,-8.3549,129.3969,10.0,4.6,mb,"264 km E of Lospalos, Timor Leste"
2025-02-12T14:37:39.033Z,39.2416,141.7528,77.113,4.6,mwr,"10 km WSW of Kamaishi, Japan"
2025-02-12T12:43:05.717Z,-26.2505,178.5374,637.764,4.5,mb,south of the Fiji Islands
2025-02-12T11:56:53.815Z,-38.6427,-91.6156,10.0,4.9,mww,West Chile Rise
2025-02-12T10:13:57.889Z,-3.8101,103.3932,131.911,4.7,mb,"16 km W of Lahat, Indonesia"
2025-02-12T09:22:18.859Z,36.4465,25.6748,10.0,4.5,mb,"21 km ENE of Mesariá, Greece"
2025-02-12T09:20:41.712Z,36.4127,25.5886,10.0,4.7,mb,"12 km E of Mesariá, Greece"
2025-02-12T09:15:06.702Z,36.5864,25.5445,10.0,4.8,mww,"20 km NE of Oía, Greece"
2025-02-12T08:29:50.855Z,36.5749,25.5832,10.0,4.8,mww,"21 km NE of Firá, Greece"
2025-02-12T08:08:25.913Z,11.9523,125.4792,38.909,4.5,mb,"5 km SE of Can-Avid, Philippines"
2025-02-12T06:53:34.776Z,1.7606,127.3044,32.113,4.9,mb,"78 km W of Tobelo, Indonesia"
2025-02-12T03:14:19.590Z,-17.854,-178.4377,599.046,4.6,mb,"239 km E of Levuka, Fiji"
2025-02-12T02:19:27.353Z,13.3754,145.8866,10.0,4.6,mb,"109 km E of Yigo Village, Guam"
2025-02-12T02:14:20.277Z,36.507,25.5971,10.0,4.5,mb,"17 km ENE of Firá, Greece"
2025-02-12T01:26:25.055Z,29.9825,138.9735,389.69,4.7,mb,"Izu Islands, Japan region"
2025-02-12T01:14:54.298Z,36.5549,25.5084,10.0,5.1,mww,"15 km NE of Oía, Greece"
2025-02-11T23:18:16.608Z,18.5481,121.1359,46.897,4.5,mb,"7 km SSW of Namuac, Philippines"
2025-02-11T17:43:01.135Z,44.3255,15.4995,10.0,4.6,mww,"5 km NE of Starigrad, Croatia"
2025-02-11T17:40:19.117Z,36.6234,25.7885,10.0,4.5,mb,"25 km SSW of Amorgós, Greece"
2025-02-11T16:05:49.592Z,4.9019,94.7748,10.0,4.5,mb,"94 km SW of Banda Aceh, Indonesia"
2025-02-11T14:19:50.052Z,36.7147,25.7426,10.0,4.6,mb,"19 km SW of Amorgós, Greece"
2025-02-11T11:43:54.212Z,36.6508,25.7853,10.0,4.9,mww,"22 km SSW of Amorgós, Greece"
2025-02-11T11:19:03.314Z,17.6741,119.7814,10.0,4.5,mb,"61 km W of Puro Pinget, Philippines"
2025-02-11T08:26:52.099Z,-18.7624,169.6412,10.0,4.6,mb,"94 km NNE of Isangel, Vanuatu"
2025-02-11T07:57:46.120Z,-4.5516,134.0555,10.0,4.7,mb,"187 km NE of Tual, Indonesia"
2025-02-11T07:17:18.295Z,36.7266,25.6978,10.0,4.7,mww,"21 km WSW of Amorgós, Greece"
2025-02-11T06:39:57.329Z,36.7071,25.7677,10.0,4.9,mb,"18 km SW of Amorgós, Greece"
2025-02-11T06:00:29.610Z,36.8471,25.7796,10.0,4.5,mb,"10 km W of Amorgós, Greece"
2025-02-11T05:58:44.528Z,36.6691,25.809,10.0,4.7,mww,"19 km SSW of Amorgós, Greece"
2025-02-11T05:50:52.246Z,-41.8939,-16.4604,10.0,4.7,mb,southern Mid-Atlantic Ridge
2025-02-11T05:47:57.441Z,-22.69,-175.5971,10.0,5.0,mb,"163 km SSW of ‘Ohonua, Tonga"
2025-02-11T05:44:26.490Z,-41.3724,-15.6609,10.0,4.8,mb,Tristan da Cunha region
2025-02-11T05:32:36.895Z,-3.9469,150.8287,10.0,5.0,mb,"150 km W of Rabaul, Papua New Guinea"
2025-02-11T05:14:30.769Z,36.6032,25.7274,10.0,4.5,mb,"29 km SSW of Amorgós, Greece"
2025-02-11T05:00:26.873Z,-32.2873,75.136,10.0,5.3,mww,Mid-Indian Ridge
2025-02-11T02:37:45.878Z,-3.7083,150.8479,10.0,5.1,mww,"125 km S of Kavieng, Papua New Guinea"
2025-02-11T02:24:06.725Z,-37.2309,-75.0333,13.661,5.2,mww,"129 km WNW of Lebu, Chile"
2025-02-11T02:00:26.735Z,-18.2696,-69.7635,114.016,4.6,mww,"57 km SE of Calana, Peru"
2025-02-11T01:25:25.694Z,42.6978,145.2267,55.638,4.6,mb,"48 km SE of Akkeshi, Japan"
2025-02-11T01:09:50.584Z,53.8959,-161.4938,13.172,4.5,mb,"140 km SSE of King Cove, Alaska"
2025-02-10T22:48:41.585Z,35.0177,-5.5251,29.521,5.1,mb,"25 km N of Ouezzane, Morocco"
2025-02-10T22:47:05.979Z,-23.085,-66.7622,204.667,4.7,mb,"111 km W of El Aguilar, Argentina"
2025-02-10T22:37:24.642Z,36.6244,25.6258,10.0,5.1,mww,"28 km NE of Firá, Greece"
2025-02-10T20:16:28.738Z,36.6898,25.6536,10.0,5.3,mww,"26 km SW of Amorgós, Greece"
2025-02-10T15:15:06.035Z,-9.6398,119.6374,83.827,5.1,mb,"49 km ESE of Tambolaka, Indonesia"
2025-02-10T15:10:18.801Z,7.6125,93.6721,79.051,4.6,mb,"263 km NW of Sabang, Indonesia"
2025-02-10T14:16:55.496Z,41.6821,141.3324,89.55,5.0,mww,"39 km ENE of Ōma, Japan"
2025-02-10T14:03:54.523Z,-10.4157,123.4465,10.0,4.6,mb,"32 km SSW of Kupang, Indonesia"
2025-02-10T14:00:15.526Z,-6.4862,149.2658,46.042,4.5,mb,"43 km SW of Kandrian, Papua New Guinea"
2025-02-10T11:40:07.482Z,13.7698,145.1601,116.437,4.5,mb,"39 km NE of Yigo Village, Guam"
2025-02-10T11:23:17.847Z,36.7163,25.7463,10.0,4.7,mww,"18 km SW of Amorgós, Greece"
2025-02-10T11:17:27.313Z,-7.2062,155.1127,10.0,4.9,mb,"106 km SSW of Panguna, Papua New Guinea"
2025-02-10T10:18:46.631Z,-17.4753,167.9269,10.0,5.0,mb,"50 km NW of Port-Vila, Vanuatu"
2025-02-10T09:30:43.181Z,-27.0087,-72.3317,10.0,4.5,mb,"202 km WNW of Copiapó, Chile"
2025-02-10T08:50:53.588Z,-1.4422,128.784,10.0,4.5,mb,"171 km ESE of Labuha, Indonesia"
2025-02-10T08:11:20.239Z,13.8792,-90.6251,99.064,4.5,mb,"10 km SE of Iztapa, Guatemala"
2025-02-10T05:48:37.509Z,-17.4737,167.8268,10.0,4.7,mb,"59 km WNW of Port-Vila, Vanuatu"
2025-02-10T04:24:25.856Z,-17.4731,167.8384,28.484,4.5,mb,"58 km WNW of Port-Vila, Vanuatu"
2025-02-10T03:55:06.102Z,-17.5151,167.8865,35.437,4.5,mb,"51 km WNW of Port-Vila, Vanuatu"
2025-02-10T03:51:39.840Z,-21.6006,-179.3467,601.502,4.5,mb,Fiji region
2025-02-10T03:18:25.226Z,-12.4568,165.5381,10.0,4.6,mb,"193 km S of Lata, Solomon Islands"
2025-02-10T00:32:35.149Z,-17.4939,167.7619,10.0,4.9,mb,"64 km WNW of Port-Vila, Vanuatu"
2025-02-10T00:28:25.469Z,-7.0353,155.6069,35.0,5.4,mww,"80 km S of Panguna, Papua New Guinea"
2025-02-10T00:16:03.322Z,-17.4323,167.731,10.0,5.3,mb,"70 km WNW of Port-Vila, Vanuatu"
2025-02-10T00:13:44.708Z,-17.5144,167.8236,10.0,5.3,mb,"57 km WNW of Port-Vila, Vanuatu"
2025-02-10T00:09:42.753Z,-17.5011,167.8757,18.0,5.9,mww,"53 km WNW of Port-Vila, Vanuatu"
2025-02-09T19:17:15.287Z,36.4741,25.5152,10.0,4.7,mb,"9 km NE of Firá, Greece"
2025-02-09T19:16:42.880Z,36.5049,25.4898,10.0,4.6,mb,"10 km NNE of Firá, Greece"
2025-02-09T19:05:38.291Z,36.6626,25.6271,10.0,5.2,mww,"30 km SW of Amorgós, Greece"
2025-02-09T18:53:58.322Z,36.5231,25.5964,10.0,4.7,mb,"18 km NE of Firá, Greece"
2025-02-09T16:38:05.271Z,-49.2345,123.3132,10.0,4.7,mb,western Indian-Antarctic Ridge
2025-02-09T15:16:30.091Z,36.5367,25.6531,10.0,4.5,mb,"23 km ENE of Firá, Greece"
2025-02-09T14:32:37.746Z,-10.1576,161.0432,38.742,5.3,mww,"101 km WNW of Kirakira, Solomon Islands"
2025-02-09T11:35:06.946Z,-1.9632,128.3534,10.0,4.7,mb,"162 km NNW of Masohi, Indonesia"
2025-02-09T09:58:43.243Z,-15.5625,167.6902,122.128,4.6,mb,"56 km E of Luganville, Vanuatu"
2025-02-09T09:14:08.197Z,17.5509,-82.9082,10.0,4.8,mb,"243 km NE of Barra Patuca, Honduras"
2025-02-09T08:32:17.806Z,30.4506,142.1369,10.0,4.8,mb,"Izu Islands, Japan region"
2025-02-09T08:21:29.176Z,17.6485,-82.7748,10.0,4.6,mb,"233 km SW of George Town, Cayman Islands"
2025-02-09T03:38:59.055Z,-23.8197,-179.7415,521.696,4.6,mb,south of the Fiji Islands
2025-02-09T02:17:06.751Z,-16.2998,-73.9945,35.0,4.6,mb,"41 km WSW of Atico, Peru"
2025-02-09T01:35:15.864Z,36.4503,25.4819,10.0,4.5,mb,"5 km NE of Firá, Greece"
2025-02-08T23:51:06.304Z,17.5799,-83.1814,10.0,4.8,mb,"229 km NNE of Barra Patuca, Honduras"
2025-02-08T23:23:14.697Z,17.6506,-82.395,14.326,7.6,mww,"210 km SSW of George Town, Cayman Islands"
2025-02-08T17:44:15.746Z,45.8851,154.2764,10.0,4.6,mb,east of the Kuril Islands
2025-02-08T16:03:50.382Z,-23.617,-174.9306,10.0,4.5,mb,"252 km S of ‘Ohonua, Tonga"
2025-02-08T15:30:42.461Z,4.3955,126.6833,53.364,4.6,mb,"175 km SE of Sarangani, Philippines"
2025-02-08T10:43:43.113Z,65.2162,145.9204,10.0,5.0,mww,"146 km ENE of Ust-Nera, Russia"
2025-02-08T09:24:13.530Z,-16.1233,167.9358,169.968,5.2,mb,"55 km E of Lakatoro, Vanuatu"
2025-02-08T09:24:03.220Z,36.5093,25.534,10.0,4.6,mb,"13 km NE of Firá, Greece"
2025-02-08T09:10:06.299Z,36.5971,25.572,10.0,4.5,mb,"23 km NE of Oía, Greece"
2025-02-08T09:00:40.947Z,36.5839,25.614,10.0,4.9,mww,"24 km NE of Firá, Greece"
2025-02-08T08:36:03.940Z,36.5766,25.606,10.0,4.8,mb,"23 km NE of Firá, Greece"
2025-02-08T08:35:32.299Z,6.6689,127.2192,10.0,4.5,mb,"94 km ESE of San Ignacio, Philippines"
2025-02-08T05:00:35.551Z,-6.0081,103.2994,40.225,5.1,mb,"218 km SW of Kotabumi, Indonesia"
2025-02-08T04:44:12.553Z,7.5576,93.6213,57.805,5.2,mb,"262 km NW of Sabang, Indonesia"
2025-02-08T03:22:50.192Z,4.412,62.7674,10.0,4.5,mb,Carlsberg Ridge
2025-02-08T02:41:59.028Z,-2.8949,141.5069,37.454,4.6,mb,"32 km SE of Vanimo, Papua New Guinea"
2025-02-08T01:52:03.571Z,36.5956,25.6859,10.0,4.6,mww,"29 km NE of Firá, Greece"
2025-02-07T23:58:51.425Z,4.1174,62.6942,10.0,5.2,mww,Carlsberg Ridge
2025-02-07T23:18:08.978Z,4.0193,62.7371,10.0,4.5,mb,Carlsberg Ridge
2025-02-07T23:00:14.594Z,3.9921,62.5373,10.0,5.3,mww,Carlsberg Ridge
2025-02-07T18:32:17.359Z,-1.9355,138.9307,10.834,4.9,mww,"202 km WNW of Abepura, Indonesia"
2025-02-07T16:46:56.923Z,23.2105,120.5311,10.0,4.5,mwr,"11 km NE of Yujing, Taiwan"
2025-02-07T16:17:35.989Z,3.6861,127.8424,83.655,4.6,mb,"217 km N of Tobelo, Indonesia"
2025-02-07T16:14:58.887Z,-0.2025,-95.7538,10.0,4.5,mb,"Galapagos Islands, Ecuador region"
2025-02-07T15:19:12.809Z,38.4853,14.3824,10.0,5.2,mb,"39 km WSW of Leni, Italy"
2025-02-07T15:17:27.693Z,36.7113,25.6427,10.0,4.6,mb,"26 km WSW of Amorgós, Greece"
2025-02-07T15:16:49.568Z,36.6165,25.6204,10.0,4.6,mb,"27 km NE of Firá, Greece"
2025-02-07T13:17:32.904Z,1.2858,-83.6611,10.0,4.6,mb,off the coast of Ecuador
2025-02-07T12:55:25.705Z,43.4704,148.0348,10.0,4.5,mb,"112 km ESE of Shikotan, Russia"
2025-02-07T10:27:01.952Z,-23.9351,-176.2264,65.0,5.9,mww,south of the Fiji Islands
2025-02-07T09:57:24.008Z,9.1359,40.0897,10.0,4.8,mb,"18 km NNW of Āwash, Ethiopia"
2025-02-07T09:30:36.252Z,-31.4461,-177.7058,10.0,4.5,mb,Kermadec Islands region
2025-02-07T08:22:49.137Z,3.3821,-31.4662,10.0,4.5,mb,central Mid-Atlantic Ridge
2025-02-07T08:21:00.600Z,-14.9108,-173.2504,10.0,4.5,mb,"129 km NNE of Hihifo, Tonga"
2025-02-07T08:19:43.542Z,9.0947,40.108,10.0,4.6,mb,"13 km NNW of Āwash, Ethiopia"
2025-02-07T08:09:30.432Z,-54.2492,-120.9191,10.0,4.6,mb,southern East Pacific Rise
2025-02-07T07:30:36.462Z,-7.1453,125.1737,488.306,4.5,mb,"160 km N of Likisá, Timor Leste"
2025-02-07T07:24:41.861Z,-15.5911,-70.0892,210.048,4.9,mb,"2 km SSE of Caracoto, Peru"
2025-02-07T07:16:15.200Z,36.5924,25.6059,10.0,4.9,mww,"24 km NE of Firá, Greece"
2025-02-07T07:03:11.268Z,-15.6906,-179.6101,10.0,4.9,mb,"137 km NE of Labasa, Fiji"
2025-02-07T05:43:05.086Z,-6.0455,103.2248,27.109,4.5,mb,"223 km S of Pagar Alam, Indonesia"
2025-02-07T04:31:58.218Z,-9.7073,97.5703,21.0,5.8,mww,"southwest of Sumatra, Indonesia"
2025-02-07T03:36:01.102Z,43.2799,142.6954,160.03,4.9,mb,"25 km NNW of Shintoku, Japan"
2025-02-07T03:06:50.757Z,51.9902,-31.2597,10.0,4.5,mb,northern Mid-Atlantic Ridge
2025-02-06T21:03:22.973Z,6.7282,-73.0557,156.313,4.5,mb,"4 km E of Jordán, Colombia"
2025-02-06T20:02:33.662Z,46.661,153.1722,32.554,4.5,mb,Kuril Islands
2025-02-06T18:16:29.547Z,-16.699,-173.5731,42.584,4.5,mb,"85 km SSE of Hihifo, Tonga"
2025-02-06T17:09:56.343Z,-2.8434,141.5941,35.0,5.0,mww,"36 km ESE of Vanimo, Papua New Guinea"
2025-02-06T16:24:57.909Z,-2.8343,141.6026,26.799,5.1,mww,"37 km ESE of Vanimo, Papua New Guinea"
2025-02-06T15:43:21.263Z,-11.5591,166.1886,89.55,4.5,mb,"101 km SSE of Lata, Solomon Islands"
2025-02-06T13:16:27.647Z,4.3939,126.6197,56.008,5.2,mww,"170 km SE of Sarangani, Philippines"
2025-02-06T12:28:26.100Z,-55.6162,-28.1532,56.868,4.8,mb,South Sandwich Islands region
2025-02-06T12:05:48.817Z,50.4853,-130.0619,10.0,4.6,mwr,"211 km W of Port McNeill, Canada"
2025-02-06T10:54:48.895Z,-38.7308,-92.8792,10.0,4.6,mb,West Chile Rise
2025-02-06T07:57:45.018Z,36.554,25.638,10.0,4.5,mb,"23 km NE of Firá, Greece"
2025-02-06T05:51:47.236Z,36.5889,25.5151,10.0,4.7,mb,"18 km NE of Oía, Greece"
2025-02-06T03:23:08.406Z,36.6338,25.5307,10.0,4.6,mb,"23 km NE of Oía, Greece"
2025-02-06T02:54:48.315Z,36.3625,25.6068,10.0,4.5,mb,"14 km E of Emporeío, Greece"
2025-02-06T02:54:21.080Z,36.4859,25.6259,10.0,4.5,mb,"18 km ENE of Mesariá, Greece"
2025-02-06T02:24:23.155Z,36.6312,25.6651,10.0,4.5,mb,"30 km SW of Amorgós, Greece"
2025-02-05T22:53:38.143Z,-39.0227,-92.509,10.0,4.5,mb,southeast of Easter Island
2025-02-05T20:15:07.142Z,-19.064,-172.6997,10.0,5.0,mb,"142 km ESE of Neiafu, Tonga"
2025-02-05T19:09:38.388Z,36.6148,25.6436,10.0,5.1,mww,"28 km NE of Firá, Greece"
2025-02-05T18:40:48.477Z,-11.502,117.1893,10.0,4.7,mb,"south of Sumbawa, Indonesia"
2025-02-05T17:47:26.249Z,36.5406,25.6733,10.0,4.8,mww,"25 km ENE of Firá, Greece"
2025-02-05T17:44:13.075Z,-47.4423,-13.3306,10.0,4.5,mb,southern Mid-Atlantic Ridge
2025-02-05T16:02:52.243Z,-6.1836,130.8173,116.673,4.5,mb,"222 km WSW of Tual, Indonesia"
2025-02-05T14:18:06.783Z,-9.7717,119.6376,72.809,4.5,mb,"58 km SE of Tambolaka, Indonesia"
2025-02-05T11:33:48.303Z,36.6717,25.6831,10.0,4.5,mwr,"26 km SW of Amorgós, Greece"
2025-02-05T11:26:05.218Z,36.3957,25.5448,10.0,4.6,mb,"8 km E of Mesariá, Greece"
2025-02-05T11:17:26.723Z,36.554,25.5345,10.0,4.7,mb,"17 km NE of Oía, Greece"
2025-02-05T11:13:42.954Z,36.5331,25.7297,10.0,4.5,mb,"29 km ENE of Mesariá, Greece"
2025-02-05T11:10:57.322Z,36.6477,25.6137,10.0,4.6,mb,"29 km NE of Oía, Greece"
2025-02-05T11:10:24.486Z,36.6906,25.653,10.0,4.8,mb,"26 km SW of Amorgós, Greece"
2025-02-05T11:08:58.419Z,36.7322,25.5811,10.0,4.7,mww,"26 km E of Íos, Greece"
2025-02-05T10:50:04.183Z,-24.2851,-67.5153,212.715,4.6,mb,"121 km W of San Antonio de los Cobres, Argentina"
2025-02-05T10:49:21.760Z,-17.538,-64.1322,10.0,4.5,mb,"35 km WSW of Villa Yapacaní, Bolivia"
2025-02-05T10:35:08.773Z,36.6007,25.6274,10.0,4.8,mb,"26 km NE of Firá, Greece"
2025-02-05T10:03:40.866Z,-24.4077,-176.4684,83.238,4.5,mb,south of the Fiji Islands
2025-02-05T09:08:13.269Z,-20.2899,-69.1757,98.423,4.8,mb,"50 km E of La Tirana, Chile"
2025-02-05T08:21:34.425Z,-1.873,-78.1268,147.729,4.9,mb,"26 km SW of Palora, Ecuador"
2025-02-05T08:15:45.809Z,54.8291,-158.1972,11.8,4.7,ml,"134 km SSE of Perryville, Alaska"
2025-02-05T08:03:41.352Z,7.4306,126.8564,82.39,4.6,mb,"30 km E of Baculin, Philippines"
2025-02-05T07:17:42.101Z,-19.1915,168.7098,35.0,4.8,mb,"71 km WNW of Isangel, Vanuatu"
2025-02-05T07:01:18.108Z,13.9242,-91.5982,58.159,5.6,mww,"44 km SW of Nueva Concepción, Guatemala"
2025-02-05T03:12:30.192Z,1.6173,127.118,99.0,5.5,mww,"96 km NNW of Ternate, Indonesia"
2025-02-05T03:09:00.344Z,-35.2552,178.7176,10.0,5.0,mb,"262 km N of Hicks Bay, New Zealand"
2025-02-05T01:33:11.427Z,-22.5928,-12.8139,10.0,4.7,mb,southern Mid-Atlantic Ridge
2025-02-04T23:47:57.410Z,46.5329,153.4389,10.0,5.0,mb,Kuril Islands
2025-02-04T23:42:32.536Z,41.2296,83.7725,10.0,5.0,mb,"88 km SE of Kuqa, China"
2025-02-04T22:33:50.596Z,-15.9675,-175.1231,253.224,4.5,mb,"142 km W of Hihifo, Tonga"
2025-02-04T20:06:54.717Z,36.5433,25.7047,10.0,4.5,mb,"28 km NE of Mesariá, Greece"
2025-02-04T20:05:38.293Z,36.4771,25.7281,10.0,4.5,mb,"26 km ENE of Mesariá, Greece"
2025-02-04T20:00:23.415Z,36.5665,25.5654,10.0,4.7,mww,"20 km NE of Firá, Greece"
2025-02-04T19:32:26.180Z,53.31,-163.9454,10.0,4.6,mwr,"151 km SE of Akutan, Alaska"
2025-02-04T19:27:46.561Z,53.316,-163.9373,10.0,5.0,mww,"151 km SE of Akutan, Alaska"
2025-02-04T18:21:57.027Z,30.9335,-41.2503,10.0,5.1,mww,northern Mid-Atlantic Ridge
2025-02-04T17:42:28.891Z,-7.0226,131.0364,40.745,4.5,mb,"244 km SW of Tual, Indonesia"
2025-02-04T17:37:58.366Z,30.9609,-41.4001,10.0,5.0,mb,northern Mid-Atlantic Ridge
2025-02-04T17:18:22.574Z,-0.3808,-19.6079,10.0,4.9,mb,central Mid-Atlantic Ridge
2025-02-04T17:10:52.053Z,36.6039,25.6079,10.0,4.5,mww,"25 km NE of Firá, Greece"
2025-02-04T16:37:57.043Z,-15.1107,-172.7365,10.0,4.8,mb,"147 km NE of Hihifo, Tonga"
2025-02-04T14:17:45.523Z,28.122,52.339,10.0,4.5,mb,"82 km NW of Mohr, Iran"
2025-02-04T13:04:14.561Z,36.5558,25.6022,13.546,5.3,mww,"21 km NE of Firá, Greece"
2025-02-04T12:36:50.370Z,36.4896,25.5615,11.576,4.6,mww,"13 km ENE of Firá, Greece"
2025-02-04T09:47:43.564Z,-6.4073,105.3694,83.518,4.7,mb,"51 km W of Labuan, Indonesia"
2025-02-04T09:36:45.545Z,-5.5735,151.8696,57.4,5.1,mb,"143 km SSW of Kokopo, Papua New Guinea"
2025-02-04T09:12:21.367Z,24.6293,124.8727,35.0,4.5,mb,"17 km ESE of Tarama, Japan"
2025-02-04T09:09:30.439Z,36.6246,25.6672,11.58,4.7,mww,"30 km SW of Amorgós, Greece"
2025-02-04T09:03:18.906Z,36.5729,25.7204,7.822,4.6,mb,"30 km ENE of Firá, Greece"
2025-02-04T08:55:26.728Z,36.5417,25.6129,10.0,4.6,mb,"21 km NE of Firá, Greece"
2025-02-04T07:51:13.996Z,55.1327,-155.0395,27.6,4.6,mb,"208 km SSW of Akhiok, Alaska"
2025-02-04T07:45:13.544Z,-3.644,-79.9818,70.943,4.6,mb,"21 km S of Santa Rosa, Ecuador"
2025-02-04T06:53:24.857Z,36.5853,25.6551,10.0,4.6,mb,"27 km NE of Firá, Greece"
2025-02-04T06:09:11.943Z,36.5899,25.6465,10.0,4.7,mww,"26 km NE of Firá, Greece"
2025-02-04T05:14:13.151Z,-25.007,-70.9444,24.767,4.5,mb,"64 km NW of Taltal, Chile"
2025-02-04T03:20:21.554Z,-22.8087,-12.8878,10.0,5.0,mb,southern Mid-Atlantic Ridge
2025-02-04T02:46:06.502Z,36.6511,25.6623,10.0,5.0,mww,"29 km SW of Amorgós, Greece"
2025-02-04T01:40:33.905Z,-38.8932,-92.3973,10.0,5.7,mww,West Chile Rise
2025-02-04T01:29:10.139Z,-37.9053,-92.3815,10.0,4.5,mb,West Chile Rise
2025-02-04T00:10:06.407Z,-57.4634,-25.4376,35.0,5.0,mb,South Sandwich Islands region
2025-02-03T21:35:51.094Z,3.0383,128.2254,103.0,5.9,mww,"146 km N of Tobelo, Indonesia"
2025-02-03T21:30:47.145Z,-10.6353,120.1681,10.0,4.7,mb,"108 km S of Waingapu, Indonesia"
2025-02-03T20:39:14.773Z,36.6643,25.6754,10.0,4.6,mww,"27 km SW of Amorgós, Greece"
2025-02-03T20:19:39.012Z,36.5365,25.6279,10.0,4.9,mww,"21 km NE of Firá, Greece"
2025-02-03T20:16:26.077Z,-10.4821,120.3008,24.752,4.5,mb,"91 km S of Waingapu, Indonesia"
2025-02-03T19:14:56.872Z,28.6536,130.9358,10.0,5.4,mww,"132 km E of Tatsugō, Japan"
2025-02-03T17:44:59.393Z,36.5473,25.6076,10.0,4.7,mww,"21 km NE of Firá, Greece"
2025-02-03T13:27:28.027Z,-15.0848,-174.0044,10.0,4.6,mb,"98 km NNW of Hihifo, Tonga"
2025-02-03T13:05:04.508Z,36.6377,25.566,10.0,4.5,mb,"25 km NE of Oía, Greece"
2025-02-03T13:02:17.933Z,-22.8251,171.3889,10.0,5.5,mww,southeast of the Loyalty Islands
2025-02-03T12:17:40.723Z,36.6164,25.6564,10.0,4.9,mww,"29 km NE of Firá, Greece"
2025-02-03T11:50:48.678Z,36.6886,25.6302,10.0,4.6,mww,"28 km WSW of Amorgós, Greece"
2025-02-03T10:31:54.335Z,-20.3474,-174.7246,10.0,5.1,mb,"70 km SSW of Pangai, Tonga"
2025-02-03T09:45:05.331Z,34.5424,9.6249,10.0,4.7,mww,"20 km W of Mezzouna, Tunisia"
2025-02-03T09:29:43.117Z,36.5701,25.628,10.0,4.9,mww,"24 km NE of Firá, Greece"
2025-02-03T08:26:28.762Z,36.6341,25.669,10.0,4.9,mww,"30 km SW of Amorgós, Greece"
2025-02-03T08:20:52.172Z,-56.9289,-25.1513,10.0,4.7,mb,South Sandwich Islands region
2025-02-03T08:13:08.237Z,36.6296,25.693,9.506,5.0,mww,"28 km SW of Amorgós, Greece"
2025-02-03T08:10:15.874Z,36.6711,25.6052,8.236,4.5,mb,"29 km ESE of Íos, Greece"
2025-02-03T08:01:04.735Z,39.1246,24.1159,10.0,4.6,mwr,"21 km E of Patitírion, Greece"
2025-02-03T07:59:01.004Z,36.3514,25.6458,10.0,4.5,mb,"17 km E of Emporeío, Greece"
2025-02-03T07:56:37.037Z,53.7124,161.6768,10.0,4.5,mb,"215 km ENE of Petropavlovsk-Kamchatsky, Russia"
2025-02-03T07:50:53.529Z,36.2377,25.6352,10.0,4.5,mb,"21 km SE of Emporeío, Greece"
2025-02-03T06:36:08.672Z,65.3991,-168.3501,24.8,4.6,mww,"26 km SSW of Wales, Alaska"
2025-02-03T05:35:22.558Z,36.5653,25.5865,10.0,4.5,mb,"21 km NE of Firá, Greece"
2025-02-03T05:06:58.738Z,-15.5311,167.782,205.028,4.7,mb,"66 km E of Luganville, Vanuatu"
2025-02-03T03:37:01.619Z,-22.5335,171.5353,47.748,4.6,mb,southeast of the Loyalty Islands
2025-02-03T02:33:23.028Z,71.5903,-2.9315,10.0,4.7,mb,"220 km ENE of Olonkinbyen, Svalbard and Jan Mayen"
2025-02-02T23:54:41.798Z,36.5329,25.6191,10.0,4.5,mwr,"20 km NE of Firá, Greece"
2025-02-02T23:47:04.473Z,9.1205,137.8332,10.0,4.6,mb,"54 km SW of Colonia, Micronesia"
2025-02-02T20:14:24.520Z,36.5404,25.5038,10.0,4.5,mb,"14 km NE of Oía, Greece"
2025-02-02T20:07:41.298Z,1.1516,127.449,150.779,4.7,mb,"40 km N of Ternate, Indonesia"
2025-02-02T17:45:42.629Z,36.4975,25.5497,10.0,4.7,mww,"13 km NE of Firá, Greece"
2025-02-02T17:41:20.249Z,36.5144,25.64,10.0,4.7,mww,"21 km ENE of Firá, Greece"
2025-02-02T15:43:11.489Z,10.267,125.5373,119.531,5.0,mww,"7 km SSW of Tubajon, Philippines"
2025-02-02T13:54:17.046Z,-30.6865,-71.3921,49.159,4.7,mwr,"20 km WSW of Ovalle, Chile"
2025-02-02T13:38:43.494Z,-2.539,101.7649,149.115,4.5,mb,"67 km SE of Sungai Penuh, Indonesia"
2025-02-02T12:55:42.204Z,36.6529,25.6674,10.0,4.8,mww,"28 km SW of Amorgós, Greece"
2025-02-02T12:31:53.563Z,-21.3743,-179.2623,622.147,4.5,mb,Fiji region
2025-02-02T10:25:28.358Z,-44.4772,-79.4775,10.0,4.6,mb,"Off the coast of Aisen, Chile"
2025-02-02T08:57:00.613Z,-5.1034,152.009,65.733,4.5,mb,"88 km SSW of Kokopo, Papua New Guinea"
2025-02-02T07:37:21.126Z,-4.6762,127.0095,10.0,5.1,mb,"169 km SW of Ambon, Indonesia"
2025-02-02T07:22:05.309Z,36.6439,25.592,10.0,4.6,mww,"27 km NE of Oía, Greece"
2025-02-02T03:19:34.050Z,-23.1092,171.3369,10.0,4.6,mb,southeast of the Loyalty Islands
2025-02-02T02:05:36.400Z,2.4545,126.6379,49.555,4.5,mb,"172 km WNW of Tobelo, Indonesia"
2025-02-02T01:35:53.630Z,9.0549,40.037,10.0,4.6,mb,"16 km WNW of Āwash, Ethiopia"
2025-02-01T23:15:56.122Z,-11.7657,166.8552,28.338,4.5,mb,"163 km SE of Lata, Solomon Islands"
2025-02-01T20:27:23.465Z,-18.1185,-69.8135,131.531,4.6,mb,"41 km SSE of Palca, Peru"
2025-02-01T20:24:31.829Z,-4.4504,134.5003,10.0,4.8,mww,"163 km SW of Nabire, Indonesia"
2025-02-01T17:48:27.016Z,17.0153,-85.4461,10.0,4.9,mww,"75 km NE of Savannah Bight, Honduras"
2025-02-01T16:28:55.992Z,-31.4645,-68.7614,112.143,4.8,mb,"9 km NNW of Villa Basilio Nievas, Argentina"
2025-02-01T16:13:21.474Z,-60.1239,-27.1525,10.0,4.9,mb,South Sandwich Islands region
2025-02-01T15:25:58.079Z,-14.9521,-173.7763,35.0,4.5,mb,"110 km N of Hihifo, Tonga"
2025-02-01T13:52:28.279Z,-23.5565,-177.4062,176.786,4.8,mb,south of the Fiji Islands
2025-02-01T12:43:23.893Z,-23.0599,171.5455,10.0,4.9,mww,southeast of the Loyalty Islands
2025-02-01T12:41:00.066Z,23.9786,93.7854,58.87,4.5,mb,"41 km SSE of Churāchāndpur, India"
2025-02-01T11:27:31.041Z,-0.8286,-78.1318,10.0,4.5,mb,"37 km WNW of Archidona, Ecuador"
2025-02-01T11:05:50.660Z,-0.8167,-78.1383,10.0,4.7,mwr,"38 km WNW of Archidona, Ecuador"
2025-02-01T09:26:42.391Z,-42.2994,174.7389,10.0,4.7,mww,"106 km S of Houghton Bay, New Zealand"
2025-02-01T08:41:28.513Z,-14.3156,167.5464,173.996,4.5,mb,"48 km S of Sola, Vanuatu"
2025-02-01T06:49:23.205Z,-9.0476,158.6408,10.0,4.8,mb,"138 km WNW of Malango, Solomon Islands"
2025-02-01T02:40:01.944Z,14.4104,-92.7523,35.0,4.5,mb,"49 km SW of Puerto Madero, Mexico"
2025-02-01T00:55:23.965Z,-7.413,128.3798,124.81,4.6,mb,"195 km NE of Lospalos, Timor Leste"
2025-02-01T00:47:48.621Z,-55.9755,-27.5553,103.374,4.5,mb,South Sandwich Islands region
2025-02-01T00:40:16.806Z,-8.7303,110.2905,71.742,5.0,mww,"86 km S of Pundong, Indonesia"
2025-01-31T23:57:39.481Z,-10.4839,165.1584,49.061,4.5,mb,"74 km WNW of Lata, Solomon Islands"
2025-01-31T23:19:31.875Z,53.0906,173.3935,10.0,4.9,mb,"30 km NNE of Attu Station, Alaska"
2025-01-31T23:02:28.845Z,-0.8609,-78.0956,8.0,5.5,mww,"32 km W of Archidona, Ecuador"
2025-01-31T19:50:08.786Z,-15.6943,-172.5599,10.0,4.7,mb,"135 km ENE of Hihifo, Tonga"
2025-01-31T18:11:11.331Z,-6.7457,129.8309,164.158,4.5,mb,Banda Sea
2025-01-31T17:08:00.701Z,-10.9004,163.1009,10.0,4.5,mb,"138 km ESE of Kirakira, Solomon Islands"
2025-01-31T15:58:07.004Z,-30.7211,-177.9371,10.0,5.0,mb,"Kermadec Islands, New Zealand"
2025-01-31T14:04:02.474Z,-58.6592,-24.7268,10.0,4.7,mb,South Sandwich Islands region
2025-01-31T12:04:10.579Z,-10.5642,163.2435,10.0,5.4,mww,"145 km E of Kirakira, Solomon Islands"
2025-01-31T11:03:41.859Z,3.2918,97.1235,53.0,5.7,mww,"58 km SSE of Blangpidie, Indonesia"
2025-01-31T09:23:00.384Z,9.2635,40.0724,10.0,4.5,mb,"32 km NNW of Āwash, Ethiopia"
2025-01-31T09:22:18.315Z,9.2018,40.197,10.0,4.5,mb,"24 km N of Āwash, Ethiopia"
2025-01-31T09:10:20.551Z,25.606,125.1126,120.722,4.6,mb,"90 km NNW of Hirara, Japan"
2025-01-31T09:04:50.646Z,0.4304,-25.1449,10.0,5.7,mww,central Mid-Atlantic Ridge
2025-01-31T07:58:51.570Z,-31.0676,-178.612,10.0,4.5,mb,Kermadec Islands region
2025-01-31T07:07:57.718Z,-4.9911,102.8188,50.249,4.5,mb,"116 km SSW of Pagar Alam, Indonesia"
2025-01-31T00:19:28.808Z,27.5216,143.063,10.0,4.5,mb,"Bonin Islands, Japan region"
2025-01-31T00:08:04.358Z,-17.8275,66.1214,10.0,4.5,mb,Mauritius - Reunion region
2025-01-30T23:24:40.274Z,9.8536,-104.3665,10.0,4.6,mb,northern East Pacific Rise
2025-01-30T22:17:13.762Z,-16.7049,-69.8548,168.741,4.5,mb,"15 km WNW of Mazo Cruz, Peru"
2025-01-30T19:48:44.120Z,6.892,126.0956,76.662,4.5,mb,"4 km ENE of Manikling, Philippines"
2025-01-30T12:51:07.329Z,28.0935,52.4392,10.0,4.6,mb,"73 km NW of Mohr, Iran"
2025-01-30T10:23:23.157Z,-14.4052,34.8844,10.0,4.5,mb,"35 km S of Monkey Bay, Malawi"
2025-01-30T10:10:05.832Z,28.1303,52.3648,10.0,4.5,mb,"81 km SSW of Fīrūzābād, Iran"
2025-01-30T08:37:42.813Z,30.9468,49.2856,10.0,4.5,mb,"13 km WNW of Rāmshīr, Iran"
2025-01-30T07:16:17.282Z,23.163,120.5711,10.0,5.0,mb,"12 km ENE of Yujing, Taiwan"
2025-01-30T05:03:43.838Z,6.6984,-73.0999,160.532,4.6,mb,"3 km S of Jordán, Colombia"
2025-01-30T04:40:08.488Z,62.9564,-156.323,10.4,5.2,mww,"13 km WSW of Takotna, Alaska"
2025-01-30T04:27:58.301Z,34.0358,89.1361,10.0,4.6,mb,Xizang-Qinghai border region
2025-01-30T03:26:36.879Z,29.058,-97.846,6.8365,4.6,ml,"18 km ENE of Falls City, Texas"
2025-01-30T02:18:23.443Z,-2.8186,126.848,10.0,5.1,mb,"128 km SE of Sanana, Indonesia"
2025-01-30T02:11:53.748Z,23.1643,120.5775,10.0,5.1,mww,"12 km ENE of Yujing, Taiwan"
2025-01-29T20:03:54.894Z,-5.4804,153.5116,35.0,4.9,mb,"186 km SE of Kokopo, Papua New Guinea"
2025-01-29T16:03:16.579Z,-49.397,123.1989,10.0,4.5,mb,western Indian-Antarctic Ridge
2025-01-29T16:02:19.662Z,-49.2789,123.7046,10.0,4.5,mb,western Indian-Antarctic Ridge
2025-01-29T15:20:28.313Z,-34.7974,-179.8292,10.0,4.6,mb,south of the Kermadec Islands
2025-01-29T12:29:38.382Z,-3.2148,100.1061,11.081,4.5,mb,"143 km SSE of Tuapejat, Indonesia"
2025-01-29T04:37:29.365Z,7.5518,123.4787,10.0,4.6,mb,"11 km S of San Pablo, Philippines"
2025-01-29T04:11:21.195Z,-11.3232,-74.8156,92.443,4.8,mb,"11 km NW of Mariposa, Peru"
2025-01-29T03:51:41.987Z,-3.9655,121.7565,6.49,4.7,mb,"84 km W of Kendari, Indonesia"
2025-01-29T01:56:42.942Z,11.5018,124.2952,10.0,4.5,mb,"12 km NNW of San Isidro, Philippines"
2025-01-29T01:32:59.462Z,-53.41,-41.5824,10.0,5.2,mww,South Atlantic Ocean
2025-01-29T00:50:41.149Z,-3.9642,121.8691,10.08,5.0,mww,"71 km W of Kendari, Indonesia"
2025-01-28T21:38:35.500Z,-38.2365,46.9275,10.0,4.8,mb,Southwest Indian Ridge
2025-01-28T21:06:28.350Z,-18.5354,-173.964,38.759,5.0,mb,"13 km N of Neiafu, Tonga"
2025-01-28T20:22:52.994Z,9.1844,40.1475,10.0,4.5,mb,"22 km N of Āwash, Ethiopia"
2025-01-28T19:39:55.659Z,-41.26,-90.293,10.0,4.5,mb,southeast of Easter Island
2025-01-28T18:03:49.083Z,21.5822,143.0864,302.385,4.5,mb,Mariana Islands region
2025-01-28T17:00:09.496Z,-4.0553,121.7882,10.94,4.8,mb,"81 km W of Kendari, Indonesia"
2025-01-28T16:51:17.502Z,-31.6816,-69.0539,110.024,4.8,mww,"33 km WSW of Villa Basilio Nievas, Argentina"
2025-01-28T15:56:42.001Z,-16.0076,-173.0413,10.0,4.6,mb,"81 km E of Hihifo, Tonga"
2025-01-28T14:53:34.578Z,0.4934,121.1903,99.753,5.4,mww,"208 km W of Gorontalo, Indonesia"
2025-01-28T13:37:03.810Z,13.1524,-81.6967,10.0,4.9,mww,"42 km WSW of Mountain, Colombia"
2025-01-28T10:26:32.394Z,-40.7113,175.886,46.425,5.2,mb,"22 km NE of Kopuaranga, New Zealand"
2025-01-28T10:23:33.946Z,-30.3993,-178.067,62.824,5.2,mb,"Kermadec Islands, New Zealand"
2025-01-28T09:53:59.908Z,-33.0858,166.5558,10.0,4.9,mb,northwest of New Zealand
2025-01-28T09:09:07.080Z,2.3839,132.8529,10.0,4.6,mb,"204 km ESE of Tobi Village, Palau"
2025-01-28T07:57:41.923Z,15.5624,-93.2501,94.772,4.6,mb,"8 km NNW of El Palmarcito, Mexico"
2025-01-28T06:52:38.866Z,-28.0098,-176.486,13.0,5.8,mww,Kermadec Islands region
2025-01-28T06:49:17.727Z,-41.616,-88.5616,10.0,4.7,mb,West Chile Rise
2025-01-28T06:20:26.545Z,46.5641,145.2073,10.0,4.7,mb,"186 km E of Korsakov, Russia"
2025-01-28T05:09:28.930Z,-14.3941,-76.2983,12.355,5.0,mww,"58 km S of Paracas, Peru"
2025-01-28T04:19:38.495Z,-29.005,61.0821,10.0,4.7,mb,Southwest Indian Ridge
2025-01-28T03:02:39.025Z,11.1368,140.4254,10.0,4.6,mb,"151 km N of Fais, Micronesia"
2025-01-28T00:59:48.054Z,-41.1978,-90.224,10.0,5.6,mww,southeast of Easter Island
2025-01-28T00:29:10.021Z,-41.1647,-90.539,10.0,5.1,mww,southeast of Easter Island
2025-01-27T22:41:47.567Z,1.3315,121.828,35.0,4.6,mb,"163 km WNW of Gorontalo, Indonesia"
2025-01-27T19:48:37.629Z,-55.9121,-24.967,10.0,4.7,mb,South Sandwich Islands region
2025-01-27T19:26:05.899Z,-18.6107,-178.0631,524.55,4.6,mb,"283 km ESE of Levuka, Fiji"
2025-01-27T19:01:00.464Z,-31.3269,-177.9669,35.0,4.8,mb,Kermadec Islands region
2025-01-27T18:08:55.655Z,-5.8217,152.865,10.0,4.5,mb,"176 km SSE of Kokopo, Papua New Guinea"
2025-01-27T17:37:40.359Z,-2.5093,121.217,9.712,4.5,mb,"99 km E of Masamba, Indonesia"
2025-01-27T14:51:23.500Z,18.0413,146.0169,143.939,5.3,mww,"Pagan region, Northern Mariana Islands"
2025-01-27T13:17:55.641Z,-2.6149,141.0096,24.124,4.5,mb,"33 km WNW of Vanimo, Papua New Guinea"
2025-01-27T10:50:12.259Z,-7.2631,129.1024,125.047,4.9,mb,"270 km ENE of Lospalos, Timor Leste"
2025-01-27T09:33:37.563Z,28.6098,87.4588,10.0,4.8,mb,"97 km NE of Lobuche, Nepal"
2025-01-27T08:46:15.059Z,-27.2573,-12.9117,10.0,4.7,mb,southern Mid-Atlantic Ridge
2025-01-27T07:38:27.241Z,9.3051,40.2425,10.0,4.7,mb,"36 km NNE of Āwash, Ethiopia"
2025-01-27T06:55:03.657Z,-17.7376,168.0815,35.0,5.1,mww,"24 km W of Port-Vila, Vanuatu"
2025-01-27T06:40:43.420Z,7.3803,124.5001,399.952,4.5,mb,"9 km NW of Alamada, Philippines"
2025-01-27T05:25:04.826Z,-27.3913,-12.8145,10.0,4.6,mb,southern Mid-Atlantic Ridge
2025-01-27T05:09:21.031Z,13.3874,144.2769,158.434,4.5,mb,"41 km W of Agat Village, Guam"
2025-01-27T05:06:46.920Z,31.7886,131.7197,52.085,4.5,mb,"32 km ESE of Miyazaki, Japan"
2025-01-27T04:30:38.836Z,-50.0153,120.2141,10.0,4.6,mb,western Indian-Antarctic Ridge
2025-01-27T03:06:18.984Z,-50.043,119.9395,10.0,4.9,mb,western Indian-Antarctic Ridge
2025-01-27T01:56:30.182Z,-9.0979,160.212,86.926,4.5,mb,"6 km E of Tulagi, Solomon Islands"
2025-01-27T01:48:51.786Z,21.7201,120.3514,10.452,4.8,mb,"51 km SW of Hengchun, Taiwan"
2025-01-27T01:02:30.071Z,34.489,45.521,10.0,4.8,mww,"31 km W of Sarpol-e Z̄ahāb, Iran"
2025-01-27T00:53:05.837Z,-22.5575,172.2881,35.0,4.8,mb,southeast of the Loyalty Islands
2025-01-27T00:29:44.309Z,-7.6078,107.0464,49.37,4.5,mb,"62 km SW of Banjar, Indonesia"
2025-01-27T00:18:49.485Z,22.7251,121.0882,10.0,5.0,mb,"71 km ENE of Donggang, Taiwan"
2025-01-26T22:39:13.301Z,53.2062,-167.2003,59.0,5.6,mww,"86 km SSW of Unalaska, Alaska"
2025-01-26T22:20:11.036Z,-15.8661,-173.9984,99.65,4.5,mb,"23 km WNW of Hihifo, Tonga"
2025-01-26T21:32:51.121Z,-49.5458,125.3366,10.0,4.8,mb,western Indian-Antarctic Ridge
2025-01-26T21:22:39.188Z,-7.4257,155.9675,35.0,5.0,mb,"122 km NW of Gizo, Solomon Islands"
2025-01-26T19:22:27.664Z,-2.5306,141.3196,10.0,4.7,mb,"17 km N of Vanimo, Papua New Guinea"
2025-01-26T18:45:58.346Z,5.75,127.0098,134.526,4.6,mb,"114 km SE of Pondaguitan, Philippines"
2025-01-26T16:31:46.982Z,25.0985,125.5015,35.0,4.8,mb,"38 km NNE of Hirara, Japan"
2025-01-26T15:32:30.833Z,6.6868,-73.1248,162.148,4.5,mb,"5 km ENE of Villanueva, Colombia"
2025-01-26T14:47:58.424Z,17.0549,147.2913,35.795,4.7,mb,"261 km NE of Saipan, Northern Mariana Islands"
2025-01-26T13:52:05.948Z,-6.4153,143.5736,10.0,4.8,mb,"30 km SSW of Mendi, Papua New Guinea"
2025-01-26T13:37:31.811Z,53.1558,160.054,56.129,5.1,mww,"96 km E of Petropavlovsk-Kamchatsky, Russia"
2025-01-26T13:18:03.867Z,-56.2596,-26.9527,119.395,4.5,mb,South Sandwich Islands region
2025-01-26T11:24:00.496Z,-59.6215,-26.4654,91.382,5.2,mb,South Sandwich Islands region
2025-01-26T09:49:48.923Z,-15.0559,166.1743,10.0,4.5,mb,"96 km W of Port-Olry, Vanuatu"
2025-01-26T07:06:55.581Z,11.0943,141.647,10.0,4.7,mb,"191 km NE of Fais, Micronesia"
2025-01-26T06:13:38.139Z,-17.7001,168.0872,47.197,5.3,mww,"24 km W of Port-Vila, Vanuatu"
2025-01-26T05:57:24.552Z,-15.6329,-174.5584,170.546,4.5,mb,"89 km WNW of Hihifo, Tonga"
2025-01-25T23:38:52.789Z,23.1079,120.4471,10.0,5.2,mww,"2 km SW of Yujing, Taiwan"
2025-01-25T23:19:38.792Z,-2.9,141.717,35.0,4.6,mb,"51 km ESE of Vanimo, Papua New Guinea"
2025-01-25T22:08:49.616Z,-22.3158,172.3662,52.982,4.6,mb,southeast of the Loyalty Islands
2025-01-25T16:10:50.632Z,22.6868,120.6487,19.747,4.7,mwr,"31 km NE of Donggang, Taiwan"
2025-01-25T15:12:17.128Z,-58.6367,-22.9968,10.0,4.6,mb,South Sandwich Islands region
2025-01-25T13:00:31.148Z,23.2602,120.473,10.0,4.5,mb,"15 km N of Yujing, Taiwan"
2025-01-25T11:49:17.031Z,23.2435,120.3972,10.0,5.1,mww,"14 km NNW of Yujing, Taiwan"
2025-01-25T10:46:14.354Z,-19.1227,169.5438,253.607,4.5,mb,"53 km NNE of Isangel, Vanuatu"
2025-01-25T10:06:57.016Z,-7.0941,129.2823,164.481,4.5,mb,"297 km ENE of Lospalos, Timor Leste"
2025-01-25T06:58:18.355Z,-13.3227,-112.2079,10.0,4.5,mb,central East Pacific Rise
2025-01-25T05:36:41.391Z,43.3198,-126.786,10.0,4.7,mb,"194 km W of Bandon, Oregon"
2025-01-25T05:30:53.494Z,29.4689,102.1949,10.0,4.6,mb,"63 km SSE of Kangding, China"
2025-01-25T04:57:56.445Z,-3.5758,131.2836,10.0,4.8,mb,"133 km WSW of Fakfak, Indonesia"
2025-01-25T03:39:34.846Z,-27.5731,-72.2501,10.0,4.6,mb,"183 km NW of Vallenar, Chile"
2025-01-25T03:08:22.908Z,22.0702,144.3639,44.08,4.9,mb,"Volcano Islands, Japan region"
2025-01-24T22:01:56.548Z,23.1685,120.3988,10.0,4.5,mww,"8 km NW of Yujing, Taiwan"
2025-01-24T18:55:15.985Z,81.6013,-3.9242,10.0,4.5,mb,north of Svalbard
2025-01-24T18:26:51.860Z,-3.9381,150.7581,10.0,5.7,mww,"150 km S of Kavieng, Papua New Guinea"
2025-01-24T16:19:05.056Z,-18.0678,-69.3145,122.665,5.3,mww,"75 km ESE of Palca, Peru"
2025-01-24T16:05:17.471Z,-11.365,163.279,12.784,4.7,mb,"179 km SE of Kirakira, Solomon Islands"
2025-01-24T15:51:48.774Z,28.1876,52.457,10.0,4.7,mb,"73 km S of Fīrūzābād, Iran"
2025-01-24T13:56:53.202Z,9.1487,40.0209,10.0,4.6,mb,"24 km NW of Āwash, Ethiopia"
2025-01-24T13:54:26.703Z,9.1373,40.163,10.0,4.7,mb,"17 km N of Āwash, Ethiopia"
2025-01-24T13:37:10.911Z,-4.0588,121.8164,10.0,4.8,mww,"78 km W of Kendari, Indonesia"
2025-01-24T13:35:58.563Z,-5.2032,153.7355,53.515,4.5,mb,"188 km ESE of Kokopo, Papua New Guinea"
2025-01-24T11:18:40.801Z,23.0312,120.4255,10.976,4.8,mww,"11 km SSW of Yujing, Taiwan"
2025-01-24T10:16:18.704Z,12.6949,144.3964,35.0,4.7,mb,"69 km SSW of Merizo Village, Guam"
2025-01-24T06:27:37.733Z,-46.8387,32.854,10.0,4.9,mb,Prince Edward Islands region
2025-01-24T05:59:17.789Z,28.8632,87.5218,10.0,4.6,mb,Southern Tibetan Plateau
2025-01-24T04:26:55.449Z,-41.4878,-86.0291,10.0,5.0,mb,West Chile Rise
2025-01-24T03:30:06.508Z,30.8267,142.1121,10.0,4.5,mb,"Izu Islands, Japan region"
2025-01-24T02:54:01.526Z,-2.0187,138.9177,35.0,4.6,mb,"201 km WNW of Abepura, Indonesia"
2025-01-24T01:01:42.634Z,9.192,39.9951,10.0,4.6,mb,"29 km NW of Āwash, Ethiopia"
2025-01-23T23:01:17.060Z,-19.3661,115.1427,10.0,4.8,mb,"218 km NW of Dampier, Australia"
2025-01-23T20:03:32.613Z,13.0732,145.7334,10.0,4.5,mb,"104 km ESE of Yigo Village, Guam"
2025-01-23T19:59:28.267Z,-27.5354,-13.3928,10.0,4.9,mb,southern Mid-Atlantic Ridge
2025-01-23T19:23:36.273Z,24.6223,95.093,117.542,5.0,mb,"104 km E of Wāngjing, India"
2025-01-23T18:51:46.454Z,10.6816,125.5357,17.206,4.6,mb,"35 km N of Loreto, Philippines"
2025-01-23T16:19:28.833Z,8.9016,40.0624,10.0,4.6,mb,"14 km SW of Āwash, Ethiopia"
2025-01-23T15:04:48.944Z,53.0878,159.717,66.886,4.7,mb,"73 km E of Petropavlovsk-Kamchatsky, Russia"
2025-01-23T13:38:03.709Z,33.5256,142.3139,29.301,4.5,mb,"257 km SE of Katsuura, Japan"
2025-01-23T11:14:02.382Z,-12.7706,168.8952,598.0,5.6,mww,"190 km NE of Sola, Vanuatu"
2025-01-23T09:50:52.229Z,11.8619,142.388,35.0,4.8,mb,"292 km WSW of Merizo Village, Guam"
2025-01-23T08:23:27.245Z,-10.6283,163.9831,10.0,4.5,mb,"198 km W of Lata, Solomon Islands"
2025-01-23T06:17:43.104Z,-19.0842,169.5203,260.446,4.6,mb,"56 km NNE of Isangel, Vanuatu"
2025-01-23T05:42:13.249Z,28.1788,52.2703,10.0,4.9,mb,"79 km SSW of Fīrūzābād, Iran"
2025-01-23T05:22:53.957Z,9.0286,39.9173,10.0,5.0,mb,"14 km N of Metahāra, Ethiopia"
2025-01-23T03:45:46.693Z,36.8974,78.8055,47.385,4.5,mb,"42 km S of Zangguy, China"
2025-01-23T03:41:16.038Z,7.7025,122.2079,62.013,5.4,mww,"8 km E of Siocon, Philippines"
2025-01-23T02:18:06.458Z,8.9384,39.8248,10.0,4.5,mb,"10 km WNW of Metahāra, Ethiopia"
2025-01-23T01:56:55.712Z,14.4711,-90.5525,188.477,4.8,mb,"2 km WSW of Villa Canales, Guatemala"
2025-01-22T23:39:46.093Z,10.0899,125.1492,9.0,5.7,mww,"3 km NNW of San Francisco, Philippines"
2025-01-22T23:09:04.904Z,36.9918,139.2846,10.0,4.5,mb,"17 km N of Katashina, Japan"
2025-01-22T22:37:38.228Z,-27.5415,-13.4475,10.0,4.7,mb,southern Mid-Atlantic Ridge
2025-01-22T19:40:40.685Z,-29.6035,-177.4347,63.911,4.5,mb,"Kermadec Islands, New Zealand"
2025-01-22T19:30:53.007Z,-27.7765,-176.4304,10.0,4.6,mb,Kermadec Islands region
2025-01-22T19:06:32.823Z,11.7692,143.7395,10.0,4.7,mb,"193 km SSW of Merizo Village, Guam"
2025-01-22T18:42:00.710Z,-22.5521,-179.2497,542.558,4.6,mb,south of the Fiji Islands
2025-01-22T18:26:08.550Z,-42.0886,88.2975,10.0,5.3,mww,southeast Indian Ridge
2025-01-22T17:49:29.759Z,37.0225,139.311,10.0,4.8,mww,"20 km NNE of Katashina, Japan"
2025-01-22T15:59:39.740Z,-27.7408,-13.5034,10.0,4.6,mb,southern Mid-Atlantic Ridge
2025-01-22T13:33:26.464Z,9.6039,126.18,82.342,4.6,mb,"18 km SSE of Union, Philippines"
2025-01-22T13:26:06.880Z,51.4136,-176.5841,44.74,4.9,mww,"51 km S of Adak, Alaska"
2025-01-22T11:36:52.763Z,-53.5742,-136.1241,10.0,4.6,mb,Pacific-Antarctic Ridge
2025-01-22T10:42:53.264Z,13.4982,145.6155,49.874,4.5,mb,"78 km E of Yigo Village, Guam"
2025-01-22T09:47:50.724Z,-20.8169,168.5583,10.0,5.0,mb,"107 km NE of Tadine, New Caledonia"
2025-01-22T08:11:42.719Z,21.8765,121.4773,10.0,4.7,mww,"77 km E of Hengchun, Taiwan"
2025-01-22T00:26:12.845Z,-27.865,-13.3795,10.0,4.6,mb,southern Mid-Atlantic Ridge
2025-01-22T00:14:22.091Z,-9.8679,112.852,10.0,4.5,mb,"183 km S of Dampit, Indonesia"
2025-01-22T00:14:16.466Z,23.2471,120.5916,13.118,4.5,mb,"18 km NE of Yujing, Taiwan"
2025-01-22T00:06:59.284Z,-27.63,-13.2994,10.0,4.9,mb,southern Mid-Atlantic Ridge
2025-01-21T23:34:45.097Z,-17.7604,-178.6341,535.905,4.6,mb,"219 km E of Levuka, Fiji"
2025-01-21T22:37:14.086Z,35.4979,89.5216,10.0,4.6,mb,western Xizang
2025-01-21T22:05:38.041Z,-27.7039,-13.4588,10.0,4.6,mb,southern Mid-Atlantic Ridge
2025-01-21T21:44:48.844Z,9.1223,40.0616,10.0,5.1,mww,"19 km NW of Āwash, Ethiopia"
2025-01-21T21:12:21.747Z,-55.7633,-25.981,10.0,4.7,mb,South Sandwich Islands region
2025-01-21T21:03:20.469Z,-27.853,-13.2699,10.0,4.7,mb,southern Mid-Atlantic Ridge
2025-01-21T20:46:28.515Z,-23.8187,-179.7575,536.33,4.8,mb,south of the Fiji Islands
2025-01-21T20:38:43.257Z,39.4605,26.2965,5.618,5.0,mww,"4 km SW of Behram, Turkey"
2025-01-21T20:11:56.856Z,-27.6888,-13.4107,10.0,4.6,mb,southern Mid-Atlantic Ridge
2025-01-21T20:00:51.944Z,-3.0273,148.4775,10.0,5.3,mww,"173 km SE of Lorengau, Papua New Guinea"
2025-01-21T19:05:44.645Z,-27.6522,-13.434,10.0,4.5,mb,southern Mid-Atlantic Ridge
2025-01-21T18:52:56.457Z,-3.383,149.0355,28.382,4.6,mb,"215 km WSW of Kavieng, Papua New Guinea"
2025-01-21T18:48:21.736Z,21.4057,121.0111,11.338,5.1,mww,"71 km SSE of Hengchun, Taiwan"
2025-01-21T18:42:14.541Z,-31.4304,-178.0207,35.772,4.8,mb,Kermadec Islands region
2025-01-21T18:37:47.313Z,-27.4245,-13.2965,10.0,4.7,mb,southern Mid-Atlantic Ridge
2025-01-21T16:58:16.853Z,-21.356,-68.5821,117.181,4.7,mww,"37 km WSW of Ollagüe, Chile"
2025-01-21T13:40:17.709Z,23.3555,-108.2944,10.0,5.3,mww,"134 km ESE of La Rivera, Mexico"
2025-01-21T13:32:53.708Z,-1.2899,-24.3134,10.0,4.9,mb,central Mid-Atlantic Ridge
2025-01-21T11:55:03.769Z,52.7426,-166.6507,10.0,5.2,mww,"126 km S of Unalaska, Alaska"
2025-01-21T11:16:01.256Z,0.8653,126.5477,42.455,4.9,mb,"93 km W of Ternate, Indonesia"
2025-01-21T11:15:29.924Z,-3.7665,151.551,10.0,5.5,mww,"83 km NW of Rabaul, Papua New Guinea"
2025-01-21T10:57:24.197Z,-3.6903,151.4789,10.0,5.2,mww,"94 km NW of Rabaul, Papua New Guinea"
2025-01-21T07:25:46.687Z,-19.3987,169.4161,214.496,4.9,mb,"21 km NE of Isangel, Vanuatu"
2025-01-21T06:05:14.046Z,-27.5196,-13.4234,10.0,5.5,mww,southern Mid-Atlantic Ridge
2025-01-21T05:47:50.406Z,13.4452,144.3602,130.0,5.5,mww,"33 km WNW of Agat Village, Guam"
2025-01-21T05:36:11.488Z,-27.4672,-13.3529,10.0,5.1,mb,southern Mid-Atlantic Ridge
2025-01-21T05:29:32.264Z,-27.232,-13.309,10.0,4.9,mb,southern Mid-Atlantic Ridge
2025-01-21T05:13:36.180Z,-27.7265,-13.1569,10.0,5.2,mww,southern Mid-Atlantic Ridge
2025-01-21T04:01:39.732Z,-27.3921,-13.2977,10.0,4.8,mb,southern Mid-Atlantic Ridge
2025-01-21T03:32:22.893Z,-27.0691,-13.7318,10.0,4.6,mb,southern Mid-Atlantic Ridge
2025-01-21T02:10:40.759Z,18.5056,145.7213,179.215,4.6,mb,"Pagan region, Northern Mariana Islands"
2025-01-21T00:14:17.923Z,28.3525,87.488,10.0,4.8,mb,Southern Tibetan Plateau
2025-01-20T23:26:07.116Z,15.4897,145.7051,131.672,4.8,mb,"31 km N of Saipan, Northern Mariana Islands"
2025-01-20T21:03:11.864Z,28.3855,87.5651,10.0,5.0,mb,Southern Tibetan Plateau
2025-01-20T19:19:18.128Z,43.9425,147.9665,35.0,4.6,mb,"101 km E of Shikotan, Russia"
2025-01-20T18:14:37.084Z,38.8131,141.5197,76.386,4.6,mb,"33 km SSW of Ōfunato, Japan"
2025-01-20T17:42:31.395Z,23.1586,120.4736,10.872,4.8,mwr,"3 km NNE of Yujing, Taiwan"
2025-01-20T16:56:56.940Z,23.1837,120.4274,10.0,4.6,mb,"7 km NNW of Yujing, Taiwan"
2025-01-20T16:29:22.637Z,23.1503,120.4457,10.0,4.6,mb,"3 km NNW of Yujing, Taiwan"
2025-01-20T16:26:24.700Z,23.134,120.4374,10.0,5.1,mb,"2 km WNW of Yujing, Taiwan"
2025-01-20T16:17:26.812Z,23.1816,120.5448,16.0,6.0,mww,"10 km NE of Yujing, Taiwan"
2025-01-20T14:49:37.811Z,-23.793,-112.0023,10.0,5.3,mww,Easter Island region
2025-01-20T14:46:13.061Z,-23.9012,-111.7931,10.0,5.2,mb,Easter Island region
2025-01-20T14:39:02.124Z,-23.8399,-111.7499,10.0,4.9,mb,Easter Island region
2025-01-20T13:59:55.434Z,29.5398,104.9021,10.0,4.5,mb,"16 km WSW of Neijiang, China"
2025-01-20T11:20:36.839Z,7.4323,91.5683,10.0,5.3,mww,"Nicobar Islands, India region"
2025-01-20T10:42:58.290Z,13.9035,120.5676,100.0,5.4,mww,"6 km WSW of Talisay, Philippines"
2025-01-20T08:48:58.108Z,-11.238,165.8966,28.649,4.9,mb,"57 km S of Lata, Solomon Islands"
2025-01-20T08:38:42.816Z,-11.2826,165.8611,36.358,5.5,mww,"62 km S of Lata, Solomon Islands"
2025-01-20T07:15:38.835Z,-29.7929,-177.3753,68.291,4.5,mb,"Kermadec Islands, New Zealand"
2025-01-20T06:24:42.886Z,-1.3784,149.8834,10.0,4.5,mb,"166 km NW of Kavieng, Papua New Guinea"
2025-01-20T05:57:10.327Z,10.0412,91.6307,10.0,5.0,mb,"217 km SW of Port Blair, India"
2025-01-20T03:46:57.993Z,5.7948,126.3955,82.586,4.5,mb,"67 km SSE of Pondaguitan, Philippines"
2025-01-20T03:04:58.196Z,-2.3662,-12.2655,10.0,4.8,mb,north of Ascension Island
2025-01-20T01:54:22.258Z,-73.2204,-135.6094,10.0,4.6,mb,southern Pacific Ocean
2025-01-19T21:07:51.098Z,33.1411,102.6862,24.177,4.7,mb,"60 km ESE of Cairima, China"
2025-01-19T20:30:44.524Z,-23.7219,-111.8328,10.0,4.5,mb,Easter Island region
2025-01-19T19:45:47.207Z,-10.6739,163.9432,10.0,4.5,mb,"202 km W of Lata, Solomon Islands"
2025-01-19T17:56:44.997Z,28.3527,87.5481,10.0,4.5,mb,Southern Tibetan Plateau
2025-01-19T17:51:30.024Z,38.7,-27.2052,10.0,4.6,mb,"4 km NNW of Ribeirinha, Portugal"
2025-01-19T11:20:29.023Z,0.0558,126.7046,56.167,4.5,mb,"111 km SW of Ternate, Indonesia"
2025-01-19T10:27:23.532Z,-5.4925,147.0696,197.896,4.8,mb,"136 km N of Lae, Papua New Guinea"
2025-01-19T09:58:43.922Z,-4.9245,144.5043,113.665,4.5,mb,"107 km SSE of Angoram, Papua New Guinea"
2025-01-19T06:28:33.580Z,7.5187,-74.7977,75.464,4.5,mb,"8 km ENE of Zaragoza, Colombia"
2025-01-19T02:20:25.798Z,29.9577,50.6703,10.0,4.6,mb,"44 km NNE of Bandar-e Genāveh, Iran"
2025-01-19T00:59:17.926Z,-33.7799,-179.4102,31.706,4.9,mb,south of the Kermadec Islands
2025-01-19T00:27:33.059Z,-15.4993,167.7927,125.269,4.5,mb,"67 km E of Luganville, Vanuatu"
2025-01-18T23:15:38.446Z,-58.5247,158.36,10.0,5.0,mb,Macquarie Island region
2025-01-18T20:32:35.264Z,-19.7051,-175.1026,68.739,4.6,mb,"79 km W of Pangai, Tonga"
2025-01-18T20:01:47.716Z,24.4445,95.1109,128.424,4.5,mb,"107 km E of Wāngjing, India"
2025-01-18T19:44:18.024Z,24.9397,123.4511,10.0,5.0,mww,"69 km NE of Yonakuni, Japan"
2025-01-18T19:37:59.119Z,-2.7625,128.1023,22.723,4.6,mb,"103 km N of Ambon, Indonesia"
2025-01-18T19:31:29.159Z,24.9047,123.4363,10.0,5.0,mww,"65 km NE of Yonakuni, Japan"
2025-01-18T18:55:03.761Z,24.9767,123.5065,10.0,4.7,mww,"76 km NE of Yonakuni, Japan"
2025-01-18T18:38:53.816Z,-4.221,142.9011,113.531,4.7,mb,"9 km E of Ambunti, Papua New Guinea"
2025-01-18T18:27:09.847Z,24.966,123.5209,10.0,4.5,mb,"76 km NE of Yonakuni, Japan"
2025-01-18T16:53:59.753Z,25.0094,123.4634,10.0,4.9,mww,"76 km NE of Yonakuni, Japan"
2025-01-18T16:26:31.499Z,28.6435,87.4691,10.0,4.6,mb,Southern Tibetan Plateau
2025-01-18T16:09:04.699Z,24.9263,123.5048,10.0,4.8,mww,"72 km NE of Yonakuni, Japan"
2025-01-18T15:36:54.487Z,28.4323,87.6046,10.0,4.8,mb,Southern Tibetan Plateau
2025-01-18T13:19:21.207Z,-8.2409,119.9898,171.329,4.5,mb,"30 km NNE of Labuan Bajo, Indonesia"
2025-01-18T08:37:46.200Z,0.077,126.7355,57.508,5.1,mb,"106 km SW of Ternate, Indonesia"
2025-01-18T06:58:17.375Z,-56.479,-142.5132,10.0,4.6,mb,Pacific-Antarctic Ridge
2025-01-18T06:04:40.236Z,-20.7074,-178.7708,612.463,4.8,mb,Fiji region
2025-01-18T05:04:22.659Z,3.8315,93.6857,10.0,4.9,mb,"263 km SW of Banda Aceh, Indonesia"
2025-01-18T04:43:20.745Z,52.072,160.6323,10.0,4.6,mb,"175 km SE of Petropavlovsk-Kamchatsky, Russia"
2025-01-18T04:41:59.504Z,-34.2023,-178.8214,10.0,4.9,mb,south of the Kermadec Islands
2025-01-18T04:19:49.532Z,-33.9883,-179.0415,35.0,4.9,mb,south of the Kermadec Islands
2025-01-18T03:16:15.730Z,-5.1621,153.2456,33.352,4.6,mb,"141 km SE of Kokopo, Papua New Guinea"
2025-01-18T02:19:01.457Z,-16.364,-69.0381,235.03,4.5,mb,"13 km SSE of Yunguyo, Peru"
2025-01-18T01:55:48.361Z,-23.8225,-179.8865,539.084,4.5,mb,south of the Fiji Islands
2025-01-18T01:55:26.473Z,8.2023,-39.6644,10.0,4.6,mb,central Mid-Atlantic Ridge
2025-01-18T00:33:52.966Z,-10.4212,161.534,85.97,4.7,mb,"42 km W of Kirakira, Solomon Islands"
2025-01-18T00:00:47.931Z,-23.1791,-179.8609,538.361,4.6,mb,south of the Fiji Islands
2025-01-17T19:57:52.612Z,26.7534,128.9446,24.049,4.5,mb,"74 km SSE of China, Japan"
2025-01-17T19:28:06.006Z,12.6656,123.8852,10.0,4.5,mb,"1 km ESE of Bulan, Philippines"
2025-01-17T19:19:32.472Z,-49.9012,118.1452,10.0,4.8,mww,western Indian-Antarctic Ridge
2025-01-17T19:16:38.238Z,-33.0522,-179.5993,60.183,4.5,mb,south of the Kermadec Islands
2025-01-17T18:53:55.011Z,-8.5195,149.0378,9.858,4.5,mb,"92 km ENE of Popondetta, Papua New Guinea"
2025-01-17T18:21:56.835Z,-6.9158,154.9649,10.0,5.0,mww,"87 km SW of Panguna, Papua New Guinea"
2025-01-17T18:17:02.495Z,-6.8367,154.9286,10.0,4.7,mb,"84 km SW of Panguna, Papua New Guinea"
2025-01-17T18:15:18.889Z,-6.8352,154.7665,10.0,4.7,mb,"97 km SW of Panguna, Papua New Guinea"
2025-01-17T17:58:22.799Z,8.8566,39.9826,10.0,4.5,mb,"8 km ESE of Metahāra, Ethiopia"
2025-01-17T17:34:33.414Z,-14.8203,167.5024,137.371,4.8,mb,"52 km ENE of Port-Olry, Vanuatu"
2025-01-17T17:18:38.972Z,9.1833,39.8484,10.0,4.5,mb,"32 km NNW of Metahāra, Ethiopia"
2025-01-17T12:35:42.946Z,33.1851,141.8607,10.0,4.6,mb,"260 km SSE of Katsuura, Japan"
2025-01-17T12:04:36.371Z,8.7355,40.0771,10.0,4.5,mb,"25 km SE of Metahāra, Ethiopia"
2025-01-17T11:10:28.504Z,-4.3083,35.0327,10.0,4.6,mb,"8 km NW of Basotu, Tanzania"
2025-01-17T08:55:52.080Z,8.4942,125.8032,10.0,5.0,mb,"4 km NNE of Talacogon, Philippines"
2025-01-17T08:52:00.140Z,-38.9044,46.2984,10.0,4.9,mb,Southwest Indian Ridge
2025-01-17T07:43:54.237Z,-10.422,161.3749,79.33,4.9,mb,"59 km W of Kirakira, Solomon Islands"
2025-01-17T07:09:31.197Z,26.7972,128.9572,10.0,4.6,mb,"70 km SSE of China, Japan"
2025-01-17T05:02:55.726Z,29.4731,130.55,27.305,4.6,mb,"84 km S of Koshima, Japan"
2025-01-17T04:24:02.605Z,-10.7247,164.3779,10.0,4.9,mb,"155 km W of Lata, Solomon Islands"
2025-01-17T01:46:17.610Z,9.4483,40.0545,10.0,4.7,mb,"52 km NNW of Āwash, Ethiopia"
2025-01-17T01:35:54.960Z,7.2238,-35.4655,10.0,4.8,mb,central Mid-Atlantic Ridge
2025-01-17T01:10:39.936Z,-6.9679,155.0085,10.0,4.9,mb,"89 km SW of Panguna, Papua New Guinea"
2025-01-17T01:10:18.502Z,-25.3379,-13.7576,10.0,5.0,mb,southern Mid-Atlantic Ridge
2025-01-16T20:24:27.081Z,8.9655,40.1118,10.0,4.7,mb,"6 km WSW of Āwash, Ethiopia"
2025-01-16T19:20:53.312Z,29.6505,51.0919,10.0,4.7,mb,"43 km NNW of Borāzjān, Iran"
2025-01-16T13:27:32.356Z,-20.8697,169.2452,28.656,5.0,mww,"147 km S of Isangel, Vanuatu"
2025-01-16T13:12:33.002Z,33.6312,81.8182,10.0,4.5,mb,western Xizang
2025-01-16T12:02:14.744Z,-24.3337,-176.5757,97.85,4.9,mb,south of the Fiji Islands
2025-01-16T05:58:39.021Z,-2.8433,-11.5692,10.0,4.7,mb,north of Ascension Island
2025-01-16T05:49:59.190Z,-5.7686,70.2957,10.0,4.9,mb,Chagos Archipelago region
2025-01-16T03:44:12.516Z,-55.5293,-28.9605,10.0,4.6,mb,South Sandwich Islands region
2025-01-16T03:20:02.464Z,28.7777,87.4095,10.0,4.9,mb,Southern Tibetan Plateau
2025-01-16T02:36:52.604Z,8.6792,40.1968,10.0,4.5,mb,"33 km S of Āwash, Ethiopia"
2025-01-16T02:17:53.046Z,-19.8654,-174.714,104.997,4.6,mb,"38 km W of Pangai, Tonga"
2025-01-16T02:17:22.280Z,-6.2323,154.5656,10.0,4.5,mb,"102 km W of Panguna, Papua New Guinea"
2025-01-16T01:07:26.885Z,-3.0604,102.7701,198.437,4.6,mb,"27 km NNW of Lubuklinggau, Indonesia"
2025-01-16T00:07:26.860Z,34.6197,139.958,56.494,4.5,mb,"41 km SSE of Tateyama, Japan"
2025-01-15T22:38:22.246Z,41.5847,142.0528,55.333,4.8,mwr,"77 km ENE of Mutsu, Japan"
2025-01-15T21:37:01.080Z,-10.8585,165.9976,42.0,5.7,mww,"26 km SE of Lata, Solomon Islands"
2025-01-15T20:04:39.004Z,-22.4471,-179.1167,492.851,4.6,mb,south of the Fiji Islands
2025-01-15T19:22:02.916Z,28.7546,130.1184,35.0,4.9,mb,"60 km ENE of Tatsugō, Japan"
2025-01-15T18:03:22.759Z,11.6469,124.6543,10.0,4.9,mb,"11 km NE of Caibiran, Philippines"
2025-01-15T16:59:49.460Z,-31.088,-177.8616,10.0,4.5,mb,Kermadec Islands region
2025-01-15T16:29:19.989Z,-14.8197,-177.4209,10.0,4.5,mb,"93 km SE of Alo, Wallis and Futuna"
2025-01-15T14:12:36.806Z,45.3248,151.2967,10.0,4.9,mb,"268 km E of Kuril’sk, Russia"
2025-01-15T12:06:36.533Z,-55.7231,-29.3834,10.0,5.1,mb,South Sandwich Islands region
2025-01-15T10:05:54.831Z,5.1639,127.3268,35.0,4.5,mb,"183 km SE of Pondaguitan, Philippines"
2025-01-15T07:32:20.793Z,-17.3939,168.2086,74.892,5.0,mww,"39 km NNW of Port-Vila, Vanuatu"
2025-01-15T04:20:47.191Z,-30.5465,-178.0407,40.572,5.1,mww,"Kermadec Islands, New Zealand"
2025-01-15T03:04:21.104Z,46.3006,152.3549,56.05,4.5,mb,Kuril Islands
2025-01-15T02:08:39.540Z,-2.7914,141.5504,16.416,5.0,mb,"30 km ESE of Vanimo, Papua New Guinea"
2025-01-14T20:51:53.279Z,5.8855,126.6769,72.017,4.6,mb,"76 km SE of Pondaguitan, Philippines"
2025-01-14T19:40:24.723Z,-5.0573,149.6962,391.805,5.1,mb,"73 km NW of Kimbe, Papua New Guinea"
2025-01-14T19:02:04.457Z,7.2664,-35.4561,10.0,5.6,mww,central Mid-Atlantic Ridge
2025-01-14T17:12:39.509Z,31.7088,131.8103,37.94,5.3,mww,"43 km ENE of Nichinan, Japan"
2025-01-14T16:16:58.223Z,-8.8583,118.6246,10.548,4.7,mb,"39 km SSE of Dompu, Indonesia"
2025-01-14T14:55:56.553Z,8.7904,40.0596,10.0,5.0,mb,"19 km SE of Metahāra, Ethiopia"
2025-01-14T14:39:03.831Z,-11.4832,162.9597,10.0,4.5,mb,"160 km SE of Kirakira, Solomon Islands"
2025-01-14T14:09:23.297Z,-4.5162,-104.9945,10.0,5.2,mww,central East Pacific Rise
2025-01-14T08:05:21.537Z,64.6751,-17.4925,10.0,5.2,mww,"115 km SSE of Akureyri, Iceland"
2025-01-14T07:47:26.578Z,64.5781,-17.8871,10.0,4.5,mb,"123 km S of Akureyri, Iceland"
2025-01-14T07:38:34.297Z,45.2768,151.0184,43.118,4.5,mb,"246 km E of Kuril’sk, Russia"
2025-01-14T07:35:23.249Z,-17.7971,168.2932,19.54,4.5,mb,"7 km SSW of Port-Vila, Vanuatu"
2025-01-14T04:12:22.044Z,-16.2905,-175.4253,322.588,5.0,mb,"178 km WSW of Hihifo, Tonga"
2025-01-14T01:31:39.719Z,9.0032,39.9748,10.0,4.6,mb,"13 km NNE of Metahāra, Ethiopia"
2025-01-14T00:23:29.517Z,-20.2622,-69.2372,91.224,4.6,mb,"44 km E of La Tirana, Chile"
2025-01-13T22:48:34.256Z,-6.3287,151.0416,10.0,4.6,mb,"131 km SE of Kimbe, Papua New Guinea"
2025-01-13T22:23:31.029Z,-21.2918,-67.7803,182.978,4.5,mb,"49 km E of Ollagüe, Chile"
2025-01-13T20:50:19.577Z,74.4924,-92.6823,10.0,4.5,mb,"Devon Island, Nunavut, Canada"
2025-01-13T20:24:35.175Z,9.1389,40.0888,10.0,4.8,mb,"19 km NNW of Āwash, Ethiopia"
2025-01-13T19:36:23.029Z,27.8045,142.5722,10.0,4.5,mb,"Bonin Islands, Japan region"
2025-01-13T19:24:58.532Z,27.9836,52.3117,10.0,4.6,mb,"73 km NW of Mohr, Iran"
2025-01-13T19:00:12.835Z,-22.5074,170.7696,10.0,4.5,mb,southeast of the Loyalty Islands
2025-01-13T18:41:20.898Z,-31.7502,57.9514,10.0,4.6,mb,Southwest Indian Ridge
2025-01-13T18:36:31.670Z,11.8197,144.2964,10.0,4.6,mb,"165 km SSW of Merizo Village, Guam"
2025-01-13T17:52:08.992Z,-31.5501,57.9047,10.0,5.0,mb,Southwest Indian Ridge
2025-01-13T16:35:21.647Z,-18.1807,-178.3072,496.617,4.5,mb,"251 km E of Levuka, Fiji"
2025-01-13T16:14:57.255Z,32.0119,131.7181,40.319,5.2,mb,"24 km ESE of Takanabe, Japan"
2025-01-13T15:44:42.737Z,28.4247,87.169,10.0,4.6,mb,Southern Tibetan Plateau
2025-01-13T15:18:59.089Z,9.3083,39.9826,10.0,4.5,mb,"41 km NNW of Āwash, Ethiopia"
2025-01-13T12:58:22.257Z,28.4815,87.4058,10.0,5.1,mb,Southern Tibetan Plateau
2025-01-13T12:57:37.995Z,28.405,87.3079,10.0,5.0,mb,Southern Tibetan Plateau
2025-01-13T12:54:37.585Z,-2.8165,139.6574,51.782,5.0,mb,"111 km WSW of Abepura, Indonesia"
2025-01-13T12:35:21.580Z,31.7619,131.7658,43.566,4.5,mb,"37 km ESE of Miyazaki, Japan"
2025-01-13T12:24:06.542Z,7.1442,-35.2157,10.0,5.4,mww,central Mid-Atlantic Ridge
2025-01-13T12:19:32.252Z,31.8326,131.5525,39.0,6.8,mww,"15 km SE of Miyazaki, Japan"
2025-01-13T11:47:08.141Z,-7.5829,127.6268,138.933,4.9,mb,"124 km NNE of Lospalos, Timor Leste"
2025-01-13T11:41:09.141Z,5.5763,125.0964,37.472,5.0,mb,"23 km SW of Burias, Philippines"
2025-01-13T10:14:39.963Z,-55.5042,-26.8435,10.0,4.5,mb,South Sandwich Islands region
2025-01-13T09:41:20.794Z,-11.7557,166.0606,10.0,4.5,mb,"117 km SSE of Lata, Solomon Islands"
2025-01-13T07:08:04.121Z,-6.2425,146.9358,67.616,5.0,mww,"53 km N of Lae, Papua New Guinea"
2025-01-13T06:22:14.357Z,8.9472,39.9698,10.0,4.6,mb,"7 km NE of Metahāra, Ethiopia"
2025-01-13T03:10:23.580Z,-2.5522,138.9598,73.472,4.8,mb,"186 km W of Abepura, Indonesia"
2025-01-13T02:20:54.549Z,-2.2781,-79.7517,90.55,5.0,mww,"16 km SE of Eloy Alfaro, Ecuador"
2025-01-13T00:21:36.122Z,6.7145,123.9153,552.944,4.8,mb,"13 km W of Taguisa, Philippines"
2025-01-13T00:21:17.635Z,6.6151,123.9218,552.886,4.8,mb,"15 km NW of Bantogon, Philippines"
2025-01-13T00:19:47.641Z,6.6712,123.8527,541.546,5.4,mww,"20 km W of Taguisa, Philippines"
2025-01-12T22:21:14.125Z,28.238,142.078,35.0,4.8,mww,"Bonin Islands, Japan region"
2025-01-12T20:21:13.785Z,-10.8642,114.3781,10.0,4.5,mb,"244 km SSW of Jimbaran, Indonesia"
2025-01-12T20:05:50.224Z,62.3113,4.7823,10.0,4.5,mb,"43 km WNW of Larsnes, Norway"
2025-01-12T19:49:15.327Z,8.857,39.903,10.0,4.9,mb,"4 km SSW of Metahāra, Ethiopia"
2025-01-12T18:06:50.868Z,-31.0486,-70.2643,114.004,4.5,mb,"77 km ESE of Monte Patria, Chile"
2025-01-12T17:58:32.543Z,28.1242,139.91,407.452,4.5,mb,"Bonin Islands, Japan region"
2025-01-12T15:03:57.239Z,-17.8504,-178.4485,608.249,5.0,mb,"237 km E of Levuka, Fiji"
2025-01-12T14:49:06.382Z,44.7087,36.6362,10.0,4.5,mb,"49 km SSE of Zavetnoye, Ukraine"
2025-01-12T11:55:43.401Z,9.1322,39.9015,10.0,4.5,mb,"25 km N of Metahāra, Ethiopia"
2025-01-12T11:33:13.647Z,-32.7619,-178.4508,35.0,4.5,mb,south of the Kermadec Islands
2025-01-12T10:46:30.862Z,18.5027,-103.4487,35.0,4.9,mb,"12 km SSE of Aquila, Mexico"
2025-01-12T09:54:01.572Z,28.6622,87.4427,10.0,4.5,mb,Southern Tibetan Plateau
2025-01-12T09:18:25.533Z,18.4932,-103.3341,35.0,4.8,mb,"21 km ESE of Aquila, Mexico"
2025-01-12T09:15:57.948Z,-32.8081,-178.4274,35.0,4.6,mb,south of the Kermadec Islands
2025-01-12T08:32:49.944Z,18.5019,-103.3631,39.0,6.2,mww,"18 km SE of Aquila, Mexico"
2025-01-12T08:05:27.288Z,-12.0892,166.8079,212.199,4.6,mb,"186 km SE of Lata, Solomon Islands"
2025-01-12T07:21:47.201Z,9.0,39.7349,10.0,4.8,mb,"22 km WNW of Metahāra, Ethiopia"
2025-01-12T05:53:19.650Z,-3.9019,134.7848,10.0,4.5,mb,"99 km SW of Nabire, Indonesia"
2025-01-11T20:31:45.257Z,11.7891,125.9037,35.0,4.5,mb,"48 km E of San Julian, Philippines"
2025-01-11T20:21:15.676Z,-32.4958,-177.7964,10.0,5.0,mb,south of the Kermadec Islands
2025-01-11T20:13:28.437Z,-16.2385,-173.1676,35.0,5.1,mb,"74 km ESE of Hihifo, Tonga"
2025-01-11T18:44:38.436Z,12.0912,143.8566,11.284,4.6,mb,"157 km SW of Merizo Village, Guam"
2025-01-11T17:48:37.086Z,7.6102,126.7188,95.016,4.6,mb,"17 km ENE of Baganga, Philippines"
2025-01-11T15:19:44.936Z,9.0553,39.9906,10.0,5.2,mww,"19 km NNE of Metahāra, Ethiopia"
2025-01-11T13:46:30.904Z,-9.0651,122.3851,103.239,4.5,mb,"52 km SSE of Maumere, Indonesia"
2025-01-11T12:02:32.198Z,-4.0249,123.3807,10.0,4.6,mb,"96 km E of Kendari, Indonesia"
2025-01-11T07:51:49.299Z,13.7311,145.0762,99.185,5.0,mb,"29 km NE of Yigo Village, Guam"
2025-01-11T07:25:11.753Z,-8.7422,110.9995,65.2,4.5,mb,"95 km S of Jatiroto, Indonesia"
2025-01-11T03:33:38.566Z,15.8447,-92.3541,199.678,4.9,mb,"8 km W of Pablo L. Sidar, Mexico"
2025-01-11T02:52:45.178Z,-32.0369,138.7396,10.0,4.9,mb,"74 km ENE of Quorn, Australia"
2025-01-11T00:22:29.398Z,9.251,40.0124,10.0,4.5,mb,"34 km NNW of Āwash, Ethiopia"
2025-01-11T00:19:00.999Z,9.3085,40.0117,10.0,5.2,mww,"39 km NNW of Āwash, Ethiopia"
2025-01-10T23:58:28.499Z,9.0,40.1239,10.0,4.5,mb,"5 km WNW of Āwash, Ethiopia"
2025-01-10T23:43:15.514Z,9.4012,40.066,10.0,4.6,mb,"47 km NNW of Āwash, Ethiopia"
2025-01-10T23:42:57.414Z,9.0825,40.0564,10.0,4.6,mb,"16 km NW of Āwash, Ethiopia"
2025-01-10T23:07:10.591Z,-56.6432,-24.9224,10.0,4.5,mb,South Sandwich Islands region
2025-01-10T22:45:36.050Z,37.0674,74.7057,10.0,4.5,mb,"82 km N of Barishal, Pakistan"
2025-01-10T22:22:39.289Z,-60.415,-50.8927,10.0,4.7,mb,Scotia Sea
2025-01-10T17:48:49.160Z,41.4151,79.0607,14.385,4.5,mb,"103 km WNW of Aykol, China"
2025-01-10T15:55:20.892Z,-9.8378,154.973,10.0,4.6,mb,"281 km SW of Gizo, Solomon Islands"
2025-01-10T14:31:33.406Z,-35.9604,-102.8916,10.0,5.2,mww,southeast of Easter Island
2025-01-10T13:10:28.054Z,8.7918,39.9655,10.0,4.8,mb,"13 km SSE of Metahāra, Ethiopia"
2025-01-10T12:31:21.713Z,36.1981,111.2095,10.0,4.5,mb,"30 km WNW of Linfen, China"
2025-01-10T11:24:22.275Z,-9.6668,66.7313,10.0,4.7,mb,Mid-Indian Ridge
2025-01-10T11:11:31.080Z,0.9409,126.1383,47.401,4.5,mb,"125 km ESE of Bitung, Indonesia"
2025-01-10T10:26:30.048Z,-7.4328,128.1467,161.573,4.5,mb,"174 km NE of Lospalos, Timor Leste"
2025-01-10T09:57:50.931Z,8.9105,39.9145,10.0,4.7,mb,"1 km NNW of Metahāra, Ethiopia"
2025-01-10T08:14:32.949Z,5.9461,-77.4683,18.0,5.6,mww,"31 km SSW of Bahía Solano, Colombia"
2025-01-10T05:49:44.491Z,8.4901,126.5803,63.071,4.8,mb,"30 km ENE of Hinatuan, Philippines"
2025-01-10T05:29:31.513Z,9.2797,39.9354,10.0,4.5,mb,"41 km NW of Āwash, Ethiopia"
2025-01-10T02:02:34.494Z,9.034,40.1403,10.0,4.5,mb,"6 km NNW of Āwash, Ethiopia"
2025-01-10T01:34:40.147Z,-19.6161,-175.0999,11.931,5.3,mb,"81 km WNW of Pangai, Tonga"
2025-01-09T20:52:31.016Z,-19.0283,-69.5232,103.324,4.7,mwr,"33 km NNW of Camiña, Chile"
2025-01-09T20:10:09.713Z,-28.6262,-176.3431,10.0,4.7,mb,Kermadec Islands region
2025-01-09T19:11:11.518Z,5.7029,126.4539,155.3,4.5,mb,"78 km SSE of Pondaguitan, Philippines"
2025-01-09T16:42:14.567Z,1.6732,127.3498,10.0,4.7,mb,"73 km W of Tobelo, Indonesia"
2025-01-09T16:31:45.323Z,13.599,-89.7339,95.0,5.8,mww,"10 km E of Acajutla, El Salvador"
2025-01-09T15:22:22.434Z,-19.947,66.557,10.0,4.5,mb,Mauritius - Reunion region
2025-01-09T14:48:41.632Z,-14.3201,170.9154,623.083,4.5,mb,Vanuatu region
2025-01-09T14:35:06.650Z,-8.2435,159.2682,82.203,4.6,mb,"37 km WSW of Buala, Solomon Islands"
2025-01-09T11:18:54.949Z,-28.3377,-177.2565,40.035,4.5,mb,Kermadec Islands region
2025-01-09T10:52:34.463Z,-53.6405,139.7037,10.0,4.9,mb,west of Macquarie Island
2025-01-09T09:51:23.300Z,19.945,145.8278,67.825,4.5,mb,"Maug Islands region, Northern Mariana Islands"
2025-01-09T08:20:21.595Z,-23.4011,-114.9307,10.0,4.7,mb,Easter Island region
2025-01-09T04:38:39.259Z,9.1258,40.0863,10.0,4.5,mb,"18 km NNW of Āwash, Ethiopia"
2025-01-09T02:43:58.720Z,-18.2902,167.6443,10.0,5.0,mww,"93 km SW of Port-Vila, Vanuatu"
2025-01-09T01:23:16.984Z,9.0548,40.1678,10.0,4.6,mb,"7 km N of Āwash, Ethiopia"
2025-01-08T22:17:08.791Z,9.1666,39.9447,10.0,4.6,mb,"29 km N of Metahāra, Ethiopia"
2025-01-08T22:07:41.946Z,9.1826,40.0417,10.0,4.9,mb,"25 km NNW of Āwash, Ethiopia"
2025-01-08T21:31:26.393Z,-59.8945,-61.3142,10.0,5.3,mww,Drake Passage
2025-01-08T21:01:37.963Z,-19.3739,-173.3492,10.0,4.7,mb,"104 km SE of Neiafu, Tonga"
2025-01-08T20:58:57.082Z,53.1177,-35.0754,10.0,4.6,mb,Reykjanes Ridge
2025-01-08T20:56:14.729Z,8.8807,40.0795,10.0,4.6,mb,"14 km SW of Āwash, Ethiopia"
2025-01-08T20:30:19.542Z,-23.1684,-70.7958,23.388,4.6,mwr,"36 km WSW of Mejillones, Chile"
2025-01-08T20:16:09.195Z,53.0538,-35.1387,10.0,4.5,mb,Reykjanes Ridge
2025-01-08T20:00:07.488Z,-6.4839,-81.2579,10.0,4.5,mb,"113 km SSW of Sechura, Peru"
2025-01-08T19:15:50.293Z,36.3401,139.7143,94.286,4.5,mb,"5 km SSW of Tochigi, Japan"
2025-01-08T19:12:32.462Z,10.4626,125.2052,10.0,4.5,mb,"8 km SSE of Silago, Philippines"
2025-01-08T15:19:25.881Z,-62.4979,-158.0391,10.0,4.6,mb,Pacific-Antarctic Ridge
2025-01-08T15:05:34.588Z,-62.4423,-158.0517,10.0,4.6,mb,Pacific-Antarctic Ridge
2025-01-08T14:40:29.385Z,30.0812,131.1826,20.716,4.7,mb,"61 km ESE of Koseda, Japan"
2025-01-08T14:15:59.970Z,53.1123,-35.0308,10.0,5.0,mb,Reykjanes Ridge
2025-01-08T12:45:59.040Z,54.8175,159.8573,130.62,4.7,mb,"80 km E of Mil’kovo, Russia"
2025-01-08T12:01:22.798Z,-9.1397,158.0254,10.0,4.8,mb,"173 km SE of Gizo, Solomon Islands"
2025-01-08T08:27:36.302Z,9.0508,40.2249,10.0,4.5,mb,"9 km NE of Āwash, Ethiopia"
2025-01-08T07:44:22.866Z,34.8006,97.4685,10.0,5.5,mww,"Southern Qinghai, China"
2025-01-08T07:23:50.828Z,-44.413,-78.1001,10.0,4.6,mb,"Off the coast of Aisen, Chile"
2025-01-08T03:51:21.676Z,28.4359,87.3648,10.0,5.0,mb,Southern Tibetan Plateau
2025-01-08T01:30:03.901Z,39.8711,41.7947,10.0,4.6,mb,"16 km SE of Pasinler, Turkey"
2025-01-08T01:08:31.755Z,-6.3629,150.1026,10.0,4.5,mb,"63 km ESE of Kandrian, Papua New Guinea"
2025-01-08T00:53:28.175Z,9.0271,40.0639,10.0,5.3,mww,"12 km WNW of Āwash, Ethiopia"
2025-01-08T00:49:47.704Z,9.2331,40.0431,10.0,4.7,mb,"30 km NNW of Āwash, Ethiopia"
2025-01-07T23:12:19.930Z,-20.5959,-174.2522,35.0,4.6,mb,"87 km S of Pangai, Tonga"
2025-01-07T20:58:49.833Z,-37.3362,77.3833,10.0,4.6,mb,Mid-Indian Ridge
2025-01-07T20:12:56.803Z,-63.0063,144.7042,10.0,4.7,mb,south of Australia
2025-01-07T19:52:52.207Z,28.7108,87.3437,10.0,4.5,mb,Southern Tibetan Plateau 
2025-01-07T17:52:21.671Z,-8.2744,119.3325,10.0,5.0,mb,"38 km NNW of Komodo, Indonesia"
2025-01-07T17:23:48.611Z,24.2827,142.0996,534.482,5.3,mww,"Volcano Islands, Japan region"
2025-01-07T16:44:13.398Z,-37.5523,77.8519,15.234,4.9,mb,Mid-Indian Ridge
2025-01-07T16:38:59.524Z,-37.6508,77.9555,10.0,5.2,mww,Mid-Indian Ridge
2025-01-07T15:40:57.515Z,8.6761,39.6387,10.0,4.5,mb,"39 km SW of Metahāra, Ethiopia"
2025-01-07T13:29:35.125Z,28.5993,87.2148,10.0,4.6,mb,Southern Tibetan Plateau 
2025-01-07T13:16:06.614Z,-6.9539,129.9045,155.011,4.5,mb,Banda Sea
2025-01-07T10:19:49.396Z,27.4614,128.8171,44.053,4.5,mb,"18 km ENE of Wadomari, Japan"
2025-01-07T09:18:58.362Z,9.7888,126.0508,10.0,4.6,mb,"3 km N of Dapa, Philippines"
2025-01-07T09:06:56.835Z,-19.0501,-173.1429,10.0,4.9,mb,"98 km ESE of Neiafu, Tonga"
2025-01-07T08:31:30.553Z,31.6194,138.4289,358.0,5.6,mww,"Izu Islands, Japan region"
2025-01-07T08:25:52.992Z,8.9514,39.9514,10.0,4.9,mb,"6 km NE of Metahāra, Ethiopia"
2025-01-07T07:34:15.048Z,-5.378,151.8499,105.708,4.5,mb,"123 km SSW of Kokopo, Papua New Guinea"
2025-01-07T05:57:16.316Z,28.8918,87.5814,10.0,4.6,mb,Southern Tibetan Plateau
2025-01-07T04:15:30.187Z,-17.6376,-176.843,370.004,5.0,mb,Fiji region
2025-01-07T03:45:54.911Z,28.6558,87.3207,10.0,4.5,mb,Southern Tibetan Plateau
2025-01-07T03:37:29.214Z,-1.9216,-77.2282,161.491,4.7,mb,"85 km ESE of Palora, Ecuador"
2025-01-07T03:22:31.656Z,-11.459,125.0679,10.0,4.6,mb,"196 km SSE of Soe, Indonesia"
2025-01-07T02:47:21.934Z,41.2283,140.2823,158.63,4.8,mb,"17 km WNW of Imabetsu, Japan"
2025-01-07T02:27:38.392Z,28.3017,87.1134,10.0,4.5,mb,"49 km NE of Lobuche, Nepal"
2025-01-07T02:14:28.496Z,33.4365,87.154,10.975,4.9,mb,Tibetan Plateau
2025-01-07T02:01:06.777Z,28.7477,87.3101,10.0,4.5,mb,"101 km NNE of Lobuche, Nepal"
2025-01-07T01:59:48.239Z,28.779,87.3465,10.0,4.6,mb,Southern Tibetan Plateau
2025-01-07T01:43:49.062Z,28.3885,87.2633,10.0,4.9,mb,Southern Tibetan Plateau
2025-01-07T01:37:13.647Z,28.7969,87.2321,10.0,5.0,mb,Southern Tibetan Plateau
2025-01-07T01:31:59.676Z,28.8053,87.608,10.0,4.9,mb,Southern Tibetan Plateau
2025-01-07T01:24:25.911Z,28.4845,87.4575,10.0,5.0,mb,Southern Tibetan Plateau
2025-01-07T01:20:47.587Z,28.5147,87.1381,10.0,4.5,mb,"70 km NNE of Lobuche, Nepal"
2025-01-07T01:18:30.934Z,28.5411,87.4266,10.0,4.6,mb,"89 km NE of Lobuche, Nepal"
2025-01-07T01:17:24.736Z,28.3398,87.1798,10.0,4.7,mb,"56 km NE of Lobuche, Nepal"
2025-01-07T01:14:42.239Z,28.5282,87.356,10.0,5.2,mb,"83 km NE of Lobuche, Nepal"
2025-01-07T01:13:27.197Z,28.4421,87.4659,10.0,5.2,mb,Southern Tibetan Plateau
2025-01-07T01:10:54.880Z,28.8057,87.1343,10.0,5.2,mb,"100 km NNE of Lobuche, Nepal"
2025-01-07T01:09:13.529Z,28.7537,87.1968,10.0,5.4,mb,"96 km NNE of Lobuche, Nepal"
2025-01-07T01:05:16.734Z,28.6036,87.3781,10.0,7.1,mww,2025 Southern Tibetan Plateau Earthquake
2025-01-07T00:50:02.045Z,23.897,125.7835,10.0,4.5,mb,"109 km SSE of Miyakojima, Japan"
2025-01-06T23:22:57.513Z,9.2364,39.9932,10.0,4.5,mb,"33 km NW of Āwash, Ethiopia"
2025-01-06T21:20:45.820Z,-17.9111,167.9443,35.0,5.0,mww,"43 km WSW of Port-Vila, Vanuatu"
2025-01-06T21:18:56.009Z,-9.7605,-79.6514,10.0,4.6,mb,"138 km WSW of Chimbote, Peru"
2025-01-06T19:28:39.667Z,28.1251,52.4035,10.0,4.9,mb,"78 km NW of Mohr, Iran"
2025-01-06T17:24:06.939Z,28.2017,52.2924,10.0,4.8,mb,"76 km SSW of Fīrūzābād, Iran"
2025-01-06T17:23:55.821Z,-53.7258,-133.6692,10.0,4.6,mb,Pacific-Antarctic Ridge
2025-01-06T17:23:42.881Z,28.1788,52.2845,10.0,4.5,mb,"78 km SSW of Fīrūzābād, Iran"
2025-01-06T16:59:50.092Z,28.1592,52.3922,10.0,5.2,mww,"77 km SSW of Fīrūzābād, Iran"
2025-01-06T16:44:39.772Z,35.8134,142.081,10.0,5.1,mww,"113 km E of Hasaki, Japan"
2025-01-06T15:26:46.849Z,33.4298,87.0306,10.0,5.2,mb,Tibetan Plateau
2025-01-06T15:16:08.006Z,-23.4498,-179.7427,539.314,4.5,mb,south of the Fiji Islands
2025-01-06T12:29:34.624Z,-7.2511,129.3531,138.613,4.7,mb,"295 km ENE of Lospalos, Timor Leste"
2025-01-06T10:40:15.489Z,23.6861,141.8737,119.31,4.5,mb,"Volcano Islands, Japan region"
2025-01-06T09:47:57.085Z,37.3336,21.6338,10.0,4.9,mb,"9 km NNW of Kyparissía, Greece"
2025-01-06T08:46:56.186Z,36.5503,26.8011,150.935,4.5,mb,"25 km SSW of Kéfalos, Greece"
2025-01-06T07:34:21.777Z,26.7009,96.9229,10.0,4.5,mb,"55 km NNE of Sarupathar, India"
2025-01-06T07:17:57.855Z,36.7099,68.001,10.0,4.5,mb,"27 km E of Khulm, Afghanistan"
2025-01-06T03:59:11.131Z,33.4327,142.18,10.0,4.6,mb,"256 km SE of Katsuura, Japan"
2025-01-06T03:54:15.488Z,28.1236,57.552,10.0,4.5,mb,"119 km NNE of Mīnāb, Iran"
2025-01-06T03:24:58.390Z,19.1568,-105.0329,10.0,4.7,mww,"26 km SSW of Emiliano Zapata, Mexico"
2025-01-06T02:43:23.884Z,23.7843,122.7346,14.126,4.6,mb,"80 km SSW of Yonakuni, Japan"
2025-01-06T02:00:30.399Z,-33.7123,-14.3383,10.0,4.7,mb,southern Mid-Atlantic Ridge
2025-01-06T01:39:45.523Z,33.4017,142.1674,10.0,4.5,mb,"257 km SE of Katsuura, Japan"
2025-01-06T01:33:19.915Z,9.2419,40.0597,10.0,4.5,mb,"30 km NNW of Āwash, Ethiopia"
2025-01-06T00:52:11.514Z,-10.734,161.868,97.196,5.2,mww,"31 km S of Kirakira, Solomon Islands"
2025-01-06T00:01:19.293Z,9.2432,40.1161,10.0,4.5,mb,"29 km N of Āwash, Ethiopia"
2025-01-05T22:40:25.848Z,25.3295,142.877,10.0,4.6,mb,"Volcano Islands, Japan region"
2025-01-05T21:08:14.951Z,-19.5091,-173.0436,10.0,4.8,mb,"136 km ENE of Fangale’ounga, Tonga"
2025-01-05T21:03:54.083Z,-36.2849,177.4571,10.0,4.5,mb,"163 km ENE of Pauanui, New Zealand"
2025-01-05T21:00:22.619Z,-36.248,177.5771,10.0,4.8,mb,"163 km NNW of Hicks Bay, New Zealand"
2025-01-05T18:46:15.504Z,-37.688,179.5566,10.0,4.6,mb,"111 km E of Hicks Bay, New Zealand"
2025-01-05T17:24:43.116Z,-3.7391,151.6914,10.0,5.0,mww,"73 km NW of Rabaul, Papua New Guinea"
2025-01-05T17:18:45.784Z,13.0007,-89.1775,46.0,6.2,mww,"56 km SSE of La Libertad, El Salvador"
2025-01-05T15:37:00.655Z,41.4441,81.9288,10.0,4.5,mb,"88 km WSW of Kuqa, China"
2025-01-05T13:35:00.645Z,33.4555,142.0606,17.82,4.9,mb,"246 km SE of Katsuura, Japan"
2025-01-05T12:31:27.511Z,-57.7627,-140.8384,10.0,4.5,mb,Pacific-Antarctic Ridge
2025-01-05T12:30:15.711Z,9.2306,39.9971,10.0,4.5,mb,"33 km NW of Āwash, Ethiopia"
2025-01-05T12:22:22.982Z,8.7795,39.7366,10.0,4.5,mb,"23 km SW of Metahāra, Ethiopia"
2025-01-05T12:14:59.730Z,9.1928,39.9963,10.0,4.5,mb,"29 km NW of Āwash, Ethiopia"
2025-01-05T09:16:42.355Z,6.4682,126.5325,132.697,5.1,mww,"40 km ENE of Pondaguitan, Philippines"
2025-01-05T05:15:47.211Z,-20.9185,-178.6637,546.314,4.7,mb,Fiji region
2025-01-05T05:02:13.203Z,-17.6434,168.1179,49.503,4.9,mb,"23 km WNW of Port-Vila, Vanuatu"
2025-01-04T23:03:57.103Z,8.8475,40.0324,10.0,4.6,mb,"13 km ESE of Metahāra, Ethiopia"
2025-01-04T22:53:59.028Z,8.9228,40.0287,10.0,4.5,mb,"12 km ENE of Metahāra, Ethiopia"
2025-01-04T22:40:07.359Z,-23.3751,171.4028,10.0,4.6,mb,southeast of the Loyalty Islands
2025-01-04T22:23:37.252Z,-16.1014,167.4828,36.934,5.3,mww,"7 km E of Lakatoro, Vanuatu"
2025-01-04T20:05:45.733Z,34.634,140.884,51.23,4.6,mb,"77 km SE of Katsuura, Japan"
2025-01-04T20:05:45.606Z,9.2988,40.1365,10.0,5.0,mb,"35 km N of Āwash, Ethiopia"
2025-01-04T19:15:28.278Z,9.1525,40.0627,10.0,4.5,mb,"21 km NNW of Āwash, Ethiopia"
2025-01-04T16:36:44.435Z,8.4667,40.1183,10.0,4.9,mww,"52 km SSE of Metahāra, Ethiopia"
2025-01-04T15:55:12.268Z,-21.2211,-173.8194,10.0,4.6,mb,"118 km E of ‘Ohonua, Tonga"
2025-01-04T15:50:41.127Z,-55.9422,-27.5485,67.136,4.5,mb,South Sandwich Islands region
2025-01-04T15:29:13.504Z,9.1294,39.9723,13.097,4.6,mb,"26 km NNE of Metahāra, Ethiopia"
2025-01-04T14:51:49.837Z,-3.0587,29.2209,10.0,4.5,mb,"19 km W of Bubanza, Burundi"
2025-01-04T14:24:36.264Z,13.2345,-89.261,74.061,4.5,mb,"28 km SSE of La Libertad, El Salvador"
2025-01-04T10:59:07.242Z,45.696,151.7367,32.415,4.6,mb,Kuril Islands
2025-01-04T10:27:18.962Z,-5.132,129.5773,228.17,4.5,mb,"211 km SSE of Amahai, Indonesia"
2025-01-04T09:40:31.801Z,8.9617,40.0986,10.0,4.6,mb,"7 km WSW of Āwash, Ethiopia"
2025-01-04T08:17:24.376Z,4.5472,-76.3159,51.986,4.7,mb,"9 km WNW of El Dovio, Colombia"
2025-01-04T07:26:24.764Z,9.0796,40.0112,10.0,4.6,mb,"20 km WNW of Āwash, Ethiopia"
2025-01-04T07:00:22.734Z,9.1219,40.012,10.0,4.7,mb,"22 km NW of Āwash, Ethiopia"
2025-01-04T06:03:39.046Z,49.6256,-28.43,10.0,4.9,mww,northern Mid-Atlantic Ridge
2025-01-04T05:14:36.228Z,-4.2831,134.1734,10.0,4.5,mb,"179 km SW of Nabire, Indonesia"
2025-01-04T03:12:23.612Z,9.2309,40.1037,10.0,4.5,mb,"28 km NNW of Āwash, Ethiopia"
2025-01-04T00:52:21.078Z,9.4591,40.1219,8.0,5.7,mww,"52 km N of Āwash, Ethiopia"
2025-01-03T22:55:26.242Z,-27.9633,63.4991,10.0,5.0,mww,Southwest Indian Ridge
2025-01-03T20:46:52.068Z,21.7002,144.1308,135.202,4.5,mb,Mariana Islands region
2025-01-03T20:32:03.046Z,-15.7442,-172.3824,10.0,4.5,mb,"153 km E of Hihifo, Tonga"
2025-01-03T20:15:49.240Z,-38.3926,48.2139,10.0,4.5,mb,Southwest Indian Ridge
2025-01-03T19:41:58.189Z,-17.9178,167.7302,35.0,4.6,mb,"65 km WSW of Port-Vila, Vanuatu"
2025-01-03T17:59:54.378Z,2.3865,128.1744,140.869,4.5,mb,"75 km NNE of Tobelo, Indonesia"
2025-01-03T17:01:46.324Z,9.3575,40.3457,10.0,5.5,mww,"45 km NNE of Āwash, Ethiopia"
2025-01-03T15:56:45.188Z,-30.0077,-177.7772,74.23,4.7,mb,"Kermadec Islands, New Zealand"
2025-01-03T14:44:43.033Z,-4.8117,102.8052,63.724,4.8,mb,"99 km SSW of Pagar Alam, Indonesia"
2025-01-03T14:27:16.790Z,9.0119,39.7855,10.0,5.2,mww,"19 km NW of Metahāra, Ethiopia"
2025-01-03T13:51:02.330Z,36.4681,31.9278,10.0,4.5,mwr,"10 km SW of Alanya, Turkey"
2025-01-03T12:21:49.362Z,-17.2432,168.6136,10.0,4.5,mb,"63 km NNE of Port-Vila, Vanuatu"
2025-01-03T11:35:18.623Z,33.5039,142.2427,10.0,4.5,mb,"254 km SE of Katsuura, Japan"
2025-01-03T09:55:58.968Z,-21.7065,-68.5432,128.318,4.5,mb,"61 km SSW of Ollagüe, Chile"
2025-01-03T06:12:36.665Z,-6.8439,154.8526,10.0,4.5,mb,"91 km SW of Panguna, Papua New Guinea"
2025-01-03T04:45:19.893Z,-6.7836,154.5358,10.0,4.8,mb,"116 km WSW of Panguna, Papua New Guinea"
2025-01-03T04:34:29.300Z,10.6116,-62.6149,90.04,4.5,mb,"23 km ENE of Yaguaraparo, Venezuela"
2025-01-03T04:33:02.991Z,33.4828,142.1515,10.0,4.8,mb,"250 km SE of Katsuura, Japan"
2025-01-03T04:32:38.138Z,24.9577,95.5118,154.635,5.0,mb,"128 km SE of Phek, India"
2025-01-03T04:24:10.169Z,33.436,142.2417,10.0,4.5,mb,"259 km SE of Katsuura, Japan"
2025-01-03T04:20:43.243Z,33.443,142.1618,10.0,4.7,mb,"254 km SE of Katsuura, Japan"
2025-01-03T02:52:35.031Z,9.3289,39.9821,10.0,4.5,mb,"43 km NNW of Āwash, Ethiopia"
2025-01-03T02:33:17.419Z,-58.7696,-25.9578,86.0,5.5,mww,South Sandwich Islands region
2025-01-03T02:10:35.909Z,9.0262,40.1345,10.0,4.5,mb,"5 km NW of Āwash, Ethiopia"
2025-01-03T01:47:28.923Z,-3.7423,151.7104,10.0,5.1,mww,"71 km NW of Rabaul, Papua New Guinea"
2025-01-03T01:34:22.471Z,9.0558,40.0835,10.0,4.6,mb,"12 km NW of Āwash, Ethiopia"
2025-01-03T01:20:04.511Z,9.1005,40.1015,10.0,4.5,mb,"14 km NNW of Āwash, Ethiopia"
2025-01-03T00:55:08.465Z,-20.5147,-68.6026,135.38,4.5,mb,"86 km NNW of Ollagüe, Chile"
2025-01-03T00:18:00.801Z,9.1966,40.0185,10.0,4.5,mb,"28 km NW of Āwash, Ethiopia"
2025-01-02T22:22:48.591Z,9.1351,40.1162,10.0,4.7,mb,"17 km NNW of Āwash, Ethiopia"
2025-01-02T22:19:00.617Z,2.773,65.9899,10.0,4.5,mb,Carlsberg Ridge
2025-01-02T21:18:26.833Z,9.4426,40.2761,10.0,5.4,mww,"52 km NNE of Āwash, Ethiopia"
2025-01-02T21:13:30.892Z,-1.1012,127.4627,10.0,4.7,mb,"52 km S of Labuha, Indonesia"
2025-01-02T20:43:35.253Z,-21.7109,-69.1069,99.0,6.1,mww,"84 km NNW of Calama, Chile"
2025-01-02T19:34:37.096Z,30.6417,142.1035,10.0,4.5,mb,"Izu Islands, Japan region"
2025-01-02T17:28:58.761Z,9.0379,40.1455,10.0,4.9,mb,"6 km NNW of Āwash, Ethiopia"
2025-01-02T17:15:43.020Z,11.832,143.4054,10.0,4.7,mb,"209 km SW of Merizo Village, Guam"
2025-01-02T16:26:07.171Z,9.1272,40.0993,10.0,4.6,mb,"17 km NNW of Āwash, Ethiopia"
2025-01-02T15:57:07.193Z,-3.9094,151.6398,19.054,5.0,mww,"66 km WNW of Rabaul, Papua New Guinea"
2025-01-02T15:30:59.804Z,9.1242,40.0443,10.0,4.5,mb,"20 km NW of Āwash, Ethiopia"
2025-01-02T10:17:39.645Z,8.8432,39.9997,10.0,4.5,mb,"11 km SE of Metahāra, Ethiopia"
2025-01-02T10:02:54.694Z,9.1608,39.8235,10.0,4.5,mb,"30 km NNW of Metahāra, Ethiopia"
2025-01-02T08:43:31.668Z,38.5811,106.0888,10.0,4.8,mb,"13 km SW of Nanliang Nongchang, China"
2025-01-02T07:41:30.364Z,9.2824,40.1383,10.0,5.1,mww,"33 km N of Āwash, Ethiopia"
2025-01-02T07:06:39.333Z,-3.7199,151.7189,10.0,5.4,mww,"72 km NW of Rabaul, Papua New Guinea"
2025-01-02T06:09:04.775Z,-24.3527,-66.9032,166.879,4.9,mb,"61 km WSW of San Antonio de los Cobres, Argentina"
2025-01-02T05:48:08.003Z,-3.8528,151.6836,7.888,4.6,mb,"65 km NW of Rabaul, Papua New Guinea"
2025-01-02T05:32:23.434Z,-0.2006,125.1945,56.271,5.1,mb,"110 km SE of Modisi, Indonesia"
2025-01-02T04:40:49.295Z,44.0298,81.0652,10.0,4.5,mb,"15 km E of Huocheng, China"
2025-01-02T02:54:17.931Z,-62.3342,155.7048,10.0,5.5,mww,Balleny Islands region
2025-01-02T02:34:04.660Z,38.8455,-122.75633333333,1.42,4.65,mw,"4 km NW of Cobb, CA"
2025-01-02T02:01:17.200Z,38.5149,106.2362,10.0,4.8,mww,"6 km NNW of Yinchuan, China"
2025-01-02T01:59:25.818Z,-36.0591,52.6219,10.0,4.6,mb,Southwest Indian Ridge
2025-01-02T01:46:35.589Z,8.9591,40.0113,10.0,4.5,mb,"12 km ENE of Metahāra, Ethiopia"
2025-01-02T01:14:52.554Z,-18.6531,-174.4923,123.894,4.9,mb,"53 km W of Neiafu, Tonga"
2025-01-02T01:11:04.639Z,-21.3225,-173.8784,10.0,5.1,mb,"111 km E of ‘Ohonua, Tonga"
2025-01-01T22:55:44.430Z,-16.9313,167.2988,11.248,4.5,mb,"92 km S of Lakatoro, Vanuatu"
2025-01-01T21:27:41.595Z,-42.4343,-16.0574,10.0,5.2,mb,southern Mid-Atlantic Ridge
2025-01-01T18:39:33.615Z,11.757,125.9354,10.0,4.6,mb,"52 km E of San Julian, Philippines"
2025-01-01T18:34:29.511Z,-1.0739,127.3492,10.0,4.5,mb,"51 km SSW of Labuha, Indonesia"
2025-01-01T18:32:01.507Z,-13.2362,-74.8856,85.033,4.5,mb,"16 km NE of Pilpichaca, Peru"
2025-01-01T18:27:51.182Z,-36.1244,-100.6636,10.0,5.3,mww,southeast of Easter Island
2025-01-01T15:26:08.391Z,9.1006,39.9902,10.0,4.8,mb,"23 km WNW of Āwash, Ethiopia"
2025-01-01T15:08:16.657Z,8.3761,39.9585,10.0,4.6,mb,"52 km E of Sīrē, Ethiopia"
2025-01-01T15:08:00.601Z,8.834,39.9505,10.0,4.6,mb,"8 km SSE of Metahāra, Ethiopia"
2025-01-01T14:38:36.154Z,8.7032,40.1861,10.0,4.6,mb,"31 km S of Āwash, Ethiopia"
2025-01-01T13:48:24.752Z,-56.4095,-26.7059,70.0,6.1,mww,South Sandwich Islands region
2025-01-01T12:48:35.826Z,-3.9248,151.5707,10.0,4.7,mb,"72 km WNW of Rabaul, Papua New Guinea"
2025-01-01T12:37:08.011Z,-3.7629,151.5692,10.0,4.9,mb,"81 km NW of Rabaul, Papua New Guinea"
2025-01-01T12:26:22.490Z,-3.7219,151.6971,10.0,5.1,mww,"74 km NW of Rabaul, Papua New Guinea"
2025-01-01T10:18:01.253Z,-56.16,-27.424,134.294,4.7,mb,South Sandwich Islands region
2025-01-01T09:56:05.454Z,9.1468,40.0226,10.0,4.6,mb,"24 km NW of Āwash, Ethiopia"
2025-01-01T09:39:42.334Z,-3.8338,151.7147,10.0,5.0,mww,"64 km NW of Rabaul, Papua New Guinea"
2025-01-01T09:09:01.697Z,-32.4128,-69.7916,118.551,4.5,mb,"88 km ENE of Los Andes, Chile"
2025-01-01T08:09:47.701Z,9.0855,40.0976,10.0,5.0,mww,"13 km NW of Āwash, Ethiopia"
2025-01-01T07:54:19.164Z,45.4911,150.0533,87.946,4.7,mb,"172 km E of Kuril’sk, Russia"
2025-01-01T07:05:53.402Z,-3.7324,151.6794,10.0,4.9,mb,"74 km NW of Rabaul, Papua New Guinea"
2025-01-01T04:59:10.638Z,7.3329,-35.408,10.0,4.5,mb,central Mid-Atlantic Ridge
2025-01-01T04:39:18.208Z,-20.9273,169.3819,22.0,5.5,mww,"153 km S of Isangel, Vanuatu"
2025-01-01T04:37:23.062Z,-17.641,168.1721,91.003,4.8,mb,"18 km NW of Port-Vila, Vanuatu"
2025-01-01T04:28:16.938Z,-3.9182,151.5333,10.0,4.6,mb,"76 km WNW of Rabaul, Papua New Guinea"
2025-01-01T04:02:34.870Z,25.3453,125.9508,47.164,4.5,mb,"88 km NE of Hirara, Japan"
2025-01-01T03:58:24.839Z,-19.9201,67.2731,10.0,4.7,mb,Mid-Indian Ridge
2025-01-01T03:56:39.832Z,-23.0291,-66.6081,208.974,4.9,mww,"97 km WNW of El Aguilar, Argentina"
2025-01-01T03:27:56.593Z,9.1629,40.0071,10.0,4.5,mb,"26 km NW of Āwash, Ethiopia"
2025-01-01T02:00:06.918Z,-3.8521,151.6207,10.0,4.5,mb,"71 km WNW of Rabaul, Papua New Guinea"
2025-01-01T01:46:59.538Z,-3.8682,151.6536,10.0,4.7,mb,"67 km WNW of Rabaul, Papua New Guinea"
